biosample_id,biosample_name,raw_data_identifier,material_processing_protocol_id,processedsample_placeholder,match_confidence
nmdc:bsm-11-xjd8t932,EMSL 1 ABBY_A_PRE_NotGr_NA_NA,Miesel_60009_01_ABBY_A_PRE_H2O_SPE_r1_26Jan23_Alder_300SA_IATp03_9009.d,ALL,ProcessedSample6_NOM,high
nmdc:bsm-11-xjd8t932,EMSL 1 ABBY_A_PRE_NotGr_NA_NA,Miesel_60009_01_ABBY_A_PRE_H2O_SPE_r2_28Jan23_Fir_300SA_IATp03_9113.d,ALL,ProcessedSample6_NOM,high
nmdc:bsm-11-xjd8t932,EMSL 1 ABBY_A_PRE_NotGr_NA_NA,Miesel_60009_01_ABBY_A_PRE_Met_SPE_r1_300SA_IATp03_9286.d,ALL,ProcessedSample7_NOM,high
nmdc:bsm-11-xjd8t932,EMSL 1 ABBY_A_PRE_NotGr_NA_NA,Miesel_60009_01_ABBY_A_PRE_Met_SPE_r2_300SA_IATp03_9559.d,ALL,ProcessedSample7_NOM,high
nmdc:bsm-11-pmcm6s22,EMSL 2 BARR_Oaf_PRE_NotGr_NA_NA,Miesel_60009_02_BARR_Oaf_PRE_H2O_SPE_r1_26Jan23_Alder_300SA_IATp03_9049.d,ALL,ProcessedSample6_NOM,high
nmdc:bsm-11-pmcm6s22,EMSL 2 BARR_Oaf_PRE_NotGr_NA_NA,Miesel_60009_02_BARR_Oaf_PRE_H2O_SPE_r2_28Jan23_Fir_300SA_IATp03_9119.d,ALL,ProcessedSample6_NOM,high
nmdc:bsm-11-pmcm6s22,EMSL 2 BARR_Oaf_PRE_NotGr_NA_NA,Miesel_60009_02_BARR_Oaf_PRE_Met_SPE_r1_300SA_IATp03_9274.d,ALL,ProcessedSample7_NOM,high
nmdc:bsm-11-pmcm6s22,EMSL 2 BARR_Oaf_PRE_NotGr_NA_NA,Miesel_60009_02_BARR_Oaf_PRE_Met_SPE_r2_300SA_IATp03_9608.d,ALL,ProcessedSample7_NOM,high
nmdc:bsm-11-dgpxax84,EMSL 3 BLAN_Ap1_PRE_NotGr_NA_NA,Miesel_60009_03_BLAN_Ap1_PRE_H2O_SPE_r1_26Jan23_Alder_300SA_IATp03_9027.d,ALL,ProcessedSample6_NOM,high
nmdc:bsm-11-dgpxax84,EMSL 3 BLAN_Ap1_PRE_NotGr_NA_NA,Miesel_60009_03_BLAN_Ap1_PRE_H2O_SPE_r2_28Jan23_Alder_300SA_IATp03_9092.d,ALL,ProcessedSample6_NOM,high
nmdc:bsm-11-dgpxax84,EMSL 3 BLAN_Ap1_PRE_NotGr_NA_NA,Miesel_60009_03_BLAN_Ap1_PRE_Met_SPE_r1_300SA_IATp03_9247.d,ALL,ProcessedSample7_NOM,high
nmdc:bsm-11-dgpxax84,EMSL 3 BLAN_Ap1_PRE_NotGr_NA_NA,Miesel_60009_03_BLAN_Ap1_PRE_Met_SPE_r2_300SA_IATp03_9556.d,ALL,ProcessedSample7_NOM,high
nmdc:bsm-11-447q1c62,EMSL 4 BONA_Oea_PRE_NotGr_NA_NA,Miesel_60009_04_BONA_Oea_PRE_H2O_SPE_r1_26Jan23_Alder_300SA_IATp03_9004.d,ALL,ProcessedSample6_NOM,high
nmdc:bsm-11-447q1c62,EMSL 4 BONA_Oea_PRE_NotGr_NA_NA,Miesel_60009_04_BONA_Oea_PRE_H2O_SPE_r2_28Jan23_Alder_300SA_IATp03_9103.d,ALL,ProcessedSample6_NOM,high
nmdc:bsm-11-447q1c62,EMSL 4 BONA_Oea_PRE_NotGr_NA_NA,Miesel_60009_04_BONA_Oea_PRE_Met_SPE_r1_300SA_IATp03_9250.d,ALL,ProcessedSample7_NOM,high
nmdc:bsm-11-447q1c62,EMSL 4 BONA_Oea_PRE_NotGr_NA_NA,Miesel_60009_04_BONA_Oea_PRE_Met_SPE_r2_300SA_IATp03_9596.d,ALL,ProcessedSample7_NOM,high
nmdc:bsm-11-hb183j67,EMSL 5 CLBJ_A1_PRE_NotGr_NA_NA,Miesel_60009_05_CLBJ_A1_PRE_H2O_SPE_r1_26Jan23_Alder_300SA_IATp03_9013.d,ALL,ProcessedSample6_NOM,high
nmdc:bsm-11-hb183j67,EMSL 5 CLBJ_A1_PRE_NotGr_NA_NA,Miesel_60009_05_CLBJ_A1_PRE_H2O_SPE_r2_28Jan23_Fir_300SA_IATp03_9150.d,ALL,ProcessedSample6_NOM,high
nmdc:bsm-11-hb183j67,EMSL 5 CLBJ_A1_PRE_NotGr_NA_NA,Miesel_60009_05_CLBJ_A1_PRE_Met_SPE_r1_30Jan23_Fir_300SA_IATp03_9238.d,ALL,ProcessedSample7_NOM,high
nmdc:bsm-11-hb183j67,EMSL 5 CLBJ_A1_PRE_NotGr_NA_NA,Miesel_60009_05_CLBJ_A1_PRE_Met_SPE_r2_300SA_IATp03_9621.d,ALL,ProcessedSample7_NOM,high
nmdc:bsm-11-kfxsah36,EMSL 6 CPER_A1_PRE_NotGr_NA_NA,Miesel_60009_06_CPER_A1_PRE_H2O_SPE_r1_26Jan23_Alder_300SA_IATp03_9025.d,ALL,ProcessedSample6_NOM,high
nmdc:bsm-11-kfxsah36,EMSL 6 CPER_A1_PRE_NotGr_NA_NA,Miesel_60009_06_CPER_A1_PRE_H2O_SPE_r2_28Jan23_Fir_300SA_IATp03_9120.d,ALL,ProcessedSample6_NOM,high
nmdc:bsm-11-kfxsah36,EMSL 6 CPER_A1_PRE_NotGr_NA_NA,Miesel_60009_06_CPER_A1_PRE_Met_SPE_r1_300SA_IATp03_9249.d,ALL,ProcessedSample7_NOM,high
nmdc:bsm-11-kfxsah36,EMSL 6 CPER_A1_PRE_NotGr_NA_NA,Miesel_60009_06_CPER_A1_PRE_Met_SPE_r2_300SA_IATp03_9555.d,ALL,ProcessedSample7_NOM,high
nmdc:bsm-11-jv4z8645,EMSL 7 DCFS_A1_PRE_NotGr_NA_NA,Miesel_60009_07_DCFS_A1_PRE_H2O_SPE_r1_26Jan23_Alder_300SA_IATp03_8987.d,ALL,ProcessedSample6_NOM,high
nmdc:bsm-11-jv4z8645,EMSL 7 DCFS_A1_PRE_NotGr_NA_NA,Miesel_60009_07_DCFS_A1_PRE_H2O_SPE_r2_28Jan23_Fir_300SA_IATp03_9121.d,ALL,ProcessedSample6_NOM,high
nmdc:bsm-11-jv4z8645,EMSL 7 DCFS_A1_PRE_NotGr_NA_NA,Miesel_60009_07_DCFS_A1_PRE_Met_SPE_r1_300SA_IATp03_9255.d,ALL,ProcessedSample7_NOM,high
nmdc:bsm-11-jv4z8645,EMSL 7 DCFS_A1_PRE_NotGr_NA_NA,Miesel_60009_07_DCFS_A1_PRE_Met_SPE_r2_300SA_IATp03_9588.d,ALL,ProcessedSample7_NOM,high
nmdc:bsm-11-2a214q05,EMSL 8 DELA_A_PRE_NotGr_NA_NA,Miesel_60009_08_DELA_A_PRE_H2O_SPE_r1_26Jan23_Alder_300SA_IATp03_9016.d,ALL,ProcessedSample6_NOM,high
nmdc:bsm-11-2a214q05,EMSL 8 DELA_A_PRE_NotGr_NA_NA,Miesel_60009_08_DELA_A_PRE_H2O_SPE_r2_28Jan23_Alder_300SA_IATp03_9087.d,ALL,ProcessedSample6_NOM,high
nmdc:bsm-11-2a214q05,EMSL 8 DELA_A_PRE_NotGr_NA_NA,Miesel_60009_08_DELA_A_PRE_Met_SPE_r1_300SA_IATp03_9246.d,ALL,ProcessedSample7_NOM,high
nmdc:bsm-11-2a214q05,EMSL 8 DELA_A_PRE_NotGr_NA_NA,Miesel_60009_08_DELA_A_PRE_Met_SPE_r2_300SA_IATp03_9580.d,ALL,ProcessedSample7_NOM,high
nmdc:bsm-11-1fcma647,EMSL 9 DSNY_A_PRE_NotGr_NA_NA,Miesel_60009_09_DSNY_A_PRE_H2O_SPE_r1_26Jan23_Alder_300SA_IATp03_9006.d,ALL,ProcessedSample6_NOM,high
nmdc:bsm-11-1fcma647,EMSL 9 DSNY_A_PRE_NotGr_NA_NA,Miesel_60009_09_DSNY_A_PRE_H2O_SPE_r2_28Jan23_Alder_300SA_IATp03_9100.d,ALL,ProcessedSample6_NOM,high
nmdc:bsm-11-1fcma647,EMSL 9 DSNY_A_PRE_NotGr_NA_NA,Miesel_60009_09_DSNY_A_PRE_Met_SPE_r1_300SA_IATp03_9248.d,ALL,ProcessedSample7_NOM,high
nmdc:bsm-11-1fcma647,EMSL 9 DSNY_A_PRE_NotGr_NA_NA,Miesel_60009_09_DSNY_A_PRE_Met_SPE_r2_300SA_IATp03_9625.d,ALL,ProcessedSample7_NOM,high
nmdc:bsm-11-v9wwsa76,EMSL 10 GRSM_A_PRE_NotGr_NA_NA,Miesel_60009_10_GRSM_A_PRE_H2O_SPE_r1_26Jan23_Alder_300SA_IATp03_9050.d,ALL,ProcessedSample6_NOM,high
nmdc:bsm-11-v9wwsa76,EMSL 10 GRSM_A_PRE_NotGr_NA_NA,Miesel_60009_10_GRSM_A_PRE_H2O_SPE_r2_28Jan23_Fir_300SA_IATp03_9114.d,ALL,ProcessedSample6_NOM,high
nmdc:bsm-11-v9wwsa76,EMSL 10 GRSM_A_PRE_NotGr_NA_NA,Miesel_60009_10_GRSM_A_PRE_Met_SPE_r1_30Jan23_Fir_300SA_IATp03_9180.d,ALL,ProcessedSample7_NOM,high
nmdc:bsm-11-v9wwsa76,EMSL 10 GRSM_A_PRE_NotGr_NA_NA,Miesel_60009_10_GRSM_A_PRE_Met_SPE_r2_300SA_IATp03_9560.d,ALL,ProcessedSample7_NOM,high
nmdc:bsm-11-57n0am19,EMSL 11 HEAL_Oae_PRE_NotGr_NA_NA,Miesel_60009_11_HEAL_Oae_PRE_H2O_SPE_r1_26Jan23_Alder_300SA_IATp03_8999.d,ALL,ProcessedSample6_NOM,high
nmdc:bsm-11-57n0am19,EMSL 11 HEAL_Oae_PRE_NotGr_NA_NA,Miesel_60009_11_HEAL_Oae_PRE_H2O_SPE_r2_28Jan23_Alder_300SA_IATp03_9093.d,ALL,ProcessedSample6_NOM,high
nmdc:bsm-11-57n0am19,EMSL 11 HEAL_Oae_PRE_NotGr_NA_NA,Miesel_60009_11_HEAL_Oae_PRE_Met_SPE_r1_300SA_IATp03_9285.d,ALL,ProcessedSample7_NOM,high
nmdc:bsm-11-57n0am19,EMSL 11 HEAL_Oae_PRE_NotGr_NA_NA,Miesel_60009_11_HEAL_Oae_PRE_Met_SPE_r2_300SA_IATp03_9631.d,ALL,ProcessedSample7_NOM,high
nmdc:bsm-11-x6051v50,EMSL 12 JORN_Ak_PRE_NotGr_NA_NA,Miesel_60009_12_JORN_Ak_PRE_H2O_SPE_r1_26Jan23_Alder_300SA_IATp03_9062.d,ALL,ProcessedSample6_NOM,high
nmdc:bsm-11-x6051v50,EMSL 12 JORN_Ak_PRE_NotGr_NA_NA,Miesel_60009_12_JORN_Ak_PRE_H2O_SPE_r2_28Jan23_Fir_300SA_IATp03_9147.d,ALL,ProcessedSample6_NOM,high
nmdc:bsm-11-x6051v50,EMSL 12 JORN_Ak_PRE_NotGr_NA_NA,Miesel_60009_12_JORN_Ak_PRE_Met_SPE_r1_300SA_IATp03_9273.d,ALL,ProcessedSample7_NOM,high
nmdc:bsm-11-x6051v50,EMSL 12 JORN_Ak_PRE_NotGr_NA_NA,Miesel_60009_12_JORN_Ak_PRE_Met_SPE_r2_300SA_IATp03_9610.d,ALL,ProcessedSample7_NOM,high
nmdc:bsm-11-czpa0a23,EMSL 13 KONZ_A1_PRE_NotGr_NA_NA,Miesel_60009_13_KONZ_A1_PRE_H2O_SPE_r1_26Jan23_Alder_300SA_IATp03_9070.d,ALL,ProcessedSample6_NOM,high
nmdc:bsm-11-czpa0a23,EMSL 13 KONZ_A1_PRE_NotGr_NA_NA,Miesel_60009_13_KONZ_A1_PRE_H2O_SPE_r2_28Jan23_Alder_300SA_IATp03_9091.d,ALL,ProcessedSample6_NOM,high
nmdc:bsm-11-czpa0a23,EMSL 13 KONZ_A1_PRE_NotGr_NA_NA,Miesel_60009_13_KONZ_A1_PRE_Met_SPE_r1_300SA_IATp03_9289.d,ALL,ProcessedSample7_NOM,high
nmdc:bsm-11-czpa0a23,EMSL 13 KONZ_A1_PRE_NotGr_NA_NA,Miesel_60009_13_KONZ_A1_PRE_Met_SPE_r2_300SA_IATp03_9593.d,ALL,ProcessedSample7_NOM,high
nmdc:bsm-11-kypvs876,EMSL 14 MLBS_A_PRE_NotGr_NA_NA,Miesel_60009_14_MLBS_A_PRE_H2O_SPE_r1_26Jan23_Alder_300SA_IATp03_9071.d,ALL,ProcessedSample6_NOM,high
nmdc:bsm-11-kypvs876,EMSL 14 MLBS_A_PRE_NotGr_NA_NA,Miesel_60009_14_MLBS_A_PRE_H2O_SPE_r2_28Jan23_Fir_300SA_IATp03_9128.d,ALL,ProcessedSample6_NOM,high
nmdc:bsm-11-kypvs876,EMSL 14 MLBS_A_PRE_NotGr_NA_NA,Miesel_60009_14_MLBS_A_PRE_Met_SPE_r1_30Jan23_Fir_300SA_IATp03_9173.d,ALL,ProcessedSample7_NOM,high
nmdc:bsm-11-kypvs876,EMSL 14 MLBS_A_PRE_NotGr_NA_NA,Miesel_60009_14_MLBS_A_PRE_Met_SPE_r2_300SA_IATp03_9628.d,ALL,ProcessedSample7_NOM,high
nmdc:bsm-11-37ythp65,EMSL 15 MOAB_A_PRE_NotGr_NA_NA,Miesel_60009_15_MOAB_A_PRE_H2O_SPE_r1_26Jan23_Alder_300SA_IATp03_9018.d,ALL,ProcessedSample6_NOM,high
nmdc:bsm-11-37ythp65,EMSL 15 MOAB_A_PRE_NotGr_NA_NA,Miesel_60009_15_MOAB_A_PRE_H2O_SPE_r2_28Jan23_Alder_300SA_IATp03_9079.d,ALL,ProcessedSample6_NOM,high
nmdc:bsm-11-37ythp65,EMSL 15 MOAB_A_PRE_NotGr_NA_NA,Miesel_60009_15_MOAB_A_PRE_Met_SPE_r1_300SA_IATp03_9262.d,ALL,ProcessedSample7_NOM,high
nmdc:bsm-11-37ythp65,EMSL 15 MOAB_A_PRE_NotGr_NA_NA,Miesel_60009_15_MOAB_A_PRE_Met_SPE_r2_300SA_IATp03_9643.d,ALL,ProcessedSample7_NOM,high
nmdc:bsm-11-z2299p05,EMSL 16 NGPR_A_PRE_NotGr_NA_NA,Miesel_60009_16_NGPR_A_PRE_H2O_SPE_r1_26Jan23_Alder_300SA_IATp03_9022.d,ALL,ProcessedSample6_NOM,high
nmdc:bsm-11-z2299p05,EMSL 16 NGPR_A_PRE_NotGr_NA_NA,Miesel_60009_16_NGPR_A_PRE_H2O_SPE_r2_28Jan23_Fir_300SA_IATp03_9160.d,ALL,ProcessedSample6_NOM,high
nmdc:bsm-11-z2299p05,EMSL 16 NGPR_A_PRE_NotGr_NA_NA,Miesel_60009_16_NGPR_A_PRE_Met_SPE_r1_30Jan23_Fir_300SA_IATp03_9196.d,ALL,ProcessedSample7_NOM,high
nmdc:bsm-11-z2299p05,EMSL 16 NGPR_A_PRE_NotGr_NA_NA,Miesel_60009_16_NGPR_A_PRE_Met_SPE_r2_300SA_IATp03_9603.d,ALL,ProcessedSample7_NOM,high
nmdc:bsm-11-188dzv79,EMSL 17 NIWO_A_PRE_NotGr_NA_NA,Miesel_60009_17_NIWO_A_PRE_H2O_SPE_r1_26Jan23_Alder_300SA_IATp03_9047.d,ALL,ProcessedSample6_NOM,high
nmdc:bsm-11-188dzv79,EMSL 17 NIWO_A_PRE_NotGr_NA_NA,Miesel_60009_17_NIWO_A_PRE_H2O_SPE_r2_28Jan23_Alder_300SA_IATp03_9104.d,ALL,ProcessedSample6_NOM,high
nmdc:bsm-11-188dzv79,EMSL 17 NIWO_A_PRE_NotGr_NA_NA,Miesel_60009_17_NIWO_A_PRE_Met_SPE_r1_300SA_IATp03_9294.d,ALL,ProcessedSample7_NOM,high
nmdc:bsm-11-188dzv79,EMSL 17 NIWO_A_PRE_NotGr_NA_NA,Miesel_60009_17_NIWO_A_PRE_Met_SPE_r2_300SA_IATp03_9562.d,ALL,ProcessedSample7_NOM,high
nmdc:bsm-11-cxebp875,EMSL 18 OSBS_A_PRE_NotGr_NA_NA,Miesel_60009_18_OSBS_A_PRE_H2O_SPE_r1_26Jan23_Alder_300SA_IATp03_9054.d,ALL,ProcessedSample6_NOM,high
nmdc:bsm-11-cxebp875,EMSL 18 OSBS_A_PRE_NotGr_NA_NA,Miesel_60009_18_OSBS_A_PRE_H2O_SPE_r2_28Jan23_Fir_300SA_IATp03_9130.d,ALL,ProcessedSample6_NOM,high
nmdc:bsm-11-cxebp875,EMSL 18 OSBS_A_PRE_NotGr_NA_NA,Miesel_60009_18_OSBS_A_PRE_Met_SPE_r1_30Jan23_Fir_300SA_IATp03_9191.d,ALL,ProcessedSample7_NOM,high
nmdc:bsm-11-cxebp875,EMSL 18 OSBS_A_PRE_NotGr_NA_NA,Miesel_60009_18_OSBS_A_PRE_Met_SPE_r2_300SA_IATp03_9589.d,ALL,ProcessedSample7_NOM,high
nmdc:bsm-11-v9e14793,EMSL 19 RMNP_A1_PRE_NotGr_NA_NA,Miesel_60009_19_RMNP_A1_PRE_H2O_SPE_r1_26Jan23_Alder_300SA_IATp03_9032.d,ALL,ProcessedSample6_NOM,high
nmdc:bsm-11-v9e14793,EMSL 19 RMNP_A1_PRE_NotGr_NA_NA,Miesel_60009_19_RMNP_A1_PRE_H2O_SPE_r2_28Jan23_Fir_300SA_IATp03_9126.d,ALL,ProcessedSample6_NOM,high
nmdc:bsm-11-v9e14793,EMSL 19 RMNP_A1_PRE_NotGr_NA_NA,Miesel_60009_19_RMNP_A1_PRE_Met_SPE_r1_30Jan23_Fir_300SA_IATp03_9179.d,ALL,ProcessedSample7_NOM,high
nmdc:bsm-11-v9e14793,EMSL 19 RMNP_A1_PRE_NotGr_NA_NA,Miesel_60009_19_RMNP_A1_PRE_Met_SPE_r2_300SA_IATp03_9584.d,ALL,ProcessedSample7_NOM,high
nmdc:bsm-11-s5hdh733,EMSL 20 SERC_A_PRE_NotGr_NA_NA,Miesel_60009_20_SERC_A_PRE_H2O_SPE_r1_26Jan23_Alder_300SA_IATp03_9012.d,ALL,ProcessedSample6_NOM,high
nmdc:bsm-11-s5hdh733,EMSL 20 SERC_A_PRE_NotGr_NA_NA,Miesel_60009_20_SERC_A_PRE_H2O_SPE_r2_28Jan23_Fir_300SA_IATp03_9148.d,ALL,ProcessedSample6_NOM,high
nmdc:bsm-11-s5hdh733,EMSL 20 SERC_A_PRE_NotGr_NA_NA,Miesel_60009_20_SERC_A_PRE_Met_SPE_r1_30Jan23_Fir_300SA_IATp03_9189.d,ALL,ProcessedSample7_NOM,high
nmdc:bsm-11-s5hdh733,EMSL 20 SERC_A_PRE_NotGr_NA_NA,Miesel_60009_20_SERC_A_PRE_Met_SPE_r2_300SA_IATp03_9629.d,ALL,ProcessedSample7_NOM,high
nmdc:bsm-11-bbsdg778,EMSL 21 SJER_A_PRE_NotGr_NA_NA,Miesel_60009_21_SJER_A_PRE_H2O_SPE_r1_26Jan23_Alder_300SA_IATp03_8990.d,ALL,ProcessedSample6_NOM,high
nmdc:bsm-11-bbsdg778,EMSL 21 SJER_A_PRE_NotGr_NA_NA,Miesel_60009_21_SJER_A_PRE_H2O_SPE_r2_28Jan23_Fir_300SA_IATp03_9137.d,ALL,ProcessedSample6_NOM,high
nmdc:bsm-11-bbsdg778,EMSL 21 SJER_A_PRE_NotGr_NA_NA,Miesel_60009_21_SJER_A_PRE_Met_SPE_r1_300SA_IATp03_9251.d,ALL,ProcessedSample7_NOM,high
nmdc:bsm-11-bbsdg778,EMSL 21 SJER_A_PRE_NotGr_NA_NA,Miesel_60009_21_SJER_A_PRE_Met_SPE_r2_300SA_IATp03_9597.d,ALL,ProcessedSample7_NOM,high
nmdc:bsm-11-zz785q05,EMSL 22 SOAP_A_PRE_NotGr_NA_NA,Miesel_60009_22_SOAP_A_PRE_H2O_SPE_r1_26Jan23_Alder_300SA_IATp03_9057.d,ALL,ProcessedSample6_NOM,high
nmdc:bsm-11-zz785q05,EMSL 22 SOAP_A_PRE_NotGr_NA_NA,Miesel_60009_22_SOAP_A_PRE_H2O_SPE_r2_28Jan23_Alder_300SA_IATp03_9085.d,ALL,ProcessedSample6_NOM,high
nmdc:bsm-11-zz785q05,EMSL 22 SOAP_A_PRE_NotGr_NA_NA,Miesel_60009_22_SOAP_A_PRE_Met_SPE_r1_30Jan23_Fir_300SA_IATp03_9184.d,ALL,ProcessedSample7_NOM,high
nmdc:bsm-11-zz785q05,EMSL 22 SOAP_A_PRE_NotGr_NA_NA,Miesel_60009_22_SOAP_A_PRE_Met_SPE_r2_300SA_IATp03_9579.d,ALL,ProcessedSample7_NOM,high
nmdc:bsm-11-m7137540,EMSL 23 STEI_A1_PRE_NotGr_NA_NA,Miesel_60009_23_STEI_A1_PRE_H2O_SPE_r1_26Jan23_Alder_300SA_IATp03_9033.d,ALL,ProcessedSample6_NOM,high
nmdc:bsm-11-m7137540,EMSL 23 STEI_A1_PRE_NotGr_NA_NA,Miesel_60009_23_STEI_A1_PRE_H2O_SPE_r2_28Jan23_Alder_300SA_IATp03_9094.d,ALL,ProcessedSample6_NOM,high
nmdc:bsm-11-m7137540,EMSL 23 STEI_A1_PRE_NotGr_NA_NA,Miesel_60009_23_STEI_A1_PRE_Met_SPE_r1_30Jan23_Fir_300SA_IATp03_9192.d,ALL,ProcessedSample7_NOM,high
nmdc:bsm-11-m7137540,EMSL 23 STEI_A1_PRE_NotGr_NA_NA,Miesel_60009_23_STEI_A1_PRE_Met_SPE_r2_300SA_IATp03_9623.d,ALL,ProcessedSample7_NOM,high
nmdc:bsm-11-t7eq2555,EMSL 24 TALL_A1_PRE_NotGr_NA_NA,Miesel_60009_24_TALL_A1_PRE_H2O_SPE_r1_26Jan23_Alder_300SA_IATp03_9043.d,ALL,ProcessedSample6_NOM,high
nmdc:bsm-11-t7eq2555,EMSL 24 TALL_A1_PRE_NotGr_NA_NA,Miesel_60009_24_TALL_A1_PRE_H2O_SPE_r2_28Jan23_Fir_300SA_IATp03_9131.d,ALL,ProcessedSample6_NOM,high
nmdc:bsm-11-t7eq2555,EMSL 24 TALL_A1_PRE_NotGr_NA_NA,Miesel_60009_24_TALL_A1_PRE_Met_SPE_r1_30Jan23_Fir_300SA_IATp03_9241.d,ALL,ProcessedSample7_NOM,high
nmdc:bsm-11-t7eq2555,EMSL 24 TALL_A1_PRE_NotGr_NA_NA,Miesel_60009_24_TALL_A1_PRE_Met_SPE_r2_300SA_IATp03_9587.d,ALL,ProcessedSample7_NOM,high
nmdc:bsm-11-5pr0md39,EMSL 25 TREE_A1_PRE_NotGr_NA_NA,Miesel_60009_25_TREE_A1_PRE_H2O_SPE_r1_26Jan23_Alder_300SA_IATp03_9029.d,ALL,ProcessedSample6_NOM,high
nmdc:bsm-11-5pr0md39,EMSL 25 TREE_A1_PRE_NotGr_NA_NA,Miesel_60009_25_TREE_A1_PRE_H2O_SPE_r2_28Jan23_Fir_300SA_IATp03_9162.d,ALL,ProcessedSample6_NOM,high
nmdc:bsm-11-5pr0md39,EMSL 25 TREE_A1_PRE_NotGr_NA_NA,Miesel_60009_25_TREE_A1_PRE_Met_SPE_r1_300SA_IATp03_9292.d,ALL,ProcessedSample7_NOM,high
nmdc:bsm-11-5pr0md39,EMSL 25 TREE_A1_PRE_NotGr_NA_NA,Miesel_60009_25_TREE_A1_PRE_Met_SPE_r2_300SA_IATp03_9565.d,ALL,ProcessedSample7_NOM,high
nmdc:bsm-11-3tk5be27,EMSL 26 UNDE_A_PRE_NotGr_NA_NA,Miesel_60009_26_UNDE_A_PRE_H2O_SPE_r1_26Jan23_Alder_300SA_IATp03_8996.d,ALL,ProcessedSample6_NOM,high
nmdc:bsm-11-3tk5be27,EMSL 26 UNDE_A_PRE_NotGr_NA_NA,Miesel_60009_26_UNDE_A_PRE_H2O_SPE_r2_28Jan23_Fir_300SA_IATp03_9155.d,ALL,ProcessedSample6_NOM,high
nmdc:bsm-11-3tk5be27,EMSL 26 UNDE_A_PRE_NotGr_NA_NA,Miesel_60009_26_UNDE_A_PRE_Met_SPE_r1_300SA_IATp03_9279.d,ALL,ProcessedSample7_NOM,high
nmdc:bsm-11-3tk5be27,EMSL 26 UNDE_A_PRE_NotGr_NA_NA,Miesel_60009_26_UNDE_A_PRE_Met_SPE_r2_300SA_IATp03_9640.d,ALL,ProcessedSample7_NOM,high
nmdc:bsm-11-81nkhg93,EMSL 27 WREF_A1_PRE_NotGr_NA_NA,Miesel_60009_27_WREF_A1_PRE_H2O_SPE_r1_26Jan23_Alder_300SA_IATp03_9060.d,ALL,ProcessedSample6_NOM,high
nmdc:bsm-11-81nkhg93,EMSL 27 WREF_A1_PRE_NotGr_NA_NA,Miesel_60009_27_WREF_A1_PRE_H2O_SPE_r2_28Jan23_Fir_300SA_IATp03_9107.d,ALL,ProcessedSample6_NOM,high
nmdc:bsm-11-81nkhg93,EMSL 27 WREF_A1_PRE_NotGr_NA_NA,Miesel_60009_27_WREF_A1_PRE_Met_SPE_r1_300SA_IATp03_9277.d,ALL,ProcessedSample7_NOM,high
nmdc:bsm-11-81nkhg93,EMSL 27 WREF_A1_PRE_NotGr_NA_NA,Miesel_60009_27_WREF_A1_PRE_Met_SPE_r2_300SA_IATp03_9598.d,ALL,ProcessedSample7_NOM,high
nmdc:bsm-11-t2j2tb83,EMSL 37 ABBY_A_POST_NotGr_MST_33,Miesel_60009_37_ABBY_A_POST_MST_33_H2O_SPE_r1_26Jan23_Alder_300SA_IATp03_9021.d,ALL,ProcessedSample6_NOM,high
nmdc:bsm-11-t2j2tb83,EMSL 37 ABBY_A_POST_NotGr_MST_33,Miesel_60009_37_ABBY_A_POST_MST_33_H2O_SPE_r2_28Jan23_Fir_300SA_IATp03_9118.d,ALL,ProcessedSample6_NOM,high
nmdc:bsm-11-t2j2tb83,EMSL 37 ABBY_A_POST_NotGr_MST_33,Miesel_60009_37_ABBY_A_POST_MST_33_Met_SPE_r1_30Jan23_Fir_300SA_IATp03_9178.d,ALL,ProcessedSample7_NOM,high
nmdc:bsm-11-t2j2tb83,EMSL 37 ABBY_A_POST_NotGr_MST_33,Miesel_60009_37_ABBY_A_POST_MST_33_Met_SPE_r2_300SA_IATp03_9630.d,ALL,ProcessedSample7_NOM,high
nmdc:bsm-11-g55mqq95,EMSL 38 BARR_Oaf_POST_NotGr_MST_33,Miesel_60009_38_BARR_Oaf_POST_MST_33_H2O_SPE_r1_26Jan23_Alder_300SA_IATp03_9053.d,ALL,ProcessedSample6_NOM,high
nmdc:bsm-11-g55mqq95,EMSL 38 BARR_Oaf_POST_NotGr_MST_33,Miesel_60009_38_BARR_Oaf_POST_MST_33_H2O_SPE_r2_28Jan23_Fir_300SA_IATp03_9142.d,ALL,ProcessedSample6_NOM,high
nmdc:bsm-11-g55mqq95,EMSL 38 BARR_Oaf_POST_NotGr_MST_33,Miesel_60009_38_BARR_Oaf_POST_MST_33_Met_SPE_r1_30Jan23_Fir_300SA_IATp03_9183.d,ALL,ProcessedSample7_NOM,high
nmdc:bsm-11-g55mqq95,EMSL 38 BARR_Oaf_POST_NotGr_MST_33,Miesel_60009_38_BARR_Oaf_POST_MST_33_Met_SPE_r2_300SA_IATp03_9635.d,ALL,ProcessedSample7_NOM,high
nmdc:bsm-11-0n65yd98,EMSL 39 BLAN_Ap1_POST_NotGr_MST_33,Miesel_60009_39_BLAN_Ap1_POST_MST_33_H2O_SPE_r1_26Jan23_Alder_300SA_IATp03_8994.d,ALL,ProcessedSample6_NOM,high
nmdc:bsm-11-0n65yd98,EMSL 39 BLAN_Ap1_POST_NotGr_MST_33,Miesel_60009_39_BLAN_Ap1_POST_MST_33_H2O_SPE_r2_28Jan23_Alder_300SA_IATp03_9089.d,ALL,ProcessedSample6_NOM,high
nmdc:bsm-11-0n65yd98,EMSL 39 BLAN_Ap1_POST_NotGr_MST_33,Miesel_60009_39_BLAN_Ap1_POST_MST_33_Met_SPE_r1_300SA_IATp03_9260.d,ALL,ProcessedSample7_NOM,high
nmdc:bsm-11-0n65yd98,EMSL 39 BLAN_Ap1_POST_NotGr_MST_33,Miesel_60009_39_BLAN_Ap1_POST_MST_33_Met_SPE_r2_300SA_IATp03_9616.d,ALL,ProcessedSample7_NOM,high
nmdc:bsm-11-89sqhh96,EMSL 40 BONA_Oea_POST_NotGr_MST_33,Miesel_60009_40_BONA_Oea_POST_MST_33_H2O_SPE_r1_26Jan23_Alder_300SA_IATp03_9035.d,ALL,ProcessedSample6_NOM,high
nmdc:bsm-11-89sqhh96,EMSL 40 BONA_Oea_POST_NotGr_MST_33,Miesel_60009_40_BONA_Oea_POST_MST_33_H2O_SPE_r2_28Jan23_Alder_300SA_IATp03_9078.d,ALL,ProcessedSample6_NOM,high
nmdc:bsm-11-89sqhh96,EMSL 40 BONA_Oea_POST_NotGr_MST_33,Miesel_60009_40_BONA_Oea_POST_MST_33_Met_SPE_r1_30Jan23_Fir_300SA_IATp03_9239.d,ALL,ProcessedSample7_NOM,high
nmdc:bsm-11-89sqhh96,EMSL 40 BONA_Oea_POST_NotGr_MST_33,Miesel_60009_40_BONA_Oea_POST_MST_33_Met_SPE_r2_300SA_IATp03_9605.d,ALL,ProcessedSample7_NOM,high
nmdc:bsm-11-2cj4cf88,EMSL 41 CLBJ_A1_POST_NotGr_MST_33,Miesel_60009_41_CLBJ_A1_POST_MST_33_H2O_SPE_r1_26Jan23_Alder_300SA_IATp03_9039.d,ALL,ProcessedSample6_NOM,high
nmdc:bsm-11-2cj4cf88,EMSL 41 CLBJ_A1_POST_NotGr_MST_33,Miesel_60009_41_CLBJ_A1_POST_MST_33_H2O_SPE_r2_28Jan23_Fir_300SA_IATp03_9133.d,ALL,ProcessedSample6_NOM,high
nmdc:bsm-11-2cj4cf88,EMSL 41 CLBJ_A1_POST_NotGr_MST_33,Miesel_60009_41_CLBJ_A1_POST_MST_33_Met_SPE_r1_30Jan23_Fir_300SA_IATp03_9188.d,ALL,ProcessedSample7_NOM,high
nmdc:bsm-11-2cj4cf88,EMSL 41 CLBJ_A1_POST_NotGr_MST_33,Miesel_60009_41_CLBJ_A1_POST_MST_33_Met_SPE_r2_300SA_IATp03_9602.d,ALL,ProcessedSample7_NOM,high
nmdc:bsm-11-9hpkqy23,EMSL 42 CPER_A1_POST_NotGr_MST_33,Miesel_60009_42_CPER_A1_POST_MST_33_H2O_SPE_r1_26Jan23_Alder_300SA_IATp03_9011.d,ALL,ProcessedSample6_NOM,high
nmdc:bsm-11-9hpkqy23,EMSL 42 CPER_A1_POST_NotGr_MST_33,Miesel_60009_42_CPER_A1_POST_MST_33_H2O_SPE_r2_28Jan23_Alder_300SA_IATp03_9097.d,ALL,ProcessedSample6_NOM,high
nmdc:bsm-11-9hpkqy23,EMSL 42 CPER_A1_POST_NotGr_MST_33,Miesel_60009_42_CPER_A1_POST_MST_33_Met_SPE_r1_300SA_IATp03_9290.d,ALL,ProcessedSample7_NOM,high
nmdc:bsm-11-9hpkqy23,EMSL 42 CPER_A1_POST_NotGr_MST_33,Miesel_60009_42_CPER_A1_POST_MST_33_Met_SPE_r2_300SA_IATp03_9641.d,ALL,ProcessedSample7_NOM,high
nmdc:bsm-11-mzz92d33,EMSL 43 DCFS_A1_POST_NotGr_MST_33,Miesel_60009_43_DCFS_A1_POST_MST_33_H2O_SPE_r1_26Jan23_Alder_300SA_IATp03_9023.d,ALL,ProcessedSample6_NOM,high
nmdc:bsm-11-mzz92d33,EMSL 43 DCFS_A1_POST_NotGr_MST_33,Miesel_60009_43_DCFS_A1_POST_MST_33_H2O_SPE_r2_28Jan23_Alder_300SA_IATp03_9080.d,ALL,ProcessedSample6_NOM,high
nmdc:bsm-11-mzz92d33,EMSL 43 DCFS_A1_POST_NotGr_MST_33,Miesel_60009_43_DCFS_A1_POST_MST_33_Met_SPE_r1_300SA_IATp03_9270.d,ALL,ProcessedSample7_NOM,high
nmdc:bsm-11-mzz92d33,EMSL 43 DCFS_A1_POST_NotGr_MST_33,Miesel_60009_43_DCFS_A1_POST_MST_33_Met_SPE_r2_300SA_IATp03_9636.d,ALL,ProcessedSample7_NOM,high
nmdc:bsm-11-zjb1z714,EMSL 44 DELA_A_POST_NotGr_MST_33,Miesel_60009_44_DELA_A_POST_MST_33_H2O_SPE_r1_26Jan23_Alder_300SA_IATp03_9061.d,ALL,ProcessedSample6_NOM,high
nmdc:bsm-11-zjb1z714,EMSL 44 DELA_A_POST_NotGr_MST_33,Miesel_60009_44_DELA_A_POST_MST_33_H2O_SPE_r2_28Jan23_Fir_300SA_IATp03_9132.d,ALL,ProcessedSample6_NOM,high
nmdc:bsm-11-zjb1z714,EMSL 44 DELA_A_POST_NotGr_MST_33,Miesel_60009_44_DELA_A_POST_MST_33_Met_SPE_r1_30Jan23_Fir_300SA_IATp03_9175.d,ALL,ProcessedSample7_NOM,high
nmdc:bsm-11-zjb1z714,EMSL 44 DELA_A_POST_NotGr_MST_33,Miesel_60009_44_DELA_A_POST_MST_33_Met_SPE_r2_300SA_IATp03_9578.d,ALL,ProcessedSample7_NOM,high
nmdc:bsm-11-8bg8gj60,EMSL 45 DSNY_A_POST_NotGr_MST_33,Miesel_60009_45_DSNY_A_POST_MST_33_H2O_SPE_r1_26Jan23_Alder_300SA_IATp03_9042.d,ALL,ProcessedSample6_NOM,high
nmdc:bsm-11-8bg8gj60,EMSL 45 DSNY_A_POST_NotGr_MST_33,Miesel_60009_45_DSNY_A_POST_MST_33_H2O_SPE_r2_28Jan23_Alder_300SA_IATp03_9081.d,ALL,ProcessedSample6_NOM,high
nmdc:bsm-11-8bg8gj60,EMSL 45 DSNY_A_POST_NotGr_MST_33,Miesel_60009_45_DSNY_A_POST_MST_33_Met_SPE_r1_300SA_IATp03_9268.d,ALL,ProcessedSample7_NOM,high
nmdc:bsm-11-8bg8gj60,EMSL 45 DSNY_A_POST_NotGr_MST_33,Miesel_60009_45_DSNY_A_POST_MST_33_Met_SPE_r2_300SA_IATp03_9566.d,ALL,ProcessedSample7_NOM,high
nmdc:bsm-11-262q3j19,EMSL 46 GRSM_A_POST_NotGr_MST_33,Miesel_60009_46_GRSM_A_POST_MST_33_H2O_SPE_r1_26Jan23_Alder_300SA_IATp03_9028.d,ALL,ProcessedSample6_NOM,high
nmdc:bsm-11-262q3j19,EMSL 46 GRSM_A_POST_NotGr_MST_33,Miesel_60009_46_GRSM_A_POST_MST_33_H2O_SPE_r2_28Jan23_Fir_300SA_IATp03_9152.d,ALL,ProcessedSample6_NOM,high
nmdc:bsm-11-262q3j19,EMSL 46 GRSM_A_POST_NotGr_MST_33,Miesel_60009_46_GRSM_A_POST_MST_33_Met_SPE_r1_300SA_IATp03_9257.d,ALL,ProcessedSample7_NOM,high
nmdc:bsm-11-262q3j19,EMSL 46 GRSM_A_POST_NotGr_MST_33,Miesel_60009_46_GRSM_A_POST_MST_33_Met_SPE_r2_300SA_IATp03_9609.d,ALL,ProcessedSample7_NOM,high
nmdc:bsm-11-56ck4y26,EMSL 47 HEAL_Oae_POST_NotGr_MST_33,Miesel_60009_47_HEAL_Oae_POST_MST_33_H2O_SPE_r1_26Jan23_Alder_300SA_IATp03_9007.d,ALL,ProcessedSample6_NOM,high
nmdc:bsm-11-56ck4y26,EMSL 47 HEAL_Oae_POST_NotGr_MST_33,Miesel_60009_47_HEAL_Oae_POST_MST_33_H2O_SPE_r2_28Jan23_Fir_300SA_IATp03_9135.d,ALL,ProcessedSample6_NOM,high
nmdc:bsm-11-56ck4y26,EMSL 47 HEAL_Oae_POST_NotGr_MST_33,Miesel_60009_47_HEAL_Oae_POST_MST_33_Met_SPE_r1_300SA_IATp03_9283.d,ALL,ProcessedSample7_NOM,high
nmdc:bsm-11-56ck4y26,EMSL 47 HEAL_Oae_POST_NotGr_MST_33,Miesel_60009_47_HEAL_Oae_POST_MST_33_Met_SPE_r2_300SA_IATp03_9572.d,ALL,ProcessedSample7_NOM,high
nmdc:bsm-11-ypsg5973,EMSL 48 JORN_Ak_POST_NotGr_MST_33,Miesel_60009_48_JORN_Ak_POST_MST_33_H2O_SPE_r1_26Jan23_Alder_300SA_IATp03_9068.d,ALL,ProcessedSample6_NOM,high
nmdc:bsm-11-ypsg5973,EMSL 48 JORN_Ak_POST_NotGr_MST_33,Miesel_60009_48_JORN_Ak_POST_MST_33_H2O_SPE_r2_28Jan23_Fir_300SA_IATp03_9112.d,ALL,ProcessedSample6_NOM,high
nmdc:bsm-11-ypsg5973,EMSL 48 JORN_Ak_POST_NotGr_MST_33,Miesel_60009_48_JORN_Ak_POST_MST_33_Met_SPE_r1_300SA_IATp03_9287.d,ALL,ProcessedSample7_NOM,high
nmdc:bsm-11-ypsg5973,EMSL 48 JORN_Ak_POST_NotGr_MST_33,Miesel_60009_48_JORN_Ak_POST_MST_33_Met_SPE_r2_300SA_IATp03_9614.d,ALL,ProcessedSample7_NOM,high
nmdc:bsm-11-8e8v8k74,EMSL 49 KONZ_A1_POST_NotGr_MST_33,Miesel_60009_49_KONZ_A1_POST_MST_33_H2O_SPE_r1_26Jan23_Alder_300SA_IATp03_9017.d,ALL,ProcessedSample6_NOM,high
nmdc:bsm-11-8e8v8k74,EMSL 49 KONZ_A1_POST_NotGr_MST_33,Miesel_60009_49_KONZ_A1_POST_MST_33_H2O_SPE_r2_28Jan23_Alder_300SA_IATp03_9105.d,ALL,ProcessedSample6_NOM,high
nmdc:bsm-11-8e8v8k74,EMSL 49 KONZ_A1_POST_NotGr_MST_33,Miesel_60009_49_KONZ_A1_POST_MST_33_Met_SPE_r1_300SA_IATp03_9293.d,ALL,ProcessedSample7_NOM,high
nmdc:bsm-11-8e8v8k74,EMSL 49 KONZ_A1_POST_NotGr_MST_33,Miesel_60009_49_KONZ_A1_POST_MST_33_Met_SPE_r2_300SA_IATp03_9573.d,ALL,ProcessedSample7_NOM,high
nmdc:bsm-11-0vgkpt58,EMSL 50 MLBS_A_POST_NotGr_MST_33,Miesel_60009_50_MLBS_A_POST_MST_33_H2O_SPE_r1_26Jan23_Alder_300SA_IATp03_9001.d,ALL,ProcessedSample6_NOM,high
nmdc:bsm-11-0vgkpt58,EMSL 50 MLBS_A_POST_NotGr_MST_33,Miesel_60009_50_MLBS_A_POST_MST_33_H2O_SPE_r2_28Jan23_Fir_300SA_IATp03_9143.d,ALL,ProcessedSample6_NOM,high
nmdc:bsm-11-0vgkpt58,EMSL 50 MLBS_A_POST_NotGr_MST_33,Miesel_60009_50_MLBS_A_POST_MST_33_Met_SPE_r1_300SA_IATp03_9288.d,ALL,ProcessedSample7_NOM,high
nmdc:bsm-11-0vgkpt58,EMSL 50 MLBS_A_POST_NotGr_MST_33,Miesel_60009_50_MLBS_A_POST_MST_33_Met_SPE_r2_300SA_IATp03_9581.d,ALL,ProcessedSample7_NOM,high
nmdc:bsm-11-aw9xpa90,EMSL 51 MOAB_A_POST_NotGr_MST_33,Miesel_60009_51_MOAB_A_POST_MST_33_H2O_SPE_r1_26Jan23_Alder_300SA_IATp03_9019.d,ALL,ProcessedSample6_NOM,high
nmdc:bsm-11-aw9xpa90,EMSL 51 MOAB_A_POST_NotGr_MST_33,Miesel_60009_51_MOAB_A_POST_MST_33_H2O_SPE_r2_28Jan23_Fir_300SA_IATp03_9115.d,ALL,ProcessedSample6_NOM,high
nmdc:bsm-11-aw9xpa90,EMSL 51 MOAB_A_POST_NotGr_MST_33,Miesel_60009_51_MOAB_A_POST_MST_33_Met_SPE_r1_30Jan23_Fir_300SA_IATp03_9171.d,ALL,ProcessedSample7_NOM,high
nmdc:bsm-11-aw9xpa90,EMSL 51 MOAB_A_POST_NotGr_MST_33,Miesel_60009_51_MOAB_A_POST_MST_33_Met_SPE_r2_300SA_IATp03_9642.d,ALL,ProcessedSample7_NOM,high
nmdc:bsm-11-v2kqzp11,EMSL 52 NGPR_A_POST_NotGr_MST_33,Miesel_60009_52_NGPR_A_POST_MST_33_H2O_SPE_r1_26Jan23_Alder_300SA_IATp03_9030.d,ALL,ProcessedSample6_NOM,high
nmdc:bsm-11-v2kqzp11,EMSL 52 NGPR_A_POST_NotGr_MST_33,Miesel_60009_52_NGPR_A_POST_MST_33_H2O_SPE_r2_28Jan23_Fir_300SA_IATp03_9167.d,ALL,ProcessedSample6_NOM,high
nmdc:bsm-11-v2kqzp11,EMSL 52 NGPR_A_POST_NotGr_MST_33,Miesel_60009_52_NGPR_A_POST_MST_33_Met_SPE_r1_30Jan23_Fir_300SA_IATp03_9182.d,ALL,ProcessedSample7_NOM,high
nmdc:bsm-11-v2kqzp11,EMSL 52 NGPR_A_POST_NotGr_MST_33,Miesel_60009_52_NGPR_A_POST_MST_33_Met_SPE_r2_300SA_IATp03_9613.d,ALL,ProcessedSample7_NOM,high
nmdc:bsm-11-1mgzn748,EMSL 53 NIWO_A_POST_NotGr_MST_33,Miesel_60009_53_NIWO_A_POST_MST_33_H2O_SPE_r1_26Jan23_Alder_300SA_IATp03_8997.d,ALL,ProcessedSample6_NOM,high
nmdc:bsm-11-1mgzn748,EMSL 53 NIWO_A_POST_NotGr_MST_33,Miesel_60009_53_NIWO_A_POST_MST_33_H2O_SPE_r2_28Jan23_Fir_300SA_IATp03_9136.d,ALL,ProcessedSample6_NOM,high
nmdc:bsm-11-1mgzn748,EMSL 53 NIWO_A_POST_NotGr_MST_33,Miesel_60009_53_NIWO_A_POST_MST_33_Met_SPE_r1_300SA_IATp03_9265.d,ALL,ProcessedSample7_NOM,high
nmdc:bsm-11-1mgzn748,EMSL 53 NIWO_A_POST_NotGr_MST_33,Miesel_60009_53_NIWO_A_POST_MST_33_Met_SPE_r2_300SA_IATp03_9632.d,ALL,ProcessedSample7_NOM,high
nmdc:bsm-11-6m5pgr13,EMSL 54 OSBS_A_POST_NotGr_MST_33,Miesel_60009_54_OSBS_A_POST_MST_33_H2O_SPE_r1_26Jan23_Alder_300SA_IATp03_9003.d,ALL,ProcessedSample6_NOM,high
nmdc:bsm-11-6m5pgr13,EMSL 54 OSBS_A_POST_NotGr_MST_33,Miesel_60009_54_OSBS_A_POST_MST_33_H2O_SPE_r2_28Jan23_Alder_300SA_IATp03_9095.d,ALL,ProcessedSample6_NOM,high
nmdc:bsm-11-6m5pgr13,EMSL 54 OSBS_A_POST_NotGr_MST_33,Miesel_60009_54_OSBS_A_POST_MST_33_Met_SPE_r1_300SA_IATp03_9253.d,ALL,ProcessedSample7_NOM,high
nmdc:bsm-11-6m5pgr13,EMSL 54 OSBS_A_POST_NotGr_MST_33,Miesel_60009_54_OSBS_A_POST_MST_33_Met_SPE_r2_300SA_IATp03_9637.d,ALL,ProcessedSample7_NOM,high
nmdc:bsm-11-7dmzve23,EMSL 55 RMNP_A1_POST_NotGr_MST_33,Miesel_60009_55_RMNP_A1_POST_MST_33_H2O_SPE_r1_26Jan23_Alder_300SA_IATp03_9066.d,ALL,ProcessedSample6_NOM,high
nmdc:bsm-11-7dmzve23,EMSL 55 RMNP_A1_POST_NotGr_MST_33,Miesel_60009_55_RMNP_A1_POST_MST_33_H2O_SPE_r2_28Jan23_Alder_300SA_IATp03_9102.d,ALL,ProcessedSample6_NOM,high
nmdc:bsm-11-7dmzve23,EMSL 55 RMNP_A1_POST_NotGr_MST_33,Miesel_60009_55_RMNP_A1_POST_MST_33_Met_SPE_r1_30Jan23_Fir_300SA_IATp03_9185.d,ALL,ProcessedSample7_NOM,high
nmdc:bsm-11-7dmzve23,EMSL 55 RMNP_A1_POST_NotGr_MST_33,Miesel_60009_55_RMNP_A1_POST_MST_33_Met_SPE_r2_300SA_IATp03_9577.d,ALL,ProcessedSample7_NOM,high
nmdc:bsm-11-zd1wbz45,EMSL 56 SERC_A_POST_NotGr_MST_33,Miesel_60009_56_SERC_A_POST_MST_33_H2O_SPE_r1_26Jan23_Alder_300SA_IATp03_9002.d,ALL,ProcessedSample6_NOM,high
nmdc:bsm-11-zd1wbz45,EMSL 56 SERC_A_POST_NotGr_MST_33,Miesel_60009_56_SERC_A_POST_MST_33_H2O_SPE_r2_28Jan23_Fir_300SA_IATp03_9164.d,ALL,ProcessedSample6_NOM,high
nmdc:bsm-11-zd1wbz45,EMSL 56 SERC_A_POST_NotGr_MST_33,Miesel_60009_56_SERC_A_POST_MST_33_Met_SPE_r1_300SA_IATp03_9284.d,ALL,ProcessedSample7_NOM,high
nmdc:bsm-11-zd1wbz45,EMSL 56 SERC_A_POST_NotGr_MST_33,Miesel_60009_56_SERC_A_POST_MST_33_Met_SPE_r2_300SA_IATp03_9594.d,ALL,ProcessedSample7_NOM,high
nmdc:bsm-11-ddcg6623,EMSL 57 SJER_A_POST_NotGr_MST_33,Miesel_60009_57_SJER_A_POST_MST_33_H2O_SPE_r1_26Jan23_Alder_300SA_IATp03_9026.d,ALL,ProcessedSample6_NOM,high
nmdc:bsm-11-ddcg6623,EMSL 57 SJER_A_POST_NotGr_MST_33,Miesel_60009_57_SJER_A_POST_MST_33_H2O_SPE_r2_28Jan23_Alder_300SA_IATp03_9096.d,ALL,ProcessedSample6_NOM,high
nmdc:bsm-11-ddcg6623,EMSL 57 SJER_A_POST_NotGr_MST_33,Miesel_60009_57_SJER_A_POST_MST_33_Met_SPE_r1_30Jan23_Fir_300SA_IATp03_9240.d,ALL,ProcessedSample7_NOM,high
nmdc:bsm-11-ddcg6623,EMSL 57 SJER_A_POST_NotGr_MST_33,Miesel_60009_57_SJER_A_POST_MST_33_Met_SPE_r2_300SA_IATp03_9620.d,ALL,ProcessedSample7_NOM,high
nmdc:bsm-11-ybyjz464,EMSL 58 SOAP_A_POST_NotGr_MST_33,Miesel_60009_58_SOAP_A_POST_MST_33_H2O_SPE_r1_26Jan23_Alder_300SA_IATp03_9048.d,ALL,ProcessedSample6_NOM,high
nmdc:bsm-11-ybyjz464,EMSL 58 SOAP_A_POST_NotGr_MST_33,Miesel_60009_58_SOAP_A_POST_MST_33_H2O_SPE_r2_28Jan23_Fir_300SA_IATp03_9111.d,ALL,ProcessedSample6_NOM,high
nmdc:bsm-11-ybyjz464,EMSL 58 SOAP_A_POST_NotGr_MST_33,Miesel_60009_58_SOAP_A_POST_MST_33_Met_SPE_r1_30Jan23_Fir_300SA_IATp03_9242.d,ALL,ProcessedSample7_NOM,high
nmdc:bsm-11-ybyjz464,EMSL 58 SOAP_A_POST_NotGr_MST_33,Miesel_60009_58_SOAP_A_POST_MST_33_Met_SPE_r2_300SA_IATp03_9561.d,ALL,ProcessedSample7_NOM,high
nmdc:bsm-11-kvxpkn12,EMSL 59 STEI_A1_POST_NotGr_MST_33,Miesel_60009_59_STEI_A1_POST_MST_33_H2O_SPE_r1_26Jan23_Alder_300SA_IATp03_9041.d,ALL,ProcessedSample6_NOM,high
nmdc:bsm-11-kvxpkn12,EMSL 59 STEI_A1_POST_NotGr_MST_33,Miesel_60009_59_STEI_A1_POST_MST_33_H2O_SPE_r2_28Jan23_Fir_300SA_IATp03_9156.d,ALL,ProcessedSample6_NOM,high
nmdc:bsm-11-kvxpkn12,EMSL 59 STEI_A1_POST_NotGr_MST_33,Miesel_60009_59_STEI_A1_POST_MST_33_Met_SPE_r1_30Jan23_Fir_300SA_IATp03_9195.d,ALL,ProcessedSample7_NOM,high
nmdc:bsm-11-kvxpkn12,EMSL 59 STEI_A1_POST_NotGr_MST_33,Miesel_60009_59_STEI_A1_POST_MST_33_Met_SPE_r2_300SA_IATp03_9574.d,ALL,ProcessedSample7_NOM,high
nmdc:bsm-11-bm3k2w07,EMSL 60 TALL_A1_POST_NotGr_MST_33,Miesel_60009_60_TALL_A1_POST_MST_33_H2O_SPE_r1_26Jan23_Alder_300SA_IATp03_9037.d,ALL,ProcessedSample6_NOM,high
nmdc:bsm-11-bm3k2w07,EMSL 60 TALL_A1_POST_NotGr_MST_33,Miesel_60009_60_TALL_A1_POST_MST_33_H2O_SPE_r2_28Jan23_Fir_300SA_IATp03_9127.d,ALL,ProcessedSample6_NOM,high
nmdc:bsm-11-bm3k2w07,EMSL 60 TALL_A1_POST_NotGr_MST_33,Miesel_60009_60_TALL_A1_POST_MST_33_Met_SPE_r1_30Jan23_Fir_300SA_IATp03_9198.d,ALL,ProcessedSample7_NOM,high
nmdc:bsm-11-bm3k2w07,EMSL 60 TALL_A1_POST_NotGr_MST_33,Miesel_60009_60_TALL_A1_POST_MST_33_Met_SPE_r2_300SA_IATp03_9600.d,ALL,ProcessedSample7_NOM,high
nmdc:bsm-11-8qr96b28,EMSL 61 TREE_A1_POST_NotGr_MST_33,Miesel_60009_61_TREE_A1_POST_MST_33_H2O_SPE_r1_26Jan23_Alder_300SA_IATp03_9031.d,ALL,ProcessedSample6_NOM,high
nmdc:bsm-11-8qr96b28,EMSL 61 TREE_A1_POST_NotGr_MST_33,Miesel_60009_61_TREE_A1_POST_MST_33_H2O_SPE_r2_28Jan23_Fir_300SA_IATp03_9122.d,ALL,ProcessedSample6_NOM,high
nmdc:bsm-11-8qr96b28,EMSL 61 TREE_A1_POST_NotGr_MST_33,Miesel_60009_61_TREE_A1_POST_MST_33_Met_SPE_r1_30Jan23_Fir_300SA_IATp03_9177.d,ALL,ProcessedSample7_NOM,high
nmdc:bsm-11-8qr96b28,EMSL 61 TREE_A1_POST_NotGr_MST_33,Miesel_60009_61_TREE_A1_POST_MST_33_Met_SPE_r2_300SA_IATp03_9633.d,ALL,ProcessedSample7_NOM,high
nmdc:bsm-11-8gy0dx46,EMSL 62 UNDE_A_POST_NotGr_MST_33,Miesel_60009_62_UNDE_A_POST_MST_33_H2O_SPE_r1_26Jan23_Alder_300SA_IATp03_9046.d,ALL,ProcessedSample6_NOM,high
nmdc:bsm-11-8gy0dx46,EMSL 62 UNDE_A_POST_NotGr_MST_33,Miesel_60009_62_UNDE_A_POST_MST_33_H2O_SPE_r2_28Jan23_Alder_300SA_IATp03_9088.d,ALL,ProcessedSample6_NOM,high
nmdc:bsm-11-8gy0dx46,EMSL 62 UNDE_A_POST_NotGr_MST_33,Miesel_60009_62_UNDE_A_POST_MST_33_Met_SPE_r1_300SA_IATp03_9256.d,ALL,ProcessedSample7_NOM,high
nmdc:bsm-11-8gy0dx46,EMSL 62 UNDE_A_POST_NotGr_MST_33,Miesel_60009_62_UNDE_A_POST_MST_33_Met_SPE_r2_300SA_IATp03_9634.d,ALL,ProcessedSample7_NOM,high
nmdc:bsm-11-bm60ch89,EMSL 63 WREF_A1_POST_NotGr_MST_33,Miesel_60009_63_WREF_A1_POST_MST_33_H2O_SPE_r1_26Jan23_Alder_300SA_IATp03_8988.d,ALL,ProcessedSample6_NOM,high
nmdc:bsm-11-bm60ch89,EMSL 63 WREF_A1_POST_NotGr_MST_33,Miesel_60009_63_WREF_A1_POST_MST_33_H2O_SPE_r2_28Jan23_Fir_300SA_IATp03_9123.d,ALL,ProcessedSample6_NOM,high
nmdc:bsm-11-bm60ch89,EMSL 63 WREF_A1_POST_NotGr_MST_33,Miesel_60009_63_WREF_A1_POST_MST_33_Met_SPE_r1_300SA_IATp03_9264.d,ALL,ProcessedSample7_NOM,high
nmdc:bsm-11-bm60ch89,EMSL 63 WREF_A1_POST_NotGr_MST_33,Miesel_60009_63_WREF_A1_POST_MST_33_Met_SPE_r2_300SA_IATp03_9612.d,ALL,ProcessedSample7_NOM,high
nmdc:bsm-11-3ekzh153,EMSL 64 ABBY_A_POST_NotGr_MST+5_33,Miesel_60009_64_ABBY_A_POST_MSTplus5_33_H2O_SPE_r1_300SA_IATp03_9056.d,ALL,ProcessedSample6_NOM,high
nmdc:bsm-11-3ekzh153,EMSL 64 ABBY_A_POST_NotGr_MST+5_33,Miesel_60009_64_ABBY_A_POST_MSTplus5_33_H2O_SPE_r2_300SA_IATp03_9086.d,ALL,ProcessedSample6_NOM,high
nmdc:bsm-11-3ekzh153,EMSL 64 ABBY_A_POST_NotGr_MST+5_33,Miesel_60009_64_ABBY_A_POST_MSTplus5_33_Met_SPE_r1_300SA_IATp03_9280.d,ALL,ProcessedSample7_NOM,high
nmdc:bsm-11-3ekzh153,EMSL 64 ABBY_A_POST_NotGr_MST+5_33,Miesel_60009_64_ABBY_A_POST_MSTplus5_33_Met_SPE_r2_300SA_IATp03_9563.d,ALL,ProcessedSample7_NOM,high
nmdc:bsm-11-kag46n94,EMSL 65 BARR_Oaf_POST_NotGr_MST+5_33,Miesel_60009_65_BARR_Oaf_POST_MSTplus5_33_H2O_SPE_r1_300SA_IATp03_9067.d,ALL,ProcessedSample6_NOM,high
nmdc:bsm-11-kag46n94,EMSL 65 BARR_Oaf_POST_NotGr_MST+5_33,Miesel_60009_65_BARR_Oaf_POST_MSTplus5_33_H2O_SPE_r2_300SA_IATp03_9134.d,ALL,ProcessedSample6_NOM,high
nmdc:bsm-11-kag46n94,EMSL 65 BARR_Oaf_POST_NotGr_MST+5_33,Miesel_60009_65_BARR_Oaf_POST_MSTplus5_33_Met_SPE_r1_300SA_IATp03_9243.d,ALL,ProcessedSample7_NOM,high
nmdc:bsm-11-kag46n94,EMSL 65 BARR_Oaf_POST_NotGr_MST+5_33,Miesel_60009_65_BARR_Oaf_POST_MSTplus5_33_Met_SPE_r2_300SA_IATp03_9601.d,ALL,ProcessedSample7_NOM,high
nmdc:bsm-11-kh27cs78,EMSL 66 BLAN_Ap1_POST_NotGr_MST+5_33,Miesel_60009_66_BLAN_Ap1_POST_MSTplus5_33_H2O_SPE_r1_300SA_IATp03_9052.d,ALL,ProcessedSample6_NOM,high
nmdc:bsm-11-kh27cs78,EMSL 66 BLAN_Ap1_POST_NotGr_MST+5_33,Miesel_60009_66_BLAN_Ap1_POST_MSTplus5_33_H2O_SPE_r2_300SA_IATp03_9158.d,ALL,ProcessedSample6_NOM,high
nmdc:bsm-11-kh27cs78,EMSL 66 BLAN_Ap1_POST_NotGr_MST+5_33,Miesel_60009_66_BLAN_Ap1_POST_MSTplus5_33_Met_SPE_r1_300SA_IATp03_9245.d,ALL,ProcessedSample7_NOM,high
nmdc:bsm-11-kh27cs78,EMSL 66 BLAN_Ap1_POST_NotGr_MST+5_33,Miesel_60009_66_BLAN_Ap1_POST_MSTplus5_33_Met_SPE_r2_300SA_IATp03_9558.d,ALL,ProcessedSample7_NOM,high
nmdc:bsm-11-x462mz30,EMSL 67 BONA_Oea_POST_NotGr_MST+5_33,Miesel_60009_67_BONA_Oea_POST_MSTplus5_33_H2O_SPE_r1_300SA_IATp03_9036.d,ALL,ProcessedSample6_NOM,high
nmdc:bsm-11-x462mz30,EMSL 67 BONA_Oea_POST_NotGr_MST+5_33,Miesel_60009_67_BONA_Oea_POST_MSTplus5_33_H2O_SPE_r2_300SA_IATp03_9117.d,ALL,ProcessedSample6_NOM,high
nmdc:bsm-11-x462mz30,EMSL 67 BONA_Oea_POST_NotGr_MST+5_33,Miesel_60009_67_BONA_Oea_POST_MSTplus5_33_Met_SPE_r1_300SA_IATp03_9181.d,ALL,ProcessedSample7_NOM,high
nmdc:bsm-11-x462mz30,EMSL 67 BONA_Oea_POST_NotGr_MST+5_33,Miesel_60009_67_BONA_Oea_POST_MSTplus5_33_Met_SPE_r2_300SA_IATp03_9644.d,ALL,ProcessedSample7_NOM,high
nmdc:bsm-11-ea81mj44,EMSL 68 CLBJ_A1_POST_NotGr_MST+5_33,Miesel_60009_68_CLBJ_A1_POST_MSTplus5_33_H2O_SPE_r1_26Jan23_IATp03_9000.d,ALL,ProcessedSample6_NOM,high
nmdc:bsm-11-ea81mj44,EMSL 68 CLBJ_A1_POST_NotGr_MST+5_33,Miesel_60009_68_CLBJ_A1_POST_MSTplus5_33_H2O_SPE_r2_300SA_IATp03_9154.d,ALL,ProcessedSample6_NOM,high
nmdc:bsm-11-ea81mj44,EMSL 68 CLBJ_A1_POST_NotGr_MST+5_33,Miesel_60009_68_CLBJ_A1_POST_MSTplus5_33_Met_SPE_r1_300SA_IATp03_9254.d,ALL,ProcessedSample7_NOM,high
nmdc:bsm-11-ea81mj44,EMSL 68 CLBJ_A1_POST_NotGr_MST+5_33,Miesel_60009_68_CLBJ_A1_POST_MSTplus5_33_Met_SPE_r2_300SA_IATp03_9591.d,ALL,ProcessedSample7_NOM,high
nmdc:bsm-11-fs0nam69,EMSL 69 CPER_A1_POST_NotGr_MST+5_33,Miesel_60009_69_CPER_A1_POST_MSTplus5_33_H2O_SPE_r1_300SA_IATp03_8995.d,ALL,ProcessedSample6_NOM,high
nmdc:bsm-11-fs0nam69,EMSL 69 CPER_A1_POST_NotGr_MST+5_33,Miesel_60009_69_CPER_A1_POST_MSTplus5_33_H2O_SPE_r2_300SA_IATp03_9153.d,ALL,ProcessedSample6_NOM,high
nmdc:bsm-11-fs0nam69,EMSL 69 CPER_A1_POST_NotGr_MST+5_33,Miesel_60009_69_CPER_A1_POST_MSTplus5_33_Met_SPE_r1_300SA_IATp03_9190.d,ALL,ProcessedSample7_NOM,high
nmdc:bsm-11-fs0nam69,EMSL 69 CPER_A1_POST_NotGr_MST+5_33,Miesel_60009_69_CPER_A1_POST_MSTplus5_33_Met_SPE_r2_300SA_IATp03_9599.d,ALL,ProcessedSample7_NOM,high
nmdc:bsm-11-mt7hs697,EMSL 70 DCFS_A1_POST_NotGr_MST+5_33,Miesel_60009_70_DCFS_A1_POST_MSTplus5_33_H2O_SPE_r1_300SA_IATp03_9074.d,ALL,ProcessedSample6_NOM,high
nmdc:bsm-11-mt7hs697,EMSL 70 DCFS_A1_POST_NotGr_MST+5_33,Miesel_60009_70_DCFS_A1_POST_MSTplus5_33_H2O_SPE_r2_300SA_IATp03_9163.d,ALL,ProcessedSample6_NOM,high
nmdc:bsm-11-mt7hs697,EMSL 70 DCFS_A1_POST_NotGr_MST+5_33,Miesel_60009_70_DCFS_A1_POST_MSTplus5_33_Met_SPE_r1_300SA_IATp03_9187.d,ALL,ProcessedSample7_NOM,high
nmdc:bsm-11-mt7hs697,EMSL 70 DCFS_A1_POST_NotGr_MST+5_33,Miesel_60009_70_DCFS_A1_POST_MSTplus5_33_Met_SPE_r2_300SA_IATp03_9564.d,ALL,ProcessedSample7_NOM,high
nmdc:bsm-11-hmwb5933,EMSL 71 DELA_A_POST_NotGr_MST+5_33,Miesel_60009_71_DELA_A_POST_MSTplus5_33_H2O_SPE_r1_300SA_IATp03_8985.d,ALL,ProcessedSample6_NOM,high
nmdc:bsm-11-hmwb5933,EMSL 71 DELA_A_POST_NotGr_MST+5_33,Miesel_60009_71_DELA_A_POST_MSTplus5_33_H2O_SPE_r2_28Jan23_Fir_300SA_IATp03_9159.d,ALL,ProcessedSample6_NOM,high
nmdc:bsm-11-hmwb5933,EMSL 71 DELA_A_POST_NotGr_MST+5_33,Miesel_60009_71_DELA_A_POST_MSTplus5_33_Met_SPE_r1_30Jan23_Fir_300SA_IATp03_9244.d,ALL,ProcessedSample7_NOM,high
nmdc:bsm-11-hmwb5933,EMSL 71 DELA_A_POST_NotGr_MST+5_33,Miesel_60009_71_DELA_A_POST_MSTplus5_33_Met_SPE_r2_300SA_IATp03_9590.d,ALL,ProcessedSample7_NOM,high
nmdc:bsm-11-pywm3v18,EMSL 72 DSNY_A_POST_NotGr_MST+5_33,Miesel_60009_72_DSNY_A_POST_MSTplus5_33_H2O_SPE_r1_300SA_IATp03_9010.d,ALL,ProcessedSample6_NOM,high
nmdc:bsm-11-pywm3v18,EMSL 72 DSNY_A_POST_NotGr_MST+5_33,Miesel_60009_72_DSNY_A_POST_MSTplus5_33_H2O_SPE_r2_28Jan23_Fir_300SA_IATp03_9149.d,ALL,ProcessedSample6_NOM,high
nmdc:bsm-11-pywm3v18,EMSL 72 DSNY_A_POST_NotGr_MST+5_33,Miesel_60009_72_DSNY_A_POST_MSTplus5_33_Met_SPE_r1_300SA_IATp03_9291.d,ALL,ProcessedSample7_NOM,high
nmdc:bsm-11-pywm3v18,EMSL 72 DSNY_A_POST_NotGr_MST+5_33,Miesel_60009_72_DSNY_A_POST_MSTplus5_33_Met_SPE_r2_300SA_IATp03_9626.d,ALL,ProcessedSample7_NOM,high
nmdc:bsm-11-rgvr4244,EMSL 73 GRSM_A_POST_NotGr_MST+5_33,Miesel_60009_73_GRSM_A_POST_MSTplus5_33_H2O_SPE_r1_300SA_IATp03_9064.d,ALL,ProcessedSample6_NOM,high
nmdc:bsm-11-rgvr4244,EMSL 73 GRSM_A_POST_NotGr_MST+5_33,Miesel_60009_73_GRSM_A_POST_MSTplus5_33_H2O_SPE_r2_28Jan23_Fir_300SA_IATp03_9144.d,ALL,ProcessedSample6_NOM,high
nmdc:bsm-11-rgvr4244,EMSL 73 GRSM_A_POST_NotGr_MST+5_33,Miesel_60009_73_GRSM_A_POST_MSTplus5_33_Met_SPE_r1_30Jan23_Fir_300SA_IATp03_9237.d,ALL,ProcessedSample7_NOM,high
nmdc:bsm-11-rgvr4244,EMSL 73 GRSM_A_POST_NotGr_MST+5_33,Miesel_60009_73_GRSM_A_POST_MSTplus5_33_Met_SPE_r2_300SA_IATp03_9607.d,ALL,ProcessedSample7_NOM,high
nmdc:bsm-11-0545zh73,EMSL 74 HEAL_Oae_POST_NotGr_MST+5_33,Miesel_60009_74_HEAL_Oae_POST_MSTplus5_33_H2O_SPE_r1_300SA_IATp03_9005.d,ALL,ProcessedSample6_NOM,high
nmdc:bsm-11-0545zh73,EMSL 74 HEAL_Oae_POST_NotGr_MST+5_33,Miesel_60009_74_HEAL_Oae_POST_MSTplus5_33_H2O_SPE_r2_300SA_IATp03_9145.d,ALL,ProcessedSample6_NOM,high
nmdc:bsm-11-0545zh73,EMSL 74 HEAL_Oae_POST_NotGr_MST+5_33,Miesel_60009_74_HEAL_Oae_POST_MSTplus5_33_Met_SPE_r1_300SA_IATp03_9186.d,ALL,ProcessedSample7_NOM,high
nmdc:bsm-11-0545zh73,EMSL 74 HEAL_Oae_POST_NotGr_MST+5_33,Miesel_60009_74_HEAL_Oae_POST_MSTplus5_33_Met_SPE_r2_300SA_IATp03_9619.d,ALL,ProcessedSample7_NOM,high
nmdc:bsm-11-w1s6zj21,EMSL 75 JORN_Ak_POST_NotGr_MST+5_33,Miesel_60009_75_JORN_Ak_POST_MSTplus5_33_H2O_SPE_r1_300SA_IATp03_8989.d,ALL,ProcessedSample6_NOM,high
nmdc:bsm-11-w1s6zj21,EMSL 75 JORN_Ak_POST_NotGr_MST+5_33,Miesel_60009_75_JORN_Ak_POST_MSTplus5_33_H2O_SPE_r2_300SA_IATp03_9082.d,ALL,ProcessedSample6_NOM,high
nmdc:bsm-11-w1s6zj21,EMSL 75 JORN_Ak_POST_NotGr_MST+5_33,Miesel_60009_75_JORN_Ak_POST_MSTplus5_33_Met_SPE_r1_300SA_IATp03_9193.d,ALL,ProcessedSample7_NOM,high
nmdc:bsm-11-w1s6zj21,EMSL 75 JORN_Ak_POST_NotGr_MST+5_33,Miesel_60009_75_JORN_Ak_POST_MSTplus5_33_Met_SPE_r2_300SA_IATp03_9611.d,ALL,ProcessedSample7_NOM,high
nmdc:bsm-11-rn50jw68,EMSL 76 KONZ_A1_POST_NotGr_MST+5_33,Miesel_60009_76_KONZ_A1_POST_MSTplus5_33_H2O_SPE_r1_300SA_IATp03_9065.d,ALL,ProcessedSample6_NOM,high
nmdc:bsm-11-rn50jw68,EMSL 76 KONZ_A1_POST_NotGr_MST+5_33,Miesel_60009_76_KONZ_A1_POST_MSTplus5_33_H2O_SPE_r2_300SA_IATp03_9101.d,ALL,ProcessedSample6_NOM,high
nmdc:bsm-11-rn50jw68,EMSL 76 KONZ_A1_POST_NotGr_MST+5_33,Miesel_60009_76_KONZ_A1_POST_MSTplus5_33_Met_SPE_r1_300SA_IATp03_9272.d,ALL,ProcessedSample7_NOM,high
nmdc:bsm-11-rn50jw68,EMSL 76 KONZ_A1_POST_NotGr_MST+5_33,Miesel_60009_76_KONZ_A1_POST_MSTplus5_33_Met_SPE_r2_300SA_IATp03_9583.d,ALL,ProcessedSample7_NOM,high
nmdc:bsm-11-pw5qbt83,EMSL 77 MLBS_A_POST_NotGr_MST+5_33,Miesel_60009_77_MLBS_A_POST_MSTplus5_33_H2O_SPE_r1_300SA_IATp03_9020.d,ALL,ProcessedSample6_NOM,high
nmdc:bsm-11-pw5qbt83,EMSL 77 MLBS_A_POST_NotGr_MST+5_33,Miesel_60009_77_MLBS_A_POST_MSTplus5_33_H2O_SPE_r2_300SA_IATp03_9098.d,ALL,ProcessedSample6_NOM,high
nmdc:bsm-11-pw5qbt83,EMSL 77 MLBS_A_POST_NotGr_MST+5_33,Miesel_60009_77_MLBS_A_POST_MSTplus5_33_Met_SPE_r1_300SA_IATp03_9388.d,ALL,ProcessedSample7_NOM,high
nmdc:bsm-11-pw5qbt83,EMSL 77 MLBS_A_POST_NotGr_MST+5_33,Miesel_60009_77_MLBS_A_POST_MSTplus5_33_Met_SPE_r2_300SA_IATp03_9622.d,ALL,ProcessedSample7_NOM,high
nmdc:bsm-11-f744kg86,EMSL 78 MOAB_A_POST_NotGr_MST+5_33,Miesel_60009_78_MOAB_A_POST_MSTplus5_33_H2O_SPE_r1_300SA_IATp03_9059.d,ALL,ProcessedSample6_NOM,high
nmdc:bsm-11-f744kg86,EMSL 78 MOAB_A_POST_NotGr_MST+5_33,Miesel_60009_78_MOAB_A_POST_MSTplus5_33_H2O_SPE_r2_28Jan23_Fir_300SA_IATp03_9106.d,ALL,ProcessedSample6_NOM,high
nmdc:bsm-11-f744kg86,EMSL 78 MOAB_A_POST_NotGr_MST+5_33,Miesel_60009_78_MOAB_A_POST_MSTplus5_33_Met_SPE_r1_300SA_IATp03_9295.d,ALL,ProcessedSample7_NOM,high
nmdc:bsm-11-f744kg86,EMSL 78 MOAB_A_POST_NotGr_MST+5_33,Miesel_60009_78_MOAB_A_POST_MSTplus5_33_Met_SPE_r2_300SA_IATp03_9624.d,ALL,ProcessedSample7_NOM,high
nmdc:bsm-11-feb57406,EMSL 79 NGPR_A_POST_NotGr_MST+5_33,Miesel_60009_79_NGPR_A_POST_MSTplus5_33_H2O_SPE_r1_300SA_IATp03_9051.d,ALL,ProcessedSample6_NOM,high
nmdc:bsm-11-feb57406,EMSL 79 NGPR_A_POST_NotGr_MST+5_33,Miesel_60009_79_NGPR_A_POST_MSTplus5_33_H2O_SPE_r2_300SA_IATp03_9090.d,ALL,ProcessedSample6_NOM,high
nmdc:bsm-11-feb57406,EMSL 79 NGPR_A_POST_NotGr_MST+5_33,Miesel_60009_79_NGPR_A_POST_MSTplus5_33_Met_SPE_r1_300SA_IATp03_9259.d,ALL,ProcessedSample7_NOM,high
nmdc:bsm-11-feb57406,EMSL 79 NGPR_A_POST_NotGr_MST+5_33,Miesel_60009_79_NGPR_A_POST_MSTplus5_33_Met_SPE_r2_300SA_IATp03_9567.d,ALL,ProcessedSample7_NOM,high
nmdc:bsm-11-srrzgw96,EMSL 80 NIWO_A_POST_NotGr_MST+5_33,Miesel_60009_80_NIWO_A_POST_MSTplus5_33_H2O_SPE_r1_300SA_IATp03_9073.d,ALL,ProcessedSample6_NOM,high
nmdc:bsm-11-srrzgw96,EMSL 80 NIWO_A_POST_NotGr_MST+5_33,Miesel_60009_80_NIWO_A_POST_MSTplus5_33_H2O_SPE_r2_28Jan23_Fir_300SA_IATp03_9110.d,ALL,ProcessedSample6_NOM,high
nmdc:bsm-11-srrzgw96,EMSL 80 NIWO_A_POST_NotGr_MST+5_33,Miesel_60009_80_NIWO_A_POST_MSTplus5_33_Met_SPE_r1_30Jan23_Fir_300SA_IATp03_9172.d,ALL,ProcessedSample7_NOM,high
nmdc:bsm-11-srrzgw96,EMSL 80 NIWO_A_POST_NotGr_MST+5_33,Miesel_60009_80_NIWO_A_POST_MSTplus5_33_Met_SPE_r2_300SA_IATp03_9569.d,ALL,ProcessedSample7_NOM,high
nmdc:bsm-11-k3ms3q32,EMSL 81 OSBS_A_POST_NotGr_MST+5_33,Miesel_60009_81_OSBS_A_POST_MSTplus5_33_H2O_SPE_r1_300SA_IATp03_8991.d,ALL,ProcessedSample6_NOM,high
nmdc:bsm-11-k3ms3q32,EMSL 81 OSBS_A_POST_NotGr_MST+5_33,Miesel_60009_81_OSBS_A_POST_MSTplus5_33_H2O_SPE_r2_28Jan23_Fir_300SA_IATp03_9125.d,ALL,ProcessedSample6_NOM,high
nmdc:bsm-11-k3ms3q32,EMSL 81 OSBS_A_POST_NotGr_MST+5_33,Miesel_60009_81_OSBS_A_POST_MSTplus5_33_Met_SPE_r1_300SA_IATp03_9282.d,ALL,ProcessedSample7_NOM,high
nmdc:bsm-11-k3ms3q32,EMSL 81 OSBS_A_POST_NotGr_MST+5_33,Miesel_60009_81_OSBS_A_POST_MSTplus5_33_Met_SPE_r2_300SA_IATp03_9568.d,ALL,ProcessedSample7_NOM,high
nmdc:bsm-11-jexdz609,EMSL 82 RMNP_A1_POST_NotGr_MST+5_33,Miesel_60009_82_RMNP_A1_POST_MSTplus5_33_H2O_SPE_r1_300SA_IATp03_9072.d,ALL,ProcessedSample6_NOM,high
nmdc:bsm-11-jexdz609,EMSL 82 RMNP_A1_POST_NotGr_MST+5_33,Miesel_60009_82_RMNP_A1_POST_MSTplus5_33_H2O_SPE_r2_300SA_IATp03_9161.d,ALL,ProcessedSample6_NOM,high
nmdc:bsm-11-jexdz609,EMSL 82 RMNP_A1_POST_NotGr_MST+5_33,Miesel_60009_82_RMNP_A1_POST_MSTplus5_33_Met_SPE_r1_300SA_IATp03_9263.d,ALL,ProcessedSample7_NOM,high
nmdc:bsm-11-jexdz609,EMSL 82 RMNP_A1_POST_NotGr_MST+5_33,Miesel_60009_82_RMNP_A1_POST_MSTplus5_33_Met_SPE_r2_300SA_IATp03_9575.d,ALL,ProcessedSample7_NOM,high
nmdc:bsm-11-2aew5811,EMSL 83 SERC_A_POST_NotGr_MST+5_33,Miesel_60009_83_SERC_A_POST_MSTplus5_33_H2O_SPE_r1_300SA_IATp03_8986.d,ALL,ProcessedSample6_NOM,high
nmdc:bsm-11-2aew5811,EMSL 83 SERC_A_POST_NotGr_MST+5_33,Miesel_60009_83_SERC_A_POST_MSTplus5_33_H2O_SPE_r2_300SA_IATp03_9099.d,ALL,ProcessedSample6_NOM,high
nmdc:bsm-11-2aew5811,EMSL 83 SERC_A_POST_NotGr_MST+5_33,Miesel_60009_83_SERC_A_POST_MSTplus5_33_Met_SPE_r1_300SA_IATp03_9269.d,ALL,ProcessedSample7_NOM,high
nmdc:bsm-11-2aew5811,EMSL 83 SERC_A_POST_NotGr_MST+5_33,Miesel_60009_83_SERC_A_POST_MSTplus5_33_Met_SPE_r2_300SA_IATp03_9557.d,ALL,ProcessedSample7_NOM,high
nmdc:bsm-11-1nkycf30,EMSL 84 SJER_A_POST_NotGr_MST+5_33,Miesel_60009_84_SJER_A_POST_MSTplus5_33_H2O_SPE_r1_300SA_IATp03_8998.d,ALL,ProcessedSample6_NOM,high
nmdc:bsm-11-1nkycf30,EMSL 84 SJER_A_POST_NotGr_MST+5_33,Miesel_60009_84_SJER_A_POST_MSTplus5_33_H2O_SPE_r2_28Jan23_Fir_300SA_IATp03_9165.d,ALL,ProcessedSample6_NOM,high
nmdc:bsm-11-1nkycf30,EMSL 84 SJER_A_POST_NotGr_MST+5_33,Miesel_60009_84_SJER_A_POST_MSTplus5_33_Met_SPE_r1_30Jan23_Fir_300SA_IATp03_9194.d,ALL,ProcessedSample7_NOM,high
nmdc:bsm-11-1nkycf30,EMSL 84 SJER_A_POST_NotGr_MST+5_33,Miesel_60009_84_SJER_A_POST_MSTplus5_33_Met_SPE_r2_300SA_IATp03_9627.d,ALL,ProcessedSample7_NOM,high
nmdc:bsm-11-anhff417,EMSL 85 SOAP_A_POST_NotGr_MST+5_33,Miesel_60009_85_SOAP_A_POST_MSTplus5_33_H2O_SPE_r1_300SA_IATp03_9034.d,ALL,ProcessedSample6_NOM,high
nmdc:bsm-11-anhff417,EMSL 85 SOAP_A_POST_NotGr_MST+5_33,Miesel_60009_85_SOAP_A_POST_MSTplus5_33_H2O_SPE_r2_28Jan23_Fir_300SA_IATp03_9166.d,ALL,ProcessedSample6_NOM,high
nmdc:bsm-11-anhff417,EMSL 85 SOAP_A_POST_NotGr_MST+5_33,Miesel_60009_85_SOAP_A_POST_MSTplus5_33_Met_SPE_r1_300SA_IATp03_9275.d,ALL,ProcessedSample7_NOM,high
nmdc:bsm-11-anhff417,EMSL 85 SOAP_A_POST_NotGr_MST+5_33,Miesel_60009_85_SOAP_A_POST_MSTplus5_33_Met_SPE_r2_300SA_IATp03_9615.d,ALL,ProcessedSample7_NOM,high
nmdc:bsm-11-jwsqte26,EMSL 86 STEI_A1_POST_NotGr_MST+5_33,Miesel_60009_86_STEI_A1_POST_MSTplus5_33_H2O_SPE_r1_300SA_IATp03_8992.d,ALL,ProcessedSample6_NOM,high
nmdc:bsm-11-jwsqte26,EMSL 86 STEI_A1_POST_NotGr_MST+5_33,Miesel_60009_86_STEI_A1_POST_MSTplus5_33_H2O_SPE_r2_300SA_IATp03_9129.d,ALL,ProcessedSample6_NOM,high
nmdc:bsm-11-jwsqte26,EMSL 86 STEI_A1_POST_NotGr_MST+5_33,Miesel_60009_86_STEI_A1_POST_MSTplus5_33_Met_SPE_r1_300SA_IATp03_9281.d,ALL,ProcessedSample7_NOM,high
nmdc:bsm-11-jwsqte26,EMSL 86 STEI_A1_POST_NotGr_MST+5_33,Miesel_60009_86_STEI_A1_POST_MSTplus5_33_Met_SPE_r2_300SA_IATp03_9606.d,ALL,ProcessedSample7_NOM,high
nmdc:bsm-11-f3ebmn35,EMSL 87 TALL_A1_POST_NotGr_MST+5_33,Miesel_60009_87_TALL_A1_POST_MSTplus5_33_H2O_SPE_r1_300SA_IATp03_9058.d,ALL,ProcessedSample6_NOM,high
nmdc:bsm-11-f3ebmn35,EMSL 87 TALL_A1_POST_NotGr_MST+5_33,Miesel_60009_87_TALL_A1_POST_MSTplus5_33_H2O_SPE_r2_300SA_IATp03_9146.d,ALL,ProcessedSample6_NOM,high
nmdc:bsm-11-f3ebmn35,EMSL 87 TALL_A1_POST_NotGr_MST+5_33,Miesel_60009_87_TALL_A1_POST_MSTplus5_33_Met_SPE_r1_300SA_IATp03_9174.d,ALL,ProcessedSample7_NOM,high
nmdc:bsm-11-f3ebmn35,EMSL 87 TALL_A1_POST_NotGr_MST+5_33,Miesel_60009_87_TALL_A1_POST_MSTplus5_33_Met_SPE_r2_300SA_IATp03_9638.d,ALL,ProcessedSample7_NOM,high
nmdc:bsm-11-ha7xvb59,EMSL 88 TREE_A1_POST_NotGr_MST+5_33,Miesel_60009_88_TREE_A1_POST_MSTplus5_33_H2O_SPE_r1_300SA_IATp03_9038.d,ALL,ProcessedSample6_NOM,high
nmdc:bsm-11-ha7xvb59,EMSL 88 TREE_A1_POST_NotGr_MST+5_33,Miesel_60009_88_TREE_A1_POST_MSTplus5_33_H2O_SPE_r2_300SA_IATp03_9157.d,ALL,ProcessedSample6_NOM,high
nmdc:bsm-11-ha7xvb59,EMSL 88 TREE_A1_POST_NotGr_MST+5_33,Miesel_60009_88_TREE_A1_POST_MSTplus5_33_Met_SPE_r1_300SA_IATp03_9276.d,ALL,ProcessedSample7_NOM,high
nmdc:bsm-11-ha7xvb59,EMSL 88 TREE_A1_POST_NotGr_MST+5_33,Miesel_60009_88_TREE_A1_POST_MSTplus5_33_Met_SPE_r2_300SA_IATp03_9570.d,ALL,ProcessedSample7_NOM,high
nmdc:bsm-11-c71sq339,EMSL 89 UNDE_A_POST_NotGr_MST+5_33,Miesel_60009_89_UNDE_A_POST_MSTplus5_33_H2O_SPE_r1_300SA_IATp03_9063.d,ALL,ProcessedSample6_NOM,high
nmdc:bsm-11-c71sq339,EMSL 89 UNDE_A_POST_NotGr_MST+5_33,Miesel_60009_89_UNDE_A_POST_MSTplus5_33_H2O_SPE_r2_28Jan23_Fir_300SA_IATp03_9124.d,ALL,ProcessedSample6_NOM,high
nmdc:bsm-11-c71sq339,EMSL 89 UNDE_A_POST_NotGr_MST+5_33,Miesel_60009_89_UNDE_A_POST_MSTplus5_33_Met_SPE_r1_300SA_IATp03_9258.d,ALL,ProcessedSample7_NOM,high
nmdc:bsm-11-c71sq339,EMSL 89 UNDE_A_POST_NotGr_MST+5_33,Miesel_60009_89_UNDE_A_POST_MSTplus5_33_Met_SPE_r2_300SA_IATp03_9604.d,ALL,ProcessedSample7_NOM,high
nmdc:bsm-11-g8qs8k06,EMSL 90 WREF_A1_POST_NotGr_MST+5_33,Miesel_60009_90_WREF_A1_POST_MSTplus5_33_H2O_SPE_r1_300SA_IATp03_9040.d,ALL,ProcessedSample6_NOM,high
nmdc:bsm-11-g8qs8k06,EMSL 90 WREF_A1_POST_NotGr_MST+5_33,Miesel_60009_90_WREF_A1_POST_MSTplus5_33_H2O_SPE_r2_300SA_IATp03_9139.d,ALL,ProcessedSample6_NOM,high
nmdc:bsm-11-g8qs8k06,EMSL 90 WREF_A1_POST_NotGr_MST+5_33,Miesel_60009_90_WREF_A1_POST_MSTplus5_33_Met_SPE_r1_300SA_IATp03_9199.d,ALL,ProcessedSample7_NOM,high
nmdc:bsm-11-g8qs8k06,EMSL 90 WREF_A1_POST_NotGr_MST+5_33,Miesel_60009_90_WREF_A1_POST_MSTplus5_33_Met_SPE_r2_300SA_IATp03_9592.d,ALL,ProcessedSample7_NOM,high
,,Miesel_60009_QC_SRFAII_20ppm_10Feb23_Fir_300SA_IATp01_9585.d,,,calibrant
,,Miesel_60009_QC_SRFAII_20ppm_10Feb23_Fir_300SA_IATp01_9617.d,,,calibrant
,,Miesel_60009_QC_SRFAII_20ppm_10Feb23_Fir_300SA_IATp01_9645.d,,,calibrant
,,Miesel_60009_QC_SRFAII_20ppm_30Jan23_Fir_300SA_IATp01_9234.d,,,calibrant
,,Miesel_60009_QC_SRFAII_20ppm_30Jan23_Fir_300SA_IATp01_9235.d,,,calibrant
,,Miesel_60009_QC_SRFAII_20ppm_30Jan23_Fir_300SA_IATp01_9266.d,,,calibrant
,,Miesel_60009_QC_SRFAII_20ppm_30Jan23_Fir_300SA_IATp01_9296.d,,,calibrant
,,Miesel_60009_QC_SRFAII_20ppm_30Jan23_Fir_300SA_IATp01_9328.d,,,calibrant
,,Miesel_60009_QC_SRFAII_20ppm_30Jan23_Fir_300SA_IATp01_9360.d,,,calibrant
,,Miesel_60009_QC_SRFAII_20ppm_30Jan23_Fir_300SA_IATp01_9389.d,,,calibrant
,,Miesel_60009_QC_SRFAII_20ppm_r1_26Jan23_Alder_300SA_IATp01_8982.d,,,calibrant
,,Miesel_60009_QC_SRFAII_20ppm_r1_26Jan23_Alder_300SA_IATp01_8983.d,,,calibrant
,,Miesel_60009_QC_SRFAII_20ppm_r1_26Jan23_Alder_300SA_IATp01_9014.d,,,calibrant
,,Miesel_60009_QC_SRFAII_20ppm_r1_26Jan23_Alder_300SA_IATp01_9044.d,,,calibrant
,,Miesel_60009_QC_SRFAII_20ppm_r1_26Jan23_Alder_300SA_IATp01_9075.d,,,calibrant
,,Miesel_60009_QC_SRFAII_20ppm_r1_26Jan23_Alder_300SA_IATp01_9076.d,,,calibrant
,,Miesel_60009_QC_SRFAII_20ppm_r2_28Jan23_Fir_300SA_IATp01_9108.d,,,calibrant
,,Miesel_60009_QC_SRFAII_20ppm_r2_28Jan23_Fir_300SA_IATp01_9140.d,,,calibrant
,,Miesel_60009_QC_SRFAII_20ppm_r2_28Jan23_Fir_300SA_IATp01_9168.d,,,calibrant
