file_path,file_name,file_size_bytes
/Volumes/LaCie/nmdc_data/kroeger_11_dwsv7q78/raw/20210915_JGI-AK_MK_506588_SoilWaterRep_final_QE-HF_C18_USDAY63680_FPS_MS1_13_S17-D45_A_Rg80to1200-CE102040-soil-InjBL-MeOH_Run46.raw,20210915_JGI-AK_MK_506588_SoilWaterRep_final_QE-HF_C18_USDAY63680_FPS_MS1_13_S17-D45_A_Rg80to1200-CE102040-soil-InjBL-MeOH_Run46.raw,42313758
/Volumes/LaCie/nmdc_data/kroeger_11_dwsv7q78/raw/20210819_JGI-AK_MK_506588_SoilWaterRep_final_QE-139_HILICZ_USHXG01490_FPS_MS1_15_S17-D45_C_Rg70to1050-CE102040-soil-InjBL-MeOH_Run165.raw,20210819_JGI-AK_MK_506588_SoilWaterRep_final_QE-139_HILICZ_USHXG01490_FPS_MS1_15_S17-D45_C_Rg70to1050-CE102040-soil-InjBL-MeOH_Run165.raw,70198299
/Volumes/LaCie/nmdc_data/kroeger_11_dwsv7q78/raw/20210819_JGI-AK_MK_506588_SoilWaterRep_final_QE-139_HILICZ_USHXG01490_POS_MSMS_15_S17-D45_C_Rg70to1050-CE102040-soil-S1_Run163.raw,20210819_JGI-AK_MK_506588_SoilWaterRep_final_QE-139_HILICZ_USHXG01490_POS_MSMS_15_S17-D45_C_Rg70to1050-CE102040-soil-S1_Run163.raw,95367957
/Volumes/LaCie/nmdc_data/kroeger_11_dwsv7q78/raw/20210915_JGI-AK_MK_506588_SoilWaterRep_final_QE-HF_C18_USDAY63680_NEG_MSMS_13_S17-D45_A_Rg80to1200-CE102040-soil-S1_Run45.raw,20210915_JGI-AK_MK_506588_SoilWaterRep_final_QE-HF_C18_USDAY63680_NEG_MSMS_13_S17-D45_A_Rg80to1200-CE102040-soil-S1_Run45.raw,67153600
/Volumes/LaCie/nmdc_data/kroeger_11_dwsv7q78/raw/20210915_JGI-AK_MK_506588_SoilWaterRep_final_QE-HF_C18_USDAY63680_FPS_MS1_14_S17-D45_B_Rg80to1200-CE205060-soil-InjBL-MeOH_Run102.raw,20210915_JGI-AK_MK_506588_SoilWaterRep_final_QE-HF_C18_USDAY63680_FPS_MS1_14_S17-D45_B_Rg80to1200-CE205060-soil-InjBL-MeOH_Run102.raw,41919330
/Volumes/LaCie/nmdc_data/kroeger_11_dwsv7q78/raw/20210915_JGI-AK_MK_506588_SoilWaterRep_final_QE-HF_C18_USDAY63680_NEG_MSMS_14_S17-D45_B_Rg80to1200-CE205060-soil-S1_Run101.raw,20210915_JGI-AK_MK_506588_SoilWaterRep_final_QE-HF_C18_USDAY63680_NEG_MSMS_14_S17-D45_B_Rg80to1200-CE205060-soil-S1_Run101.raw,65980364
/Volumes/LaCie/nmdc_data/kroeger_11_dwsv7q78/raw/20210915_JGI-AK_MK_506588_SoilWaterRep_final_QE-HF_C18_USDAY63680_POS_MSMS_13_S17-D45_A_Rg80to1200-CE102040-soil-S1_Run44.raw,20210915_JGI-AK_MK_506588_SoilWaterRep_final_QE-HF_C18_USDAY63680_POS_MSMS_13_S17-D45_A_Rg80to1200-CE102040-soil-S1_Run44.raw,88472552
/Volumes/LaCie/nmdc_data/kroeger_11_dwsv7q78/raw/20210915_JGI-AK_MK_506588_SoilWaterRep_final_QE-HF_C18_USDAY63680_FPS_MS1_15_S17-D45_C_Rg80to1200-CE102040-soil-InjBL-MeOH_Run169.raw,20210915_JGI-AK_MK_506588_SoilWaterRep_final_QE-HF_C18_USDAY63680_FPS_MS1_15_S17-D45_C_Rg80to1200-CE102040-soil-InjBL-MeOH_Run169.raw,42374160
/Volumes/LaCie/nmdc_data/kroeger_11_dwsv7q78/raw/20210819_JGI-AK_MK_506588_SoilWaterRep_final_QE-139_HILICZ_USHXG01490_NEG_MSMS_14_S17-D45_B_Rg70to1050-CE205060-soil-S1_Run99.raw,20210819_JGI-AK_MK_506588_SoilWaterRep_final_QE-139_HILICZ_USHXG01490_NEG_MSMS_14_S17-D45_B_Rg70to1050-CE205060-soil-S1_Run99.raw,94089322
/Volumes/LaCie/nmdc_data/kroeger_11_dwsv7q78/raw/20210819_JGI-AK_MK_506588_SoilWaterRep_final_QE-139_HILICZ_USHXG01490_NEG_MSMS_15_S17-D45_C_Rg70to1050-CE102040-soil-S1_Run164.raw,20210819_JGI-AK_MK_506588_SoilWaterRep_final_QE-139_HILICZ_USHXG01490_NEG_MSMS_15_S17-D45_C_Rg70to1050-CE102040-soil-S1_Run164.raw,95123581
/Volumes/LaCie/nmdc_data/kroeger_11_dwsv7q78/raw/20210819_JGI-AK_MK_506588_SoilWaterRep_final_QE-139_HILICZ_USHXG01490_NEG_MSMS_13_S17-D45_A_Rg70to1050-CE102040-soil-S1_Run44.raw,20210819_JGI-AK_MK_506588_SoilWaterRep_final_QE-139_HILICZ_USHXG01490_NEG_MSMS_13_S17-D45_A_Rg70to1050-CE102040-soil-S1_Run44.raw,96123554
/Volumes/LaCie/nmdc_data/kroeger_11_dwsv7q78/raw/20210819_JGI-AK_MK_506588_SoilWaterRep_final_QE-139_HILICZ_USHXG01490_POS_MSMS_14_S17-D45_B_Rg70to1050-CE205060-soil-S1_Run98.raw,20210819_JGI-AK_MK_506588_SoilWaterRep_final_QE-139_HILICZ_USHXG01490_POS_MSMS_14_S17-D45_B_Rg70to1050-CE205060-soil-S1_Run98.raw,94763403
/Volumes/LaCie/nmdc_data/kroeger_11_dwsv7q78/raw/20210819_JGI-AK_MK_506588_SoilWaterRep_final_QE-139_HILICZ_USHXG01490_POS_MSMS_13_S17-D45_A_Rg70to1050-CE102040-soil-S1_Run43.raw,20210819_JGI-AK_MK_506588_SoilWaterRep_final_QE-139_HILICZ_USHXG01490_POS_MSMS_13_S17-D45_A_Rg70to1050-CE102040-soil-S1_Run43.raw,95426898
/Volumes/LaCie/nmdc_data/kroeger_11_dwsv7q78/raw/20210915_JGI-AK_MK_506588_SoilWaterRep_final_QE-HF_C18_USDAY63680_POS_MSMS_15_S17-D45_C_Rg80to1200-CE102040-soil-S1_Run167.raw,20210915_JGI-AK_MK_506588_SoilWaterRep_final_QE-HF_C18_USDAY63680_POS_MSMS_15_S17-D45_C_Rg80to1200-CE102040-soil-S1_Run167.raw,86317768
/Volumes/LaCie/nmdc_data/kroeger_11_dwsv7q78/raw/20210915_JGI-AK_MK_506588_SoilWaterRep_final_QE-HF_C18_USDAY63680_POS_MSMS_14_S17-D45_B_Rg80to1200-CE205060-soil-S1_Run100.raw,20210915_JGI-AK_MK_506588_SoilWaterRep_final_QE-HF_C18_USDAY63680_POS_MSMS_14_S17-D45_B_Rg80to1200-CE205060-soil-S1_Run100.raw,87135900
/Volumes/LaCie/nmdc_data/kroeger_11_dwsv7q78/raw/20210915_JGI-AK_MK_506588_SoilWaterRep_final_QE-HF_C18_USDAY63680_NEG_MSMS_15_S17-D45_C_Rg80to1200-CE102040-soil-S1_Run168.raw,20210915_JGI-AK_MK_506588_SoilWaterRep_final_QE-HF_C18_USDAY63680_NEG_MSMS_15_S17-D45_C_Rg80to1200-CE102040-soil-S1_Run168.raw,66911432
/Volumes/LaCie/nmdc_data/kroeger_11_dwsv7q78/raw/20210819_JGI-AK_MK_506588_SoilWaterRep_final_QE-139_HILICZ_USHXG01490_FPS_MS1_14_S17-D45_B_Rg70to1050-CE205060-soil-InjBL-MeOH_Run100.raw,20210819_JGI-AK_MK_506588_SoilWaterRep_final_QE-139_HILICZ_USHXG01490_FPS_MS1_14_S17-D45_B_Rg70to1050-CE205060-soil-InjBL-MeOH_Run100.raw,70306792
/Volumes/LaCie/nmdc_data/kroeger_11_dwsv7q78/raw/20210819_JGI-AK_MK_506588_SoilWaterRep_final_QE-139_HILICZ_USHXG01490_FPS_MS1_13_S17-D45_A_Rg70to1050-CE102040-soil-InjBL-MeOH_Run45.raw,20210819_JGI-AK_MK_506588_SoilWaterRep_final_QE-139_HILICZ_USHXG01490_FPS_MS1_13_S17-D45_A_Rg70to1050-CE102040-soil-InjBL-MeOH_Run45.raw,69777662
