sample_id,raw_data_file,processed_data_directory,mass_spec_configuration_name,chromat_configuration_name,instrument_used,processing_institution_workflow,processing_institution_generation,instrument_analysis_end_date,instrument_instance_specifier,raw_data_url,associated_studies
nmdc:bsm-11-re18d216,/Volumes/LaCie/nmdc_data/mcmahon_11_fkbnah04/raw/20181217_KBL_TM_Lakes_GEODES_All3_QE-HF_C18_USDAY46918_POS_MSMS_47_GEO-ME-4-F_1_Rg80to1200-CE102040-0-7-S1_Run174.mzML,/Volumes/LaCie/nmdc_data/mcmahon_11_fkbnah04/processed_20260706/20181217_KBL_TM_Lakes_GEODES_All3_QE-HF_C18_USDAY46918_POS_MSMS_47_GEO-ME-4-F_1_Rg80to1200-CE102040-0-7-S1_Run174.corems,"JGI/LBNL Standard Metabolomics Method, positive @10,20,40CE",JGI/LBNL Metabolomics Standard LC Method - Nonpolar C18,Thermo Orbitrap Q-Exactive,NMDC,JGI,2018-12-19T02:17:56Z,Exactive Series slot #2405,https://massive.ucsd.edu/ProteoSAFe/DownloadResultFile?file=f.MSV000093272%2F%2Fraw%2F20181217_KBL_TM_C18_Lakes_Geodes-Mendota_REDO%2Frawdata%2F20181217_KBL_TM_Lakes_GEODES_All3_QE-HF_C18_USDAY46918_POS_MSMS_47_GEO-ME-4-F_1_Rg80to1200-CE102040-0-7-S1_Run174.mzML&forceDownload=true,['nmdc:sty-11-fkbnah04']
nmdc:bsm-11-kh61sg45,/Volumes/LaCie/nmdc_data/mcmahon_11_fkbnah04/raw/20181217_KBL_TM_Lakes_Mendota_DepthDate_QE-HF_C18_USDAY46918_POS_MSMS_28_ME-20171019-metabo-28_1_Rg80to1200-CE102040-18p2-S1_Run107.mzML,/Volumes/LaCie/nmdc_data/mcmahon_11_fkbnah04/processed_20260706/20181217_KBL_TM_Lakes_Mendota_DepthDate_QE-HF_C18_USDAY46918_POS_MSMS_28_ME-20171019-metabo-28_1_Rg80to1200-CE102040-18p2-S1_Run107.corems,"JGI/LBNL Standard Metabolomics Method, positive @10,20,40CE",JGI/LBNL Metabolomics Standard LC Method - Nonpolar C18,Thermo Orbitrap Q-Exactive,NMDC,JGI,2018-12-20T20:18:57Z,Exactive Series slot #2405,https://massive.ucsd.edu/ProteoSAFe/DownloadResultFile?file=f.MSV000093272%2F%2Fraw%2F20181217_KBL_TM_C18_Lakes_Geodes-Mendota_REDO%2Frawdata%2F20181217_KBL_TM_Lakes_Mendota_DepthDate_QE-HF_C18_USDAY46918_POS_MSMS_28_ME-20171019-metabo-28_1_Rg80to1200-CE102040-18p2-S1_Run107.mzML&forceDownload=true,['nmdc:sty-11-fkbnah04']
nmdc:bsm-11-qbm7gk40,/Volumes/LaCie/nmdc_data/mcmahon_11_fkbnah04/raw/20181217_KBL_TM_Lakes_GEODES_All3_QE-HF_C18_USDAY46918_POS_MSMS_49_GEO-SP-0-F_1_Rg80to1200-CE102040-0-4-S1_Run180.mzML,/Volumes/LaCie/nmdc_data/mcmahon_11_fkbnah04/processed_20260706/20181217_KBL_TM_Lakes_GEODES_All3_QE-HF_C18_USDAY46918_POS_MSMS_49_GEO-SP-0-F_1_Rg80to1200-CE102040-0-4-S1_Run180.corems,"JGI/LBNL Standard Metabolomics Method, positive @10,20,40CE",JGI/LBNL Metabolomics Standard LC Method - Nonpolar C18,Thermo Orbitrap Q-Exactive,NMDC,JGI,2018-12-19T03:34:42Z,Exactive Series slot #2405,https://massive.ucsd.edu/ProteoSAFe/DownloadResultFile?file=f.MSV000093272%2F%2Fraw%2F20181217_KBL_TM_C18_Lakes_Geodes-Mendota_REDO%2Frawdata%2F20181217_KBL_TM_Lakes_GEODES_All3_QE-HF_C18_USDAY46918_POS_MSMS_49_GEO-SP-0-F_1_Rg80to1200-CE102040-0-4-S1_Run180.mzML&forceDownload=true,['nmdc:sty-11-fkbnah04']
nmdc:bsm-11-qbm7gk40,/Volumes/LaCie/nmdc_data/mcmahon_11_fkbnah04/raw/20181217_KBL_TM_Lakes_GEODES_All3_QE-HF_C18_USDAY46918_POS_MSMS_13_GEO-SP-0-UF_1_Rg80to1200-CE102040-0-4-S1_Run54.mzML,/Volumes/LaCie/nmdc_data/mcmahon_11_fkbnah04/processed_20260706/20181217_KBL_TM_Lakes_GEODES_All3_QE-HF_C18_USDAY46918_POS_MSMS_13_GEO-SP-0-UF_1_Rg80to1200-CE102040-0-4-S1_Run54.corems,"JGI/LBNL Standard Metabolomics Method, positive @10,20,40CE",JGI/LBNL Metabolomics Standard LC Method - Nonpolar C18,Thermo Orbitrap Q-Exactive,NMDC,JGI,2018-12-18T00:42:00Z,Exactive Series slot #2405,https://massive.ucsd.edu/ProteoSAFe/DownloadResultFile?file=f.MSV000093272%2F%2Fraw%2F20181217_KBL_TM_C18_Lakes_Geodes-Mendota_REDO%2Frawdata%2F20181217_KBL_TM_Lakes_GEODES_All3_QE-HF_C18_USDAY46918_POS_MSMS_13_GEO-SP-0-UF_1_Rg80to1200-CE102040-0-4-S1_Run54.mzML&forceDownload=true,['nmdc:sty-11-fkbnah04']
nmdc:bsm-11-4742zx26,/Volumes/LaCie/nmdc_data/mcmahon_11_fkbnah04/raw/20181217_KBL_TM_Lakes_GEODES_All3_QE-HF_C18_USDAY46918_POS_MSMS_59_GEO-SP-4-F_1_Rg80to1200-CE102040-0-4-S1_Run213.mzML,/Volumes/LaCie/nmdc_data/mcmahon_11_fkbnah04/processed_20260706/20181217_KBL_TM_Lakes_GEODES_All3_QE-HF_C18_USDAY46918_POS_MSMS_59_GEO-SP-4-F_1_Rg80to1200-CE102040-0-4-S1_Run213.corems,"JGI/LBNL Standard Metabolomics Method, positive @10,20,40CE",JGI/LBNL Metabolomics Standard LC Method - Nonpolar C18,Thermo Orbitrap Q-Exactive,NMDC,JGI,2018-12-19T10:37:20Z,Exactive Series slot #2405,https://massive.ucsd.edu/ProteoSAFe/DownloadResultFile?file=f.MSV000093272%2F%2Fraw%2F20181217_KBL_TM_C18_Lakes_Geodes-Mendota_REDO%2Frawdata%2F20181217_KBL_TM_Lakes_GEODES_All3_QE-HF_C18_USDAY46918_POS_MSMS_59_GEO-SP-4-F_1_Rg80to1200-CE102040-0-4-S1_Run213.mzML&forceDownload=true,['nmdc:sty-11-fkbnah04']
nmdc:bsm-11-6zqebn50,/Volumes/LaCie/nmdc_data/mcmahon_11_fkbnah04/raw/20181217_KBL_TM_Lakes_GEODES_All3_QE-HF_C18_USDAY46918_POS_MSMS_19_GEO-SP-32-UF_1_Rg80to1200-CE102040-0-4-S1_Run77.mzML,/Volumes/LaCie/nmdc_data/mcmahon_11_fkbnah04/processed_20260706/20181217_KBL_TM_Lakes_GEODES_All3_QE-HF_C18_USDAY46918_POS_MSMS_19_GEO-SP-32-UF_1_Rg80to1200-CE102040-0-4-S1_Run77.corems,"JGI/LBNL Standard Metabolomics Method, positive @10,20,40CE",JGI/LBNL Metabolomics Standard LC Method - Nonpolar C18,Thermo Orbitrap Q-Exactive,NMDC,JGI,2018-12-18T05:36:07Z,Exactive Series slot #2405,https://massive.ucsd.edu/ProteoSAFe/DownloadResultFile?file=f.MSV000093272%2F%2Fraw%2F20181217_KBL_TM_C18_Lakes_Geodes-Mendota_REDO%2Frawdata%2F20181217_KBL_TM_Lakes_GEODES_All3_QE-HF_C18_USDAY46918_POS_MSMS_19_GEO-SP-32-UF_1_Rg80to1200-CE102040-0-4-S1_Run77.mzML&forceDownload=true,['nmdc:sty-11-fkbnah04']
nmdc:bsm-11-6mmyx194,/Volumes/LaCie/nmdc_data/mcmahon_11_fkbnah04/raw/20181217_KBL_TM_Lakes_GEODES_All3_QE-HF_C18_USDAY46918_POS_MSMS_22_GEO-SP-44-UF_1_Rg80to1200-CE102040-0-4-S1_Run86.mzML,/Volumes/LaCie/nmdc_data/mcmahon_11_fkbnah04/processed_20260706/20181217_KBL_TM_Lakes_GEODES_All3_QE-HF_C18_USDAY46918_POS_MSMS_22_GEO-SP-44-UF_1_Rg80to1200-CE102040-0-4-S1_Run86.corems,"JGI/LBNL Standard Metabolomics Method, positive @10,20,40CE",JGI/LBNL Metabolomics Standard LC Method - Nonpolar C18,Thermo Orbitrap Q-Exactive,NMDC,JGI,2018-12-18T07:31:27Z,Exactive Series slot #2405,https://massive.ucsd.edu/ProteoSAFe/DownloadResultFile?file=f.MSV000093272%2F%2Fraw%2F20181217_KBL_TM_C18_Lakes_Geodes-Mendota_REDO%2Frawdata%2F20181217_KBL_TM_Lakes_GEODES_All3_QE-HF_C18_USDAY46918_POS_MSMS_22_GEO-SP-44-UF_1_Rg80to1200-CE102040-0-4-S1_Run86.mzML&forceDownload=true,['nmdc:sty-11-fkbnah04']
nmdc:bsm-11-mac4ny66,/Volumes/LaCie/nmdc_data/mcmahon_11_fkbnah04/raw/20181217_KBL_TM_Lakes_GEODES_All3_QE-HF_C18_USDAY46918_POS_MSMS_26_GEO-TB-12-UF_1_Rg80to1200-CE102040-0-1-S1_Run101.mzML,/Volumes/LaCie/nmdc_data/mcmahon_11_fkbnah04/processed_20260706/20181217_KBL_TM_Lakes_GEODES_All3_QE-HF_C18_USDAY46918_POS_MSMS_26_GEO-TB-12-UF_1_Rg80to1200-CE102040-0-1-S1_Run101.corems,"JGI/LBNL Standard Metabolomics Method, positive @10,20,40CE",JGI/LBNL Metabolomics Standard LC Method - Nonpolar C18,Thermo Orbitrap Q-Exactive,NMDC,JGI,2018-12-18T10:43:39Z,Exactive Series slot #2405,https://massive.ucsd.edu/ProteoSAFe/DownloadResultFile?file=f.MSV000093272%2F%2Fraw%2F20181217_KBL_TM_C18_Lakes_Geodes-Mendota_REDO%2Frawdata%2F20181217_KBL_TM_Lakes_GEODES_All3_QE-HF_C18_USDAY46918_POS_MSMS_26_GEO-TB-12-UF_1_Rg80to1200-CE102040-0-1-S1_Run101.mzML&forceDownload=true,['nmdc:sty-11-fkbnah04']
nmdc:bsm-11-374kh928,/Volumes/LaCie/nmdc_data/mcmahon_11_fkbnah04/raw/20181217_KBL_TM_Lakes_GEODES_All3_QE-HF_C18_USDAY46918_POS_MSMS_35_GEO-TB-4-UF_1_Rg80to1200-CE102040-0-1-S1_Run133.mzML,/Volumes/LaCie/nmdc_data/mcmahon_11_fkbnah04/processed_20260706/20181217_KBL_TM_Lakes_GEODES_All3_QE-HF_C18_USDAY46918_POS_MSMS_35_GEO-TB-4-UF_1_Rg80to1200-CE102040-0-1-S1_Run133.corems,"JGI/LBNL Standard Metabolomics Method, positive @10,20,40CE",JGI/LBNL Metabolomics Standard LC Method - Nonpolar C18,Thermo Orbitrap Q-Exactive,NMDC,JGI,2018-12-18T17:33:13Z,Exactive Series slot #2405,https://massive.ucsd.edu/ProteoSAFe/DownloadResultFile?file=f.MSV000093272%2F%2Fraw%2F20181217_KBL_TM_C18_Lakes_Geodes-Mendota_REDO%2Frawdata%2F20181217_KBL_TM_Lakes_GEODES_All3_QE-HF_C18_USDAY46918_POS_MSMS_35_GEO-TB-4-UF_1_Rg80to1200-CE102040-0-1-S1_Run133.mzML&forceDownload=true,['nmdc:sty-11-fkbnah04']
nmdc:bsm-11-hzzj3m89,/Volumes/LaCie/nmdc_data/mcmahon_11_fkbnah04/raw/20181217_KBL_TM_Lakes_GEODES_All3_QE-HF_C18_USDAY46918_POS_MSMS_27_GEO-TB-16-UF_1_Rg80to1200-CE102040-0-1-S1_Run104.mzML,/Volumes/LaCie/nmdc_data/mcmahon_11_fkbnah04/processed_20260706/20181217_KBL_TM_Lakes_GEODES_All3_QE-HF_C18_USDAY46918_POS_MSMS_27_GEO-TB-16-UF_1_Rg80to1200-CE102040-0-1-S1_Run104.corems,"JGI/LBNL Standard Metabolomics Method, positive @10,20,40CE",JGI/LBNL Metabolomics Standard LC Method - Nonpolar C18,Thermo Orbitrap Q-Exactive,NMDC,JGI,2018-12-18T11:22:06Z,Exactive Series slot #2405,https://massive.ucsd.edu/ProteoSAFe/DownloadResultFile?file=f.MSV000093272%2F%2Fraw%2F20181217_KBL_TM_C18_Lakes_Geodes-Mendota_REDO%2Frawdata%2F20181217_KBL_TM_Lakes_GEODES_All3_QE-HF_C18_USDAY46918_POS_MSMS_27_GEO-TB-16-UF_1_Rg80to1200-CE102040-0-1-S1_Run104.mzML&forceDownload=true,['nmdc:sty-11-fkbnah04']
nmdc:bsm-11-186rqh54,/Volumes/LaCie/nmdc_data/mcmahon_11_fkbnah04/raw/20181217_KBL_TM_Lakes_GEODES_All3_QE-HF_C18_USDAY46918_POS_MSMS_60_GEO-SP-8-F_1_Rg80to1200-CE102040-0-4-S1_Run216.mzML,/Volumes/LaCie/nmdc_data/mcmahon_11_fkbnah04/processed_20260706/20181217_KBL_TM_Lakes_GEODES_All3_QE-HF_C18_USDAY46918_POS_MSMS_60_GEO-SP-8-F_1_Rg80to1200-CE102040-0-4-S1_Run216.corems,"JGI/LBNL Standard Metabolomics Method, positive @10,20,40CE",JGI/LBNL Metabolomics Standard LC Method - Nonpolar C18,Thermo Orbitrap Q-Exactive,NMDC,JGI,2018-12-19T11:15:44Z,Exactive Series slot #2405,https://massive.ucsd.edu/ProteoSAFe/DownloadResultFile?file=f.MSV000093272%2F%2Fraw%2F20181217_KBL_TM_C18_Lakes_Geodes-Mendota_REDO%2Frawdata%2F20181217_KBL_TM_Lakes_GEODES_All3_QE-HF_C18_USDAY46918_POS_MSMS_60_GEO-SP-8-F_1_Rg80to1200-CE102040-0-4-S1_Run216.mzML&forceDownload=true,['nmdc:sty-11-fkbnah04']
nmdc:bsm-11-re18d216,/Volumes/LaCie/nmdc_data/mcmahon_11_fkbnah04/raw/20181217_KBL_TM_Lakes_GEODES_All3_QE-HF_C18_USDAY46918_POS_MSMS_11_GEO-ME-4-UF_1_Rg80to1200-CE102040-0-7-S1_Run48.mzML,/Volumes/LaCie/nmdc_data/mcmahon_11_fkbnah04/processed_20260706/20181217_KBL_TM_Lakes_GEODES_All3_QE-HF_C18_USDAY46918_POS_MSMS_11_GEO-ME-4-UF_1_Rg80to1200-CE102040-0-7-S1_Run48.corems,"JGI/LBNL Standard Metabolomics Method, positive @10,20,40CE",JGI/LBNL Metabolomics Standard LC Method - Nonpolar C18,Thermo Orbitrap Q-Exactive,NMDC,JGI,2018-12-17T23:25:06Z,Exactive Series slot #2405,https://massive.ucsd.edu/ProteoSAFe/DownloadResultFile?file=f.MSV000093272%2F%2Fraw%2F20181217_KBL_TM_C18_Lakes_Geodes-Mendota_REDO%2Frawdata%2F20181217_KBL_TM_Lakes_GEODES_All3_QE-HF_C18_USDAY46918_POS_MSMS_11_GEO-ME-4-UF_1_Rg80to1200-CE102040-0-7-S1_Run48.mzML&forceDownload=true,['nmdc:sty-11-fkbnah04']
nmdc:bsm-11-yn5fsd54,/Volumes/LaCie/nmdc_data/mcmahon_11_fkbnah04/raw/20181217_KBL_TM_Lakes_GEODES_All3_QE-HF_C18_USDAY46918_POS_MSMS_40_GEO-ME-20-F_1_Rg80to1200-CE102040-0-7-S1_Run148.mzML,/Volumes/LaCie/nmdc_data/mcmahon_11_fkbnah04/processed_20260706/20181217_KBL_TM_Lakes_GEODES_All3_QE-HF_C18_USDAY46918_POS_MSMS_40_GEO-ME-20-F_1_Rg80to1200-CE102040-0-7-S1_Run148.corems,"JGI/LBNL Standard Metabolomics Method, positive @10,20,40CE",JGI/LBNL Metabolomics Standard LC Method - Nonpolar C18,Thermo Orbitrap Q-Exactive,NMDC,JGI,2018-12-18T20:45:21Z,Exactive Series slot #2405,https://massive.ucsd.edu/ProteoSAFe/DownloadResultFile?file=f.MSV000093272%2F%2Fraw%2F20181217_KBL_TM_C18_Lakes_Geodes-Mendota_REDO%2Frawdata%2F20181217_KBL_TM_Lakes_GEODES_All3_QE-HF_C18_USDAY46918_POS_MSMS_40_GEO-ME-20-F_1_Rg80to1200-CE102040-0-7-S1_Run148.mzML&forceDownload=true,['nmdc:sty-11-fkbnah04']
nmdc:bsm-11-5xrr5q54,/Volumes/LaCie/nmdc_data/mcmahon_11_fkbnah04/raw/20181217_KBL_TM_Lakes_GEODES_All3_QE-HF_C18_USDAY46918_POS_MSMS_8_GEO-ME-36-UF_1_Rg80to1200-CE102040-0-7-S1_Run39.mzML,/Volumes/LaCie/nmdc_data/mcmahon_11_fkbnah04/processed_20260706/20181217_KBL_TM_Lakes_GEODES_All3_QE-HF_C18_USDAY46918_POS_MSMS_8_GEO-ME-36-UF_1_Rg80to1200-CE102040-0-7-S1_Run39.corems,"JGI/LBNL Standard Metabolomics Method, positive @10,20,40CE",JGI/LBNL Metabolomics Standard LC Method - Nonpolar C18,Thermo Orbitrap Q-Exactive,NMDC,JGI,2018-12-17T21:29:47Z,Exactive Series slot #2405,https://massive.ucsd.edu/ProteoSAFe/DownloadResultFile?file=f.MSV000093272%2F%2Fraw%2F20181217_KBL_TM_C18_Lakes_Geodes-Mendota_REDO%2Frawdata%2F20181217_KBL_TM_Lakes_GEODES_All3_QE-HF_C18_USDAY46918_POS_MSMS_8_GEO-ME-36-UF_1_Rg80to1200-CE102040-0-7-S1_Run39.mzML&forceDownload=true,['nmdc:sty-11-fkbnah04']
nmdc:bsm-11-6zqebn50,/Volumes/LaCie/nmdc_data/mcmahon_11_fkbnah04/raw/20181217_KBL_TM_Lakes_GEODES_All3_QE-HF_C18_USDAY46918_POS_MSMS_55_GEO-SP-32-F_1_Rg80to1200-CE102040-0-4-S1_Run201.mzML,/Volumes/LaCie/nmdc_data/mcmahon_11_fkbnah04/processed_20260706/20181217_KBL_TM_Lakes_GEODES_All3_QE-HF_C18_USDAY46918_POS_MSMS_55_GEO-SP-32-F_1_Rg80to1200-CE102040-0-4-S1_Run201.corems,"JGI/LBNL Standard Metabolomics Method, positive @10,20,40CE",JGI/LBNL Metabolomics Standard LC Method - Nonpolar C18,Thermo Orbitrap Q-Exactive,NMDC,JGI,2018-12-19T08:03:38Z,Exactive Series slot #2405,https://massive.ucsd.edu/ProteoSAFe/DownloadResultFile?file=f.MSV000093272%2F%2Fraw%2F20181217_KBL_TM_C18_Lakes_Geodes-Mendota_REDO%2Frawdata%2F20181217_KBL_TM_Lakes_GEODES_All3_QE-HF_C18_USDAY46918_POS_MSMS_55_GEO-SP-32-F_1_Rg80to1200-CE102040-0-4-S1_Run201.mzML&forceDownload=true,['nmdc:sty-11-fkbnah04']
nmdc:bsm-11-n3a77650,/Volumes/LaCie/nmdc_data/mcmahon_11_fkbnah04/raw/20181217_KBL_TM_Lakes_GEODES_All3_QE-HF_C18_USDAY46918_POS_MSMS_72_GEO-TB-8-F_1_Rg80to1200-CE102040-0-1-S1_Run257.mzML,/Volumes/LaCie/nmdc_data/mcmahon_11_fkbnah04/processed_20260706/20181217_KBL_TM_Lakes_GEODES_All3_QE-HF_C18_USDAY46918_POS_MSMS_72_GEO-TB-8-F_1_Rg80to1200-CE102040-0-1-S1_Run257.corems,"JGI/LBNL Standard Metabolomics Method, positive @10,20,40CE",JGI/LBNL Metabolomics Standard LC Method - Nonpolar C18,Thermo Orbitrap Q-Exactive,NMDC,JGI,2018-12-19T20:00:30Z,Exactive Series slot #2405,https://massive.ucsd.edu/ProteoSAFe/DownloadResultFile?file=f.MSV000093272%2F%2Fraw%2F20181217_KBL_TM_C18_Lakes_Geodes-Mendota_REDO%2Frawdata%2F20181217_KBL_TM_Lakes_GEODES_All3_QE-HF_C18_USDAY46918_POS_MSMS_72_GEO-TB-8-F_1_Rg80to1200-CE102040-0-1-S1_Run257.mzML&forceDownload=true,['nmdc:sty-11-fkbnah04']
nmdc:bsm-11-mac4ny66,/Volumes/LaCie/nmdc_data/mcmahon_11_fkbnah04/raw/20181217_KBL_TM_Lakes_GEODES_All3_QE-HF_C18_USDAY46918_POS_MSMS_62_GEO-TB-12-F_1_Rg80to1200-CE102040-0-1-S1_Run227.mzML,/Volumes/LaCie/nmdc_data/mcmahon_11_fkbnah04/processed_20260706/20181217_KBL_TM_Lakes_GEODES_All3_QE-HF_C18_USDAY46918_POS_MSMS_62_GEO-TB-12-F_1_Rg80to1200-CE102040-0-1-S1_Run227.corems,"JGI/LBNL Standard Metabolomics Method, positive @10,20,40CE",JGI/LBNL Metabolomics Standard LC Method - Nonpolar C18,Thermo Orbitrap Q-Exactive,NMDC,JGI,2018-12-19T13:36:07Z,Exactive Series slot #2405,https://massive.ucsd.edu/ProteoSAFe/DownloadResultFile?file=f.MSV000093272%2F%2Fraw%2F20181217_KBL_TM_C18_Lakes_Geodes-Mendota_REDO%2Frawdata%2F20181217_KBL_TM_Lakes_GEODES_All3_QE-HF_C18_USDAY46918_POS_MSMS_62_GEO-TB-12-F_1_Rg80to1200-CE102040-0-1-S1_Run227.mzML&forceDownload=true,['nmdc:sty-11-fkbnah04']
nmdc:bsm-11-wj0rgm84,/Volumes/LaCie/nmdc_data/mcmahon_11_fkbnah04/raw/20181217_KBL_TM_Lakes_Mendota_DepthDate_QE-HF_C18_USDAY46918_POS_MSMS_8_ME-20170811-metabo-8_1_Rg80to1200-CE102040-0p5-S1_Run36.mzML,/Volumes/LaCie/nmdc_data/mcmahon_11_fkbnah04/processed_20260706/20181217_KBL_TM_Lakes_Mendota_DepthDate_QE-HF_C18_USDAY46918_POS_MSMS_8_ME-20170811-metabo-8_1_Rg80to1200-CE102040-0p5-S1_Run36.corems,"JGI/LBNL Standard Metabolomics Method, positive @10,20,40CE",JGI/LBNL Metabolomics Standard LC Method - Nonpolar C18,Thermo Orbitrap Q-Exactive,NMDC,JGI,2018-12-20T05:09:49Z,Exactive Series slot #2405,https://massive.ucsd.edu/ProteoSAFe/DownloadResultFile?file=f.MSV000093272%2F%2Fraw%2F20181217_KBL_TM_C18_Lakes_Geodes-Mendota_REDO%2Frawdata%2F20181217_KBL_TM_Lakes_Mendota_DepthDate_QE-HF_C18_USDAY46918_POS_MSMS_8_ME-20170811-metabo-8_1_Rg80to1200-CE102040-0p5-S1_Run36.mzML&forceDownload=true,['nmdc:sty-11-fkbnah04']
nmdc:bsm-11-3jnvb928,/Volumes/LaCie/nmdc_data/mcmahon_11_fkbnah04/raw/20181217_KBL_TM_Lakes_GEODES_All3_QE-HF_C18_USDAY46918_POS_MSMS_51_GEO-SP-16-F_1_Rg80to1200-CE102040-0-4-S1_Run186.mzML,/Volumes/LaCie/nmdc_data/mcmahon_11_fkbnah04/processed_20260706/20181217_KBL_TM_Lakes_GEODES_All3_QE-HF_C18_USDAY46918_POS_MSMS_51_GEO-SP-16-F_1_Rg80to1200-CE102040-0-4-S1_Run186.corems,"JGI/LBNL Standard Metabolomics Method, positive @10,20,40CE",JGI/LBNL Metabolomics Standard LC Method - Nonpolar C18,Thermo Orbitrap Q-Exactive,NMDC,JGI,2018-12-19T04:51:34Z,Exactive Series slot #2405,https://massive.ucsd.edu/ProteoSAFe/DownloadResultFile?file=f.MSV000093272%2F%2Fraw%2F20181217_KBL_TM_C18_Lakes_Geodes-Mendota_REDO%2Frawdata%2F20181217_KBL_TM_Lakes_GEODES_All3_QE-HF_C18_USDAY46918_POS_MSMS_51_GEO-SP-16-F_1_Rg80to1200-CE102040-0-4-S1_Run186.mzML&forceDownload=true,['nmdc:sty-11-fkbnah04']
nmdc:bsm-11-a8yjz495,/Volumes/LaCie/nmdc_data/mcmahon_11_fkbnah04/raw/20181217_KBL_TM_Lakes_GEODES_All3_QE-HF_C18_USDAY46918_POS_MSMS_5_GEO-ME-24-UF_1_Rg80to1200-CE102040-0-7-S1_Run30.mzML,/Volumes/LaCie/nmdc_data/mcmahon_11_fkbnah04/processed_20260706/20181217_KBL_TM_Lakes_GEODES_All3_QE-HF_C18_USDAY46918_POS_MSMS_5_GEO-ME-24-UF_1_Rg80to1200-CE102040-0-7-S1_Run30.corems,"JGI/LBNL Standard Metabolomics Method, positive @10,20,40CE",JGI/LBNL Metabolomics Standard LC Method - Nonpolar C18,Thermo Orbitrap Q-Exactive,NMDC,JGI,2018-12-17T19:34:33Z,Exactive Series slot #2405,https://massive.ucsd.edu/ProteoSAFe/DownloadResultFile?file=f.MSV000093272%2F%2Fraw%2F20181217_KBL_TM_C18_Lakes_Geodes-Mendota_REDO%2Frawdata%2F20181217_KBL_TM_Lakes_GEODES_All3_QE-HF_C18_USDAY46918_POS_MSMS_5_GEO-ME-24-UF_1_Rg80to1200-CE102040-0-7-S1_Run30.mzML&forceDownload=true,['nmdc:sty-11-fkbnah04']
nmdc:bsm-11-ccgfn155,/Volumes/LaCie/nmdc_data/mcmahon_11_fkbnah04/raw/20181217_KBL_TM_Lakes_GEODES_All3_QE-HF_C18_USDAY46918_POS_MSMS_25_GEO-TB-0-UF_1_Rg80to1200-CE102040-0-1-S1_Run95.mzML,/Volumes/LaCie/nmdc_data/mcmahon_11_fkbnah04/processed_20260706/20181217_KBL_TM_Lakes_GEODES_All3_QE-HF_C18_USDAY46918_POS_MSMS_25_GEO-TB-0-UF_1_Rg80to1200-CE102040-0-1-S1_Run95.corems,"JGI/LBNL Standard Metabolomics Method, positive @10,20,40CE",JGI/LBNL Metabolomics Standard LC Method - Nonpolar C18,Thermo Orbitrap Q-Exactive,NMDC,JGI,2018-12-18T09:26:47Z,Exactive Series slot #2405,https://massive.ucsd.edu/ProteoSAFe/DownloadResultFile?file=f.MSV000093272%2F%2Fraw%2F20181217_KBL_TM_C18_Lakes_Geodes-Mendota_REDO%2Frawdata%2F20181217_KBL_TM_Lakes_GEODES_All3_QE-HF_C18_USDAY46918_POS_MSMS_25_GEO-TB-0-UF_1_Rg80to1200-CE102040-0-1-S1_Run95.mzML&forceDownload=true,['nmdc:sty-11-fkbnah04']
nmdc:bsm-11-kh61sg45,/Volumes/LaCie/nmdc_data/mcmahon_11_fkbnah04/raw/20181217_KBL_TM_Lakes_GEODES_All3_QE-HF_C18_USDAY46918_POS_MSMS_6_GEO-ME-28-UF_1_Rg80to1200-CE102040-0-7-S1_Run33.mzML,/Volumes/LaCie/nmdc_data/mcmahon_11_fkbnah04/processed_20260706/20181217_KBL_TM_Lakes_GEODES_All3_QE-HF_C18_USDAY46918_POS_MSMS_6_GEO-ME-28-UF_1_Rg80to1200-CE102040-0-7-S1_Run33.corems,"JGI/LBNL Standard Metabolomics Method, positive @10,20,40CE",JGI/LBNL Metabolomics Standard LC Method - Nonpolar C18,Thermo Orbitrap Q-Exactive,NMDC,JGI,2018-12-17T20:12:57Z,Exactive Series slot #2405,https://massive.ucsd.edu/ProteoSAFe/DownloadResultFile?file=f.MSV000093272%2F%2Fraw%2F20181217_KBL_TM_C18_Lakes_Geodes-Mendota_REDO%2Frawdata%2F20181217_KBL_TM_Lakes_GEODES_All3_QE-HF_C18_USDAY46918_POS_MSMS_6_GEO-ME-28-UF_1_Rg80to1200-CE102040-0-7-S1_Run33.mzML&forceDownload=true,['nmdc:sty-11-fkbnah04']
nmdc:bsm-11-wj0rgm84,/Volumes/LaCie/nmdc_data/mcmahon_11_fkbnah04/raw/20181217_KBL_TM_Lakes_GEODES_All3_QE-HF_C18_USDAY46918_POS_MSMS_12_GEO-ME-8-UF_1_Rg80to1200-CE102040-0-7-S1_Run51.mzML,/Volumes/LaCie/nmdc_data/mcmahon_11_fkbnah04/processed_20260706/20181217_KBL_TM_Lakes_GEODES_All3_QE-HF_C18_USDAY46918_POS_MSMS_12_GEO-ME-8-UF_1_Rg80to1200-CE102040-0-7-S1_Run51.corems,"JGI/LBNL Standard Metabolomics Method, positive @10,20,40CE",JGI/LBNL Metabolomics Standard LC Method - Nonpolar C18,Thermo Orbitrap Q-Exactive,NMDC,JGI,2018-12-18T00:03:33Z,Exactive Series slot #2405,https://massive.ucsd.edu/ProteoSAFe/DownloadResultFile?file=f.MSV000093272%2F%2Fraw%2F20181217_KBL_TM_C18_Lakes_Geodes-Mendota_REDO%2Frawdata%2F20181217_KBL_TM_Lakes_GEODES_All3_QE-HF_C18_USDAY46918_POS_MSMS_12_GEO-ME-8-UF_1_Rg80to1200-CE102040-0-7-S1_Run51.mzML&forceDownload=true,['nmdc:sty-11-fkbnah04']
nmdc:bsm-11-5xrr5q54,/Volumes/LaCie/nmdc_data/mcmahon_11_fkbnah04/raw/20181217_KBL_TM_Lakes_GEODES_All3_QE-HF_C18_USDAY46918_POS_MSMS_44_GEO-ME-36-F_1_Rg80to1200-CE102040-0-7-S1_Run160.mzML,/Volumes/LaCie/nmdc_data/mcmahon_11_fkbnah04/processed_20260706/20181217_KBL_TM_Lakes_GEODES_All3_QE-HF_C18_USDAY46918_POS_MSMS_44_GEO-ME-36-F_1_Rg80to1200-CE102040-0-7-S1_Run160.corems,"JGI/LBNL Standard Metabolomics Method, positive @10,20,40CE",JGI/LBNL Metabolomics Standard LC Method - Nonpolar C18,Thermo Orbitrap Q-Exactive,NMDC,JGI,2018-12-18T23:19:08Z,Exactive Series slot #2405,https://massive.ucsd.edu/ProteoSAFe/DownloadResultFile?file=f.MSV000093272%2F%2Fraw%2F20181217_KBL_TM_C18_Lakes_Geodes-Mendota_REDO%2Frawdata%2F20181217_KBL_TM_Lakes_GEODES_All3_QE-HF_C18_USDAY46918_POS_MSMS_44_GEO-ME-36-F_1_Rg80to1200-CE102040-0-7-S1_Run160.mzML&forceDownload=true,['nmdc:sty-11-fkbnah04']
nmdc:bsm-11-4z1r3c62,/Volumes/LaCie/nmdc_data/mcmahon_11_fkbnah04/raw/20181217_KBL_TM_Lakes_Mendota_DepthDate_QE-HF_C18_USDAY46918_POS_MSMS_16_ME-20170908-metabo-16_1_Rg80to1200-CE102040-0p1-S1_Run63.mzML,/Volumes/LaCie/nmdc_data/mcmahon_11_fkbnah04/processed_20260706/20181217_KBL_TM_Lakes_Mendota_DepthDate_QE-HF_C18_USDAY46918_POS_MSMS_16_ME-20170908-metabo-16_1_Rg80to1200-CE102040-0p1-S1_Run63.corems,"JGI/LBNL Standard Metabolomics Method, positive @10,20,40CE",JGI/LBNL Metabolomics Standard LC Method - Nonpolar C18,Thermo Orbitrap Q-Exactive,NMDC,JGI,2018-12-20T10:55:39Z,Exactive Series slot #2405,https://massive.ucsd.edu/ProteoSAFe/DownloadResultFile?file=f.MSV000093272%2F%2Fraw%2F20181217_KBL_TM_C18_Lakes_Geodes-Mendota_REDO%2Frawdata%2F20181217_KBL_TM_Lakes_Mendota_DepthDate_QE-HF_C18_USDAY46918_POS_MSMS_16_ME-20170908-metabo-16_1_Rg80to1200-CE102040-0p1-S1_Run63.mzML&forceDownload=true,['nmdc:sty-11-fkbnah04']
nmdc:bsm-11-f2pxs644,/Volumes/LaCie/nmdc_data/mcmahon_11_fkbnah04/raw/20181217_KBL_TM_Lakes_GEODES_All3_QE-HF_C18_USDAY46918_POS_MSMS_34_GEO-TB-44-UF_1_Rg80to1200-CE102040-0-1-S1_Run130.mzML,/Volumes/LaCie/nmdc_data/mcmahon_11_fkbnah04/processed_20260706/20181217_KBL_TM_Lakes_GEODES_All3_QE-HF_C18_USDAY46918_POS_MSMS_34_GEO-TB-44-UF_1_Rg80to1200-CE102040-0-1-S1_Run130.corems,"JGI/LBNL Standard Metabolomics Method, positive @10,20,40CE",JGI/LBNL Metabolomics Standard LC Method - Nonpolar C18,Thermo Orbitrap Q-Exactive,NMDC,JGI,2018-12-18T16:54:45Z,Exactive Series slot #2405,https://massive.ucsd.edu/ProteoSAFe/DownloadResultFile?file=f.MSV000093272%2F%2Fraw%2F20181217_KBL_TM_C18_Lakes_Geodes-Mendota_REDO%2Frawdata%2F20181217_KBL_TM_Lakes_GEODES_All3_QE-HF_C18_USDAY46918_POS_MSMS_34_GEO-TB-44-UF_1_Rg80to1200-CE102040-0-1-S1_Run130.mzML&forceDownload=true,['nmdc:sty-11-fkbnah04']
nmdc:bsm-11-gpkjsg19,/Volumes/LaCie/nmdc_data/mcmahon_11_fkbnah04/raw/20181217_KBL_TM_Lakes_GEODES_All3_QE-HF_C18_USDAY46918_POS_MSMS_64_GEO-TB-20-F_1_Rg80to1200-CE102040-0-1-S1_Run233.mzML,/Volumes/LaCie/nmdc_data/mcmahon_11_fkbnah04/processed_20260706/20181217_KBL_TM_Lakes_GEODES_All3_QE-HF_C18_USDAY46918_POS_MSMS_64_GEO-TB-20-F_1_Rg80to1200-CE102040-0-1-S1_Run233.corems,"JGI/LBNL Standard Metabolomics Method, positive @10,20,40CE",JGI/LBNL Metabolomics Standard LC Method - Nonpolar C18,Thermo Orbitrap Q-Exactive,NMDC,JGI,2018-12-19T14:52:56Z,Exactive Series slot #2405,https://massive.ucsd.edu/ProteoSAFe/DownloadResultFile?file=f.MSV000093272%2F%2Fraw%2F20181217_KBL_TM_C18_Lakes_Geodes-Mendota_REDO%2Frawdata%2F20181217_KBL_TM_Lakes_GEODES_All3_QE-HF_C18_USDAY46918_POS_MSMS_64_GEO-TB-20-F_1_Rg80to1200-CE102040-0-1-S1_Run233.mzML&forceDownload=true,['nmdc:sty-11-fkbnah04']
nmdc:bsm-11-ne7eez40,/Volumes/LaCie/nmdc_data/mcmahon_11_fkbnah04/raw/20181217_KBL_TM_Lakes_GEODES_All3_QE-HF_C18_USDAY46918_POS_MSMS_45_GEO-ME-40-F_1_Rg80to1200-CE102040-0-7-S1_Run163.mzML,/Volumes/LaCie/nmdc_data/mcmahon_11_fkbnah04/processed_20260706/20181217_KBL_TM_Lakes_GEODES_All3_QE-HF_C18_USDAY46918_POS_MSMS_45_GEO-ME-40-F_1_Rg80to1200-CE102040-0-7-S1_Run163.corems,"JGI/LBNL Standard Metabolomics Method, positive @10,20,40CE",JGI/LBNL Metabolomics Standard LC Method - Nonpolar C18,Thermo Orbitrap Q-Exactive,NMDC,JGI,2018-12-18T23:57:33Z,Exactive Series slot #2405,https://massive.ucsd.edu/ProteoSAFe/DownloadResultFile?file=f.MSV000093272%2F%2Fraw%2F20181217_KBL_TM_C18_Lakes_Geodes-Mendota_REDO%2Frawdata%2F20181217_KBL_TM_Lakes_GEODES_All3_QE-HF_C18_USDAY46918_POS_MSMS_45_GEO-ME-40-F_1_Rg80to1200-CE102040-0-7-S1_Run163.mzML&forceDownload=true,['nmdc:sty-11-fkbnah04']
nmdc:bsm-11-yt9w9g86,/Volumes/LaCie/nmdc_data/mcmahon_11_fkbnah04/raw/20181217_KBL_TM_Lakes_GEODES_All3_QE-HF_C18_USDAY46918_POS_MSMS_14_GEO-SP-12-UF_1_Rg80to1200-CE102040-0-4-S1_Run57.mzML,/Volumes/LaCie/nmdc_data/mcmahon_11_fkbnah04/processed_20260706/20181217_KBL_TM_Lakes_GEODES_All3_QE-HF_C18_USDAY46918_POS_MSMS_14_GEO-SP-12-UF_1_Rg80to1200-CE102040-0-4-S1_Run57.corems,"JGI/LBNL Standard Metabolomics Method, positive @10,20,40CE",JGI/LBNL Metabolomics Standard LC Method - Nonpolar C18,Thermo Orbitrap Q-Exactive,NMDC,JGI,2018-12-18T01:20:28Z,Exactive Series slot #2405,https://massive.ucsd.edu/ProteoSAFe/DownloadResultFile?file=f.MSV000093272%2F%2Fraw%2F20181217_KBL_TM_C18_Lakes_Geodes-Mendota_REDO%2Frawdata%2F20181217_KBL_TM_Lakes_GEODES_All3_QE-HF_C18_USDAY46918_POS_MSMS_14_GEO-SP-12-UF_1_Rg80to1200-CE102040-0-4-S1_Run57.mzML&forceDownload=true,['nmdc:sty-11-fkbnah04']
nmdc:bsm-11-ccgfn155,/Volumes/LaCie/nmdc_data/mcmahon_11_fkbnah04/raw/20181217_KBL_TM_Lakes_GEODES_All3_QE-HF_C18_USDAY46918_POS_MSMS_61_GEO-TB-0-F_1_Rg80to1200-CE102040-0-1-S1_Run224.mzML,/Volumes/LaCie/nmdc_data/mcmahon_11_fkbnah04/processed_20260706/20181217_KBL_TM_Lakes_GEODES_All3_QE-HF_C18_USDAY46918_POS_MSMS_61_GEO-TB-0-F_1_Rg80to1200-CE102040-0-1-S1_Run224.corems,"JGI/LBNL Standard Metabolomics Method, positive @10,20,40CE",JGI/LBNL Metabolomics Standard LC Method - Nonpolar C18,Thermo Orbitrap Q-Exactive,NMDC,JGI,2018-12-19T12:57:42Z,Exactive Series slot #2405,https://massive.ucsd.edu/ProteoSAFe/DownloadResultFile?file=f.MSV000093272%2F%2Fraw%2F20181217_KBL_TM_C18_Lakes_Geodes-Mendota_REDO%2Frawdata%2F20181217_KBL_TM_Lakes_GEODES_All3_QE-HF_C18_USDAY46918_POS_MSMS_61_GEO-TB-0-F_1_Rg80to1200-CE102040-0-1-S1_Run224.mzML&forceDownload=true,['nmdc:sty-11-fkbnah04']
nmdc:bsm-11-6xpbap29,/Volumes/LaCie/nmdc_data/mcmahon_11_fkbnah04/raw/20181217_KBL_TM_Lakes_GEODES_All3_QE-HF_C18_USDAY46918_POS_MSMS_66_GEO-TB-28-F_1_Rg80to1200-CE102040-0-1-S1_Run239.mzML,/Volumes/LaCie/nmdc_data/mcmahon_11_fkbnah04/processed_20260706/20181217_KBL_TM_Lakes_GEODES_All3_QE-HF_C18_USDAY46918_POS_MSMS_66_GEO-TB-28-F_1_Rg80to1200-CE102040-0-1-S1_Run239.corems,"JGI/LBNL Standard Metabolomics Method, positive @10,20,40CE",JGI/LBNL Metabolomics Standard LC Method - Nonpolar C18,Thermo Orbitrap Q-Exactive,NMDC,JGI,2018-12-19T16:09:50Z,Exactive Series slot #2405,https://massive.ucsd.edu/ProteoSAFe/DownloadResultFile?file=f.MSV000093272%2F%2Fraw%2F20181217_KBL_TM_C18_Lakes_Geodes-Mendota_REDO%2Frawdata%2F20181217_KBL_TM_Lakes_GEODES_All3_QE-HF_C18_USDAY46918_POS_MSMS_66_GEO-TB-28-F_1_Rg80to1200-CE102040-0-1-S1_Run239.mzML&forceDownload=true,['nmdc:sty-11-fkbnah04']
nmdc:bsm-11-yn5fsd54,/Volumes/LaCie/nmdc_data/mcmahon_11_fkbnah04/raw/20181217_KBL_TM_Lakes_GEODES_All3_QE-HF_C18_USDAY46918_POS_MSMS_4_GEO-ME-20-UF_1_Rg80to1200-CE102040-0-7-S1_Run27.mzML,/Volumes/LaCie/nmdc_data/mcmahon_11_fkbnah04/processed_20260706/20181217_KBL_TM_Lakes_GEODES_All3_QE-HF_C18_USDAY46918_POS_MSMS_4_GEO-ME-20-UF_1_Rg80to1200-CE102040-0-7-S1_Run27.corems,"JGI/LBNL Standard Metabolomics Method, positive @10,20,40CE",JGI/LBNL Metabolomics Standard LC Method - Nonpolar C18,Thermo Orbitrap Q-Exactive,NMDC,JGI,2018-12-17T18:56:08Z,Exactive Series slot #2405,https://massive.ucsd.edu/ProteoSAFe/DownloadResultFile?file=f.MSV000093272%2F%2Fraw%2F20181217_KBL_TM_C18_Lakes_Geodes-Mendota_REDO%2Frawdata%2F20181217_KBL_TM_Lakes_GEODES_All3_QE-HF_C18_USDAY46918_POS_MSMS_4_GEO-ME-20-UF_1_Rg80to1200-CE102040-0-7-S1_Run27.mzML&forceDownload=true,['nmdc:sty-11-fkbnah04']
nmdc:bsm-11-f2pxs644,/Volumes/LaCie/nmdc_data/mcmahon_11_fkbnah04/raw/20181217_KBL_TM_Lakes_GEODES_All3_QE-HF_C18_USDAY46918_POS_MSMS_70_GEO-TB-44-F_1_Rg80to1200-CE102040-0-1-S1_Run251.mzML,/Volumes/LaCie/nmdc_data/mcmahon_11_fkbnah04/processed_20260706/20181217_KBL_TM_Lakes_GEODES_All3_QE-HF_C18_USDAY46918_POS_MSMS_70_GEO-TB-44-F_1_Rg80to1200-CE102040-0-1-S1_Run251.corems,"JGI/LBNL Standard Metabolomics Method, positive @10,20,40CE",JGI/LBNL Metabolomics Standard LC Method - Nonpolar C18,Thermo Orbitrap Q-Exactive,NMDC,JGI,2018-12-19T18:43:38Z,Exactive Series slot #2405,https://massive.ucsd.edu/ProteoSAFe/DownloadResultFile?file=f.MSV000093272%2F%2Fraw%2F20181217_KBL_TM_C18_Lakes_Geodes-Mendota_REDO%2Frawdata%2F20181217_KBL_TM_Lakes_GEODES_All3_QE-HF_C18_USDAY46918_POS_MSMS_70_GEO-TB-44-F_1_Rg80to1200-CE102040-0-1-S1_Run251.mzML&forceDownload=true,['nmdc:sty-11-fkbnah04']
nmdc:bsm-11-1b773e81,/Volumes/LaCie/nmdc_data/mcmahon_11_fkbnah04/raw/20181217_KBL_TM_Lakes_GEODES_All3_QE-HF_C18_USDAY46918_POS_MSMS_38_GEO-ME-12-F_1_Rg80to1200-CE102040-0-7-S1_Run142.mzML,/Volumes/LaCie/nmdc_data/mcmahon_11_fkbnah04/processed_20260706/20181217_KBL_TM_Lakes_GEODES_All3_QE-HF_C18_USDAY46918_POS_MSMS_38_GEO-ME-12-F_1_Rg80to1200-CE102040-0-7-S1_Run142.corems,"JGI/LBNL Standard Metabolomics Method, positive @10,20,40CE",JGI/LBNL Metabolomics Standard LC Method - Nonpolar C18,Thermo Orbitrap Q-Exactive,NMDC,JGI,2018-12-18T19:28:30Z,Exactive Series slot #2405,https://massive.ucsd.edu/ProteoSAFe/DownloadResultFile?file=f.MSV000093272%2F%2Fraw%2F20181217_KBL_TM_C18_Lakes_Geodes-Mendota_REDO%2Frawdata%2F20181217_KBL_TM_Lakes_GEODES_All3_QE-HF_C18_USDAY46918_POS_MSMS_38_GEO-ME-12-F_1_Rg80to1200-CE102040-0-7-S1_Run142.mzML&forceDownload=true,['nmdc:sty-11-fkbnah04']
nmdc:bsm-11-qct7w415,/Volumes/LaCie/nmdc_data/mcmahon_11_fkbnah04/raw/20181217_KBL_TM_Lakes_GEODES_All3_QE-HF_C18_USDAY46918_POS_MSMS_1_GEO-ME-0-UF_1_Rg80to1200-CE102040-0-7-S1_Run18.mzML,/Volumes/LaCie/nmdc_data/mcmahon_11_fkbnah04/processed_20260706/20181217_KBL_TM_Lakes_GEODES_All3_QE-HF_C18_USDAY46918_POS_MSMS_1_GEO-ME-0-UF_1_Rg80to1200-CE102040-0-7-S1_Run18.corems,"JGI/LBNL Standard Metabolomics Method, positive @10,20,40CE",JGI/LBNL Metabolomics Standard LC Method - Nonpolar C18,Thermo Orbitrap Q-Exactive,NMDC,JGI,2018-12-17T17:00:45Z,Exactive Series slot #2405,https://massive.ucsd.edu/ProteoSAFe/DownloadResultFile?file=f.MSV000093272%2F%2Fraw%2F20181217_KBL_TM_C18_Lakes_Geodes-Mendota_REDO%2Frawdata%2F20181217_KBL_TM_Lakes_GEODES_All3_QE-HF_C18_USDAY46918_POS_MSMS_1_GEO-ME-0-UF_1_Rg80to1200-CE102040-0-7-S1_Run18.mzML&forceDownload=true,['nmdc:sty-11-fkbnah04']
nmdc:bsm-11-tsd7z567,/Volumes/LaCie/nmdc_data/mcmahon_11_fkbnah04/raw/20181217_KBL_TM_Lakes_GEODES_All3_QE-HF_C18_USDAY46918_POS_MSMS_52_GEO-SP-20-F_1_Rg80to1200-CE102040-0-4-S1_Run189.mzML,/Volumes/LaCie/nmdc_data/mcmahon_11_fkbnah04/processed_20260706/20181217_KBL_TM_Lakes_GEODES_All3_QE-HF_C18_USDAY46918_POS_MSMS_52_GEO-SP-20-F_1_Rg80to1200-CE102040-0-4-S1_Run189.corems,"JGI/LBNL Standard Metabolomics Method, positive @10,20,40CE",JGI/LBNL Metabolomics Standard LC Method - Nonpolar C18,Thermo Orbitrap Q-Exactive,NMDC,JGI,2018-12-19T05:30:01Z,Exactive Series slot #2405,https://massive.ucsd.edu/ProteoSAFe/DownloadResultFile?file=f.MSV000093272%2F%2Fraw%2F20181217_KBL_TM_C18_Lakes_Geodes-Mendota_REDO%2Frawdata%2F20181217_KBL_TM_Lakes_GEODES_All3_QE-HF_C18_USDAY46918_POS_MSMS_52_GEO-SP-20-F_1_Rg80to1200-CE102040-0-4-S1_Run189.mzML&forceDownload=true,['nmdc:sty-11-fkbnah04']
nmdc:bsm-11-1b773e81,/Volumes/LaCie/nmdc_data/mcmahon_11_fkbnah04/raw/20181217_KBL_TM_Lakes_GEODES_All3_QE-HF_C18_USDAY46918_POS_MSMS_2_GEO-ME-12-UF_1_Rg80to1200-CE102040-0-7-S1_Run21.mzML,/Volumes/LaCie/nmdc_data/mcmahon_11_fkbnah04/processed_20260706/20181217_KBL_TM_Lakes_GEODES_All3_QE-HF_C18_USDAY46918_POS_MSMS_2_GEO-ME-12-UF_1_Rg80to1200-CE102040-0-7-S1_Run21.corems,"JGI/LBNL Standard Metabolomics Method, positive @10,20,40CE",JGI/LBNL Metabolomics Standard LC Method - Nonpolar C18,Thermo Orbitrap Q-Exactive,NMDC,JGI,2018-12-17T17:39:10Z,Exactive Series slot #2405,https://massive.ucsd.edu/ProteoSAFe/DownloadResultFile?file=f.MSV000093272%2F%2Fraw%2F20181217_KBL_TM_C18_Lakes_Geodes-Mendota_REDO%2Frawdata%2F20181217_KBL_TM_Lakes_GEODES_All3_QE-HF_C18_USDAY46918_POS_MSMS_2_GEO-ME-12-UF_1_Rg80to1200-CE102040-0-7-S1_Run21.mzML&forceDownload=true,['nmdc:sty-11-fkbnah04']
nmdc:bsm-11-186rqh54,/Volumes/LaCie/nmdc_data/mcmahon_11_fkbnah04/raw/20181217_KBL_TM_Lakes_GEODES_All3_QE-HF_C18_USDAY46918_POS_MSMS_24_GEO-SP-8-UF_1_Rg80to1200-CE102040-0-4-S1_Run92.mzML,/Volumes/LaCie/nmdc_data/mcmahon_11_fkbnah04/processed_20260706/20181217_KBL_TM_Lakes_GEODES_All3_QE-HF_C18_USDAY46918_POS_MSMS_24_GEO-SP-8-UF_1_Rg80to1200-CE102040-0-4-S1_Run92.corems,"JGI/LBNL Standard Metabolomics Method, positive @10,20,40CE",JGI/LBNL Metabolomics Standard LC Method - Nonpolar C18,Thermo Orbitrap Q-Exactive,NMDC,JGI,2018-12-18T08:48:22Z,Exactive Series slot #2405,https://massive.ucsd.edu/ProteoSAFe/DownloadResultFile?file=f.MSV000093272%2F%2Fraw%2F20181217_KBL_TM_C18_Lakes_Geodes-Mendota_REDO%2Frawdata%2F20181217_KBL_TM_Lakes_GEODES_All3_QE-HF_C18_USDAY46918_POS_MSMS_24_GEO-SP-8-UF_1_Rg80to1200-CE102040-0-4-S1_Run92.mzML&forceDownload=true,['nmdc:sty-11-fkbnah04']
nmdc:bsm-11-4742zx26,/Volumes/LaCie/nmdc_data/mcmahon_11_fkbnah04/raw/20181217_KBL_TM_Lakes_GEODES_All3_QE-HF_C18_USDAY46918_POS_MSMS_23_GEO-SP-4-UF_1_Rg80to1200-CE102040-0-4-S1_Run89.mzML,/Volumes/LaCie/nmdc_data/mcmahon_11_fkbnah04/processed_20260706/20181217_KBL_TM_Lakes_GEODES_All3_QE-HF_C18_USDAY46918_POS_MSMS_23_GEO-SP-4-UF_1_Rg80to1200-CE102040-0-4-S1_Run89.corems,"JGI/LBNL Standard Metabolomics Method, positive @10,20,40CE",JGI/LBNL Metabolomics Standard LC Method - Nonpolar C18,Thermo Orbitrap Q-Exactive,NMDC,JGI,2018-12-18T08:09:52Z,Exactive Series slot #2405,https://massive.ucsd.edu/ProteoSAFe/DownloadResultFile?file=f.MSV000093272%2F%2Fraw%2F20181217_KBL_TM_C18_Lakes_Geodes-Mendota_REDO%2Frawdata%2F20181217_KBL_TM_Lakes_GEODES_All3_QE-HF_C18_USDAY46918_POS_MSMS_23_GEO-SP-4-UF_1_Rg80to1200-CE102040-0-4-S1_Run89.mzML&forceDownload=true,['nmdc:sty-11-fkbnah04']
nmdc:bsm-11-0zddn388,/Volumes/LaCie/nmdc_data/mcmahon_11_fkbnah04/raw/20181217_KBL_TM_Lakes_GEODES_All3_QE-HF_C18_USDAY46918_POS_MSMS_7_GEO-ME-32-UF_1_Rg80to1200-CE102040-0-7-S1_Run36.mzML,/Volumes/LaCie/nmdc_data/mcmahon_11_fkbnah04/processed_20260706/20181217_KBL_TM_Lakes_GEODES_All3_QE-HF_C18_USDAY46918_POS_MSMS_7_GEO-ME-32-UF_1_Rg80to1200-CE102040-0-7-S1_Run36.corems,"JGI/LBNL Standard Metabolomics Method, positive @10,20,40CE",JGI/LBNL Metabolomics Standard LC Method - Nonpolar C18,Thermo Orbitrap Q-Exactive,NMDC,JGI,2018-12-17T20:51:24Z,Exactive Series slot #2405,https://massive.ucsd.edu/ProteoSAFe/DownloadResultFile?file=f.MSV000093272%2F%2Fraw%2F20181217_KBL_TM_C18_Lakes_Geodes-Mendota_REDO%2Frawdata%2F20181217_KBL_TM_Lakes_GEODES_All3_QE-HF_C18_USDAY46918_POS_MSMS_7_GEO-ME-32-UF_1_Rg80to1200-CE102040-0-7-S1_Run36.mzML&forceDownload=true,['nmdc:sty-11-fkbnah04']
nmdc:bsm-11-hzzj3m89,/Volumes/LaCie/nmdc_data/mcmahon_11_fkbnah04/raw/20181217_KBL_TM_Lakes_GEODES_All3_QE-HF_C18_USDAY46918_POS_MSMS_63_GEO-TB-16-F_1_Rg80to1200-CE102040-0-1-S1_Run230.mzML,/Volumes/LaCie/nmdc_data/mcmahon_11_fkbnah04/processed_20260706/20181217_KBL_TM_Lakes_GEODES_All3_QE-HF_C18_USDAY46918_POS_MSMS_63_GEO-TB-16-F_1_Rg80to1200-CE102040-0-1-S1_Run230.corems,"JGI/LBNL Standard Metabolomics Method, positive @10,20,40CE",JGI/LBNL Metabolomics Standard LC Method - Nonpolar C18,Thermo Orbitrap Q-Exactive,NMDC,JGI,2018-12-19T14:14:29Z,Exactive Series slot #2405,https://massive.ucsd.edu/ProteoSAFe/DownloadResultFile?file=f.MSV000093272%2F%2Fraw%2F20181217_KBL_TM_C18_Lakes_Geodes-Mendota_REDO%2Frawdata%2F20181217_KBL_TM_Lakes_GEODES_All3_QE-HF_C18_USDAY46918_POS_MSMS_63_GEO-TB-16-F_1_Rg80to1200-CE102040-0-1-S1_Run230.mzML&forceDownload=true,['nmdc:sty-11-fkbnah04']
nmdc:bsm-11-yn5fsd54,/Volumes/LaCie/nmdc_data/mcmahon_11_fkbnah04/raw/20181217_KBL_TM_Lakes_Mendota_DepthDate_QE-HF_C18_USDAY46918_POS_MSMS_20_ME-20171004-metabo-20_1_Rg80to1200-CE102040-10p8-S1_Run80.mzML,/Volumes/LaCie/nmdc_data/mcmahon_11_fkbnah04/processed_20260706/20181217_KBL_TM_Lakes_Mendota_DepthDate_QE-HF_C18_USDAY46918_POS_MSMS_20_ME-20171004-metabo-20_1_Rg80to1200-CE102040-10p8-S1_Run80.corems,"JGI/LBNL Standard Metabolomics Method, positive @10,20,40CE",JGI/LBNL Metabolomics Standard LC Method - Nonpolar C18,Thermo Orbitrap Q-Exactive,NMDC,JGI,2018-12-20T14:32:59Z,Exactive Series slot #2405,https://massive.ucsd.edu/ProteoSAFe/DownloadResultFile?file=f.MSV000093272%2F%2Fraw%2F20181217_KBL_TM_C18_Lakes_Geodes-Mendota_REDO%2Frawdata%2F20181217_KBL_TM_Lakes_Mendota_DepthDate_QE-HF_C18_USDAY46918_POS_MSMS_20_ME-20171004-metabo-20_1_Rg80to1200-CE102040-10p8-S1_Run80.mzML&forceDownload=true,['nmdc:sty-11-fkbnah04']
nmdc:bsm-11-d18yfj56,/Volumes/LaCie/nmdc_data/mcmahon_11_fkbnah04/raw/20181217_KBL_TM_Lakes_GEODES_All3_QE-HF_C18_USDAY46918_POS_MSMS_46_GEO-ME-44-F_1_Rg80to1200-CE102040-0-7-S1_Run171.mzML,/Volumes/LaCie/nmdc_data/mcmahon_11_fkbnah04/processed_20260706/20181217_KBL_TM_Lakes_GEODES_All3_QE-HF_C18_USDAY46918_POS_MSMS_46_GEO-ME-44-F_1_Rg80to1200-CE102040-0-7-S1_Run171.corems,"JGI/LBNL Standard Metabolomics Method, positive @10,20,40CE",JGI/LBNL Metabolomics Standard LC Method - Nonpolar C18,Thermo Orbitrap Q-Exactive,NMDC,JGI,2018-12-19T01:39:31Z,Exactive Series slot #2405,https://massive.ucsd.edu/ProteoSAFe/DownloadResultFile?file=f.MSV000093272%2F%2Fraw%2F20181217_KBL_TM_C18_Lakes_Geodes-Mendota_REDO%2Frawdata%2F20181217_KBL_TM_Lakes_GEODES_All3_QE-HF_C18_USDAY46918_POS_MSMS_46_GEO-ME-44-F_1_Rg80to1200-CE102040-0-7-S1_Run171.mzML&forceDownload=true,['nmdc:sty-11-fkbnah04']
nmdc:bsm-11-j68z9p10,/Volumes/LaCie/nmdc_data/mcmahon_11_fkbnah04/raw/20181217_KBL_TM_Lakes_GEODES_All3_QE-HF_C18_USDAY46918_POS_MSMS_65_GEO-TB-24-F_1_Rg80to1200-CE102040-0-1-S1_Run236.mzML,/Volumes/LaCie/nmdc_data/mcmahon_11_fkbnah04/processed_20260706/20181217_KBL_TM_Lakes_GEODES_All3_QE-HF_C18_USDAY46918_POS_MSMS_65_GEO-TB-24-F_1_Rg80to1200-CE102040-0-1-S1_Run236.corems,"JGI/LBNL Standard Metabolomics Method, positive @10,20,40CE",JGI/LBNL Metabolomics Standard LC Method - Nonpolar C18,Thermo Orbitrap Q-Exactive,NMDC,JGI,2018-12-19T15:31:23Z,Exactive Series slot #2405,https://massive.ucsd.edu/ProteoSAFe/DownloadResultFile?file=f.MSV000093272%2F%2Fraw%2F20181217_KBL_TM_C18_Lakes_Geodes-Mendota_REDO%2Frawdata%2F20181217_KBL_TM_Lakes_GEODES_All3_QE-HF_C18_USDAY46918_POS_MSMS_65_GEO-TB-24-F_1_Rg80to1200-CE102040-0-1-S1_Run236.mzML&forceDownload=true,['nmdc:sty-11-fkbnah04']
nmdc:bsm-11-zqhbrj43,/Volumes/LaCie/nmdc_data/mcmahon_11_fkbnah04/raw/20181217_KBL_TM_Lakes_GEODES_All3_QE-HF_C18_USDAY46918_POS_MSMS_17_GEO-SP-24-UF_1_Rg80to1200-CE102040-0-4-S1_Run71.mzML,/Volumes/LaCie/nmdc_data/mcmahon_11_fkbnah04/processed_20260706/20181217_KBL_TM_Lakes_GEODES_All3_QE-HF_C18_USDAY46918_POS_MSMS_17_GEO-SP-24-UF_1_Rg80to1200-CE102040-0-4-S1_Run71.corems,"JGI/LBNL Standard Metabolomics Method, positive @10,20,40CE",JGI/LBNL Metabolomics Standard LC Method - Nonpolar C18,Thermo Orbitrap Q-Exactive,NMDC,JGI,2018-12-18T04:19:18Z,Exactive Series slot #2405,https://massive.ucsd.edu/ProteoSAFe/DownloadResultFile?file=f.MSV000093272%2F%2Fraw%2F20181217_KBL_TM_C18_Lakes_Geodes-Mendota_REDO%2Frawdata%2F20181217_KBL_TM_Lakes_GEODES_All3_QE-HF_C18_USDAY46918_POS_MSMS_17_GEO-SP-24-UF_1_Rg80to1200-CE102040-0-4-S1_Run71.mzML&forceDownload=true,['nmdc:sty-11-fkbnah04']
nmdc:bsm-11-a8yjz495,/Volumes/LaCie/nmdc_data/mcmahon_11_fkbnah04/raw/20181217_KBL_TM_Lakes_Mendota_DepthDate_QE-HF_C18_USDAY46918_POS_MSMS_24_ME-20171004-metabo-24_1_Rg80to1200-CE102040-0p5-S1_Run95.mzML,/Volumes/LaCie/nmdc_data/mcmahon_11_fkbnah04/processed_20260706/20181217_KBL_TM_Lakes_Mendota_DepthDate_QE-HF_C18_USDAY46918_POS_MSMS_24_ME-20171004-metabo-24_1_Rg80to1200-CE102040-0p5-S1_Run95.corems,"JGI/LBNL Standard Metabolomics Method, positive @10,20,40CE",JGI/LBNL Metabolomics Standard LC Method - Nonpolar C18,Thermo Orbitrap Q-Exactive,NMDC,JGI,2018-12-20T17:45:11Z,Exactive Series slot #2405,https://massive.ucsd.edu/ProteoSAFe/DownloadResultFile?file=f.MSV000093272%2F%2Fraw%2F20181217_KBL_TM_C18_Lakes_Geodes-Mendota_REDO%2Frawdata%2F20181217_KBL_TM_Lakes_Mendota_DepthDate_QE-HF_C18_USDAY46918_POS_MSMS_24_ME-20171004-metabo-24_1_Rg80to1200-CE102040-0p5-S1_Run95.mzML&forceDownload=true,['nmdc:sty-11-fkbnah04']
nmdc:bsm-11-wnd5y780,/Volumes/LaCie/nmdc_data/mcmahon_11_fkbnah04/raw/20181217_KBL_TM_Lakes_GEODES_All3_QE-HF_C18_USDAY46918_POS_MSMS_33_GEO-TB-40-UF_1_Rg80to1200-CE102040-0-1-S1_Run127.mzML,/Volumes/LaCie/nmdc_data/mcmahon_11_fkbnah04/processed_20260706/20181217_KBL_TM_Lakes_GEODES_All3_QE-HF_C18_USDAY46918_POS_MSMS_33_GEO-TB-40-UF_1_Rg80to1200-CE102040-0-1-S1_Run127.corems,"JGI/LBNL Standard Metabolomics Method, positive @10,20,40CE",JGI/LBNL Metabolomics Standard LC Method - Nonpolar C18,Thermo Orbitrap Q-Exactive,NMDC,JGI,2018-12-18T16:16:18Z,Exactive Series slot #2405,https://massive.ucsd.edu/ProteoSAFe/DownloadResultFile?file=f.MSV000093272%2F%2Fraw%2F20181217_KBL_TM_C18_Lakes_Geodes-Mendota_REDO%2Frawdata%2F20181217_KBL_TM_Lakes_GEODES_All3_QE-HF_C18_USDAY46918_POS_MSMS_33_GEO-TB-40-UF_1_Rg80to1200-CE102040-0-1-S1_Run127.mzML&forceDownload=true,['nmdc:sty-11-fkbnah04']
nmdc:bsm-11-374kh928,/Volumes/LaCie/nmdc_data/mcmahon_11_fkbnah04/raw/20181217_KBL_TM_Lakes_GEODES_All3_QE-HF_C18_USDAY46918_POS_MSMS_71_GEO-TB-4-F_1_Rg80to1200-CE102040-0-1-S1_Run254.mzML,/Volumes/LaCie/nmdc_data/mcmahon_11_fkbnah04/processed_20260706/20181217_KBL_TM_Lakes_GEODES_All3_QE-HF_C18_USDAY46918_POS_MSMS_71_GEO-TB-4-F_1_Rg80to1200-CE102040-0-1-S1_Run254.corems,"JGI/LBNL Standard Metabolomics Method, positive @10,20,40CE",JGI/LBNL Metabolomics Standard LC Method - Nonpolar C18,Thermo Orbitrap Q-Exactive,NMDC,JGI,2018-12-19T19:22:05Z,Exactive Series slot #2405,https://massive.ucsd.edu/ProteoSAFe/DownloadResultFile?file=f.MSV000093272%2F%2Fraw%2F20181217_KBL_TM_C18_Lakes_Geodes-Mendota_REDO%2Frawdata%2F20181217_KBL_TM_Lakes_GEODES_All3_QE-HF_C18_USDAY46918_POS_MSMS_71_GEO-TB-4-F_1_Rg80to1200-CE102040-0-1-S1_Run254.mzML&forceDownload=true,['nmdc:sty-11-fkbnah04']
nmdc:bsm-11-6mmyx194,/Volumes/LaCie/nmdc_data/mcmahon_11_fkbnah04/raw/20181217_KBL_TM_Lakes_GEODES_All3_QE-HF_C18_USDAY46918_POS_MSMS_58_GEO-SP-44-F_1_Rg80to1200-CE102040-0-4-S1_Run210.mzML,/Volumes/LaCie/nmdc_data/mcmahon_11_fkbnah04/processed_20260706/20181217_KBL_TM_Lakes_GEODES_All3_QE-HF_C18_USDAY46918_POS_MSMS_58_GEO-SP-44-F_1_Rg80to1200-CE102040-0-4-S1_Run210.corems,"JGI/LBNL Standard Metabolomics Method, positive @10,20,40CE",JGI/LBNL Metabolomics Standard LC Method - Nonpolar C18,Thermo Orbitrap Q-Exactive,NMDC,JGI,2018-12-19T09:58:55Z,Exactive Series slot #2405,https://massive.ucsd.edu/ProteoSAFe/DownloadResultFile?file=f.MSV000093272%2F%2Fraw%2F20181217_KBL_TM_C18_Lakes_Geodes-Mendota_REDO%2Frawdata%2F20181217_KBL_TM_Lakes_GEODES_All3_QE-HF_C18_USDAY46918_POS_MSMS_58_GEO-SP-44-F_1_Rg80to1200-CE102040-0-4-S1_Run210.mzML&forceDownload=true,['nmdc:sty-11-fkbnah04']
nmdc:bsm-11-qct7w415,/Volumes/LaCie/nmdc_data/mcmahon_11_fkbnah04/raw/20181217_KBL_TM_Lakes_GEODES_All3_QE-HF_C18_USDAY46918_POS_MSMS_37_GEO-ME-0-F_1_Rg80to1200-CE102040-0-7-S1_Run139.mzML,/Volumes/LaCie/nmdc_data/mcmahon_11_fkbnah04/processed_20260706/20181217_KBL_TM_Lakes_GEODES_All3_QE-HF_C18_USDAY46918_POS_MSMS_37_GEO-ME-0-F_1_Rg80to1200-CE102040-0-7-S1_Run139.corems,"JGI/LBNL Standard Metabolomics Method, positive @10,20,40CE",JGI/LBNL Metabolomics Standard LC Method - Nonpolar C18,Thermo Orbitrap Q-Exactive,NMDC,JGI,2018-12-18T18:50:05Z,Exactive Series slot #2405,https://massive.ucsd.edu/ProteoSAFe/DownloadResultFile?file=f.MSV000093272%2F%2Fraw%2F20181217_KBL_TM_C18_Lakes_Geodes-Mendota_REDO%2Frawdata%2F20181217_KBL_TM_Lakes_GEODES_All3_QE-HF_C18_USDAY46918_POS_MSMS_37_GEO-ME-0-F_1_Rg80to1200-CE102040-0-7-S1_Run139.mzML&forceDownload=true,['nmdc:sty-11-fkbnah04']
nmdc:bsm-11-afg62k16,/Volumes/LaCie/nmdc_data/mcmahon_11_fkbnah04/raw/20181217_KBL_TM_Lakes_GEODES_All3_QE-HF_C18_USDAY46918_POS_MSMS_56_GEO-SP-36-F_1_Rg80to1200-CE102040-0-4-S1_Run204.mzML,/Volumes/LaCie/nmdc_data/mcmahon_11_fkbnah04/processed_20260706/20181217_KBL_TM_Lakes_GEODES_All3_QE-HF_C18_USDAY46918_POS_MSMS_56_GEO-SP-36-F_1_Rg80to1200-CE102040-0-4-S1_Run204.corems,"JGI/LBNL Standard Metabolomics Method, positive @10,20,40CE",JGI/LBNL Metabolomics Standard LC Method - Nonpolar C18,Thermo Orbitrap Q-Exactive,NMDC,JGI,2018-12-19T08:42:03Z,Exactive Series slot #2405,https://massive.ucsd.edu/ProteoSAFe/DownloadResultFile?file=f.MSV000093272%2F%2Fraw%2F20181217_KBL_TM_C18_Lakes_Geodes-Mendota_REDO%2Frawdata%2F20181217_KBL_TM_Lakes_GEODES_All3_QE-HF_C18_USDAY46918_POS_MSMS_56_GEO-SP-36-F_1_Rg80to1200-CE102040-0-4-S1_Run204.mzML&forceDownload=true,['nmdc:sty-11-fkbnah04']
nmdc:bsm-11-wnd5y780,/Volumes/LaCie/nmdc_data/mcmahon_11_fkbnah04/raw/20181217_KBL_TM_Lakes_GEODES_All3_QE-HF_C18_USDAY46918_POS_MSMS_69_GEO-TB-40-F_1_Rg80to1200-CE102040-0-1-S1_Run248.mzML,/Volumes/LaCie/nmdc_data/mcmahon_11_fkbnah04/processed_20260706/20181217_KBL_TM_Lakes_GEODES_All3_QE-HF_C18_USDAY46918_POS_MSMS_69_GEO-TB-40-F_1_Rg80to1200-CE102040-0-1-S1_Run248.corems,"JGI/LBNL Standard Metabolomics Method, positive @10,20,40CE",JGI/LBNL Metabolomics Standard LC Method - Nonpolar C18,Thermo Orbitrap Q-Exactive,NMDC,JGI,2018-12-19T18:05:10Z,Exactive Series slot #2405,https://massive.ucsd.edu/ProteoSAFe/DownloadResultFile?file=f.MSV000093272%2F%2Fraw%2F20181217_KBL_TM_C18_Lakes_Geodes-Mendota_REDO%2Frawdata%2F20181217_KBL_TM_Lakes_GEODES_All3_QE-HF_C18_USDAY46918_POS_MSMS_69_GEO-TB-40-F_1_Rg80to1200-CE102040-0-1-S1_Run248.mzML&forceDownload=true,['nmdc:sty-11-fkbnah04']
nmdc:bsm-11-vb6nnt31,/Volumes/LaCie/nmdc_data/mcmahon_11_fkbnah04/raw/20181217_KBL_TM_Lakes_GEODES_All3_QE-HF_C18_USDAY46918_POS_MSMS_57_GEO-SP-40-F_1_Rg80to1200-CE102040-0-4-S1_Run207.mzML,/Volumes/LaCie/nmdc_data/mcmahon_11_fkbnah04/processed_20260706/20181217_KBL_TM_Lakes_GEODES_All3_QE-HF_C18_USDAY46918_POS_MSMS_57_GEO-SP-40-F_1_Rg80to1200-CE102040-0-4-S1_Run207.corems,"JGI/LBNL Standard Metabolomics Method, positive @10,20,40CE",JGI/LBNL Metabolomics Standard LC Method - Nonpolar C18,Thermo Orbitrap Q-Exactive,NMDC,JGI,2018-12-19T09:20:33Z,Exactive Series slot #2405,https://massive.ucsd.edu/ProteoSAFe/DownloadResultFile?file=f.MSV000093272%2F%2Fraw%2F20181217_KBL_TM_C18_Lakes_Geodes-Mendota_REDO%2Frawdata%2F20181217_KBL_TM_Lakes_GEODES_All3_QE-HF_C18_USDAY46918_POS_MSMS_57_GEO-SP-40-F_1_Rg80to1200-CE102040-0-4-S1_Run207.mzML&forceDownload=true,['nmdc:sty-11-fkbnah04']
nmdc:bsm-11-tsd7z567,/Volumes/LaCie/nmdc_data/mcmahon_11_fkbnah04/raw/20181217_KBL_TM_Lakes_GEODES_All3_QE-HF_C18_USDAY46918_POS_MSMS_16_GEO-SP-20-UF_1_Rg80to1200-CE102040-0-4-S1_Run68.mzML,/Volumes/LaCie/nmdc_data/mcmahon_11_fkbnah04/processed_20260706/20181217_KBL_TM_Lakes_GEODES_All3_QE-HF_C18_USDAY46918_POS_MSMS_16_GEO-SP-20-UF_1_Rg80to1200-CE102040-0-4-S1_Run68.corems,"JGI/LBNL Standard Metabolomics Method, positive @10,20,40CE",JGI/LBNL Metabolomics Standard LC Method - Nonpolar C18,Thermo Orbitrap Q-Exactive,NMDC,JGI,2018-12-18T03:40:53Z,Exactive Series slot #2405,https://massive.ucsd.edu/ProteoSAFe/DownloadResultFile?file=f.MSV000093272%2F%2Fraw%2F20181217_KBL_TM_C18_Lakes_Geodes-Mendota_REDO%2Frawdata%2F20181217_KBL_TM_Lakes_GEODES_All3_QE-HF_C18_USDAY46918_POS_MSMS_16_GEO-SP-20-UF_1_Rg80to1200-CE102040-0-4-S1_Run68.mzML&forceDownload=true,['nmdc:sty-11-fkbnah04']
nmdc:bsm-11-j68z9p10,/Volumes/LaCie/nmdc_data/mcmahon_11_fkbnah04/raw/20181217_KBL_TM_Lakes_GEODES_All3_QE-HF_C18_USDAY46918_POS_MSMS_29_GEO-TB-24-UF_1_Rg80to1200-CE102040-0-1-S1_Run110.mzML,/Volumes/LaCie/nmdc_data/mcmahon_11_fkbnah04/processed_20260706/20181217_KBL_TM_Lakes_GEODES_All3_QE-HF_C18_USDAY46918_POS_MSMS_29_GEO-TB-24-UF_1_Rg80to1200-CE102040-0-1-S1_Run110.corems,"JGI/LBNL Standard Metabolomics Method, positive @10,20,40CE",JGI/LBNL Metabolomics Standard LC Method - Nonpolar C18,Thermo Orbitrap Q-Exactive,NMDC,JGI,2018-12-18T12:38:58Z,Exactive Series slot #2405,https://massive.ucsd.edu/ProteoSAFe/DownloadResultFile?file=f.MSV000093272%2F%2Fraw%2F20181217_KBL_TM_C18_Lakes_Geodes-Mendota_REDO%2Frawdata%2F20181217_KBL_TM_Lakes_GEODES_All3_QE-HF_C18_USDAY46918_POS_MSMS_29_GEO-TB-24-UF_1_Rg80to1200-CE102040-0-1-S1_Run110.mzML&forceDownload=true,['nmdc:sty-11-fkbnah04']
nmdc:bsm-11-zqhbrj43,/Volumes/LaCie/nmdc_data/mcmahon_11_fkbnah04/raw/20181217_KBL_TM_Lakes_GEODES_All3_QE-HF_C18_USDAY46918_POS_MSMS_53_GEO-SP-24-F_1_Rg80to1200-CE102040-0-4-S1_Run192.mzML,/Volumes/LaCie/nmdc_data/mcmahon_11_fkbnah04/processed_20260706/20181217_KBL_TM_Lakes_GEODES_All3_QE-HF_C18_USDAY46918_POS_MSMS_53_GEO-SP-24-F_1_Rg80to1200-CE102040-0-4-S1_Run192.corems,"JGI/LBNL Standard Metabolomics Method, positive @10,20,40CE",JGI/LBNL Metabolomics Standard LC Method - Nonpolar C18,Thermo Orbitrap Q-Exactive,NMDC,JGI,2018-12-19T06:08:26Z,Exactive Series slot #2405,https://massive.ucsd.edu/ProteoSAFe/DownloadResultFile?file=f.MSV000093272%2F%2Fraw%2F20181217_KBL_TM_C18_Lakes_Geodes-Mendota_REDO%2Frawdata%2F20181217_KBL_TM_Lakes_GEODES_All3_QE-HF_C18_USDAY46918_POS_MSMS_53_GEO-SP-24-F_1_Rg80to1200-CE102040-0-4-S1_Run192.mzML&forceDownload=true,['nmdc:sty-11-fkbnah04']
nmdc:bsm-11-re18d216,/Volumes/LaCie/nmdc_data/mcmahon_11_fkbnah04/raw/20181217_KBL_TM_Lakes_Mendota_DepthDate_QE-HF_C18_USDAY46918_POS_MSMS_4_ME-20170811-metabo-4_1_Rg80to1200-CE102040-13p15-S1_Run24.mzML,/Volumes/LaCie/nmdc_data/mcmahon_11_fkbnah04/processed_20260706/20181217_KBL_TM_Lakes_Mendota_DepthDate_QE-HF_C18_USDAY46918_POS_MSMS_4_ME-20170811-metabo-4_1_Rg80to1200-CE102040-13p15-S1_Run24.corems,"JGI/LBNL Standard Metabolomics Method, positive @10,20,40CE",JGI/LBNL Metabolomics Standard LC Method - Nonpolar C18,Thermo Orbitrap Q-Exactive,NMDC,JGI,2018-12-20T02:36:07Z,Exactive Series slot #2405,https://massive.ucsd.edu/ProteoSAFe/DownloadResultFile?file=f.MSV000093272%2F%2Fraw%2F20181217_KBL_TM_C18_Lakes_Geodes-Mendota_REDO%2Frawdata%2F20181217_KBL_TM_Lakes_Mendota_DepthDate_QE-HF_C18_USDAY46918_POS_MSMS_4_ME-20170811-metabo-4_1_Rg80to1200-CE102040-13p15-S1_Run24.mzML&forceDownload=true,['nmdc:sty-11-fkbnah04']
nmdc:bsm-11-yt9w9g86,/Volumes/LaCie/nmdc_data/mcmahon_11_fkbnah04/raw/20181217_KBL_TM_Lakes_GEODES_All3_QE-HF_C18_USDAY46918_POS_MSMS_50_GEO-SP-12-F_1_Rg80to1200-CE102040-0-4-S1_Run183.mzML,/Volumes/LaCie/nmdc_data/mcmahon_11_fkbnah04/processed_20260706/20181217_KBL_TM_Lakes_GEODES_All3_QE-HF_C18_USDAY46918_POS_MSMS_50_GEO-SP-12-F_1_Rg80to1200-CE102040-0-4-S1_Run183.corems,"JGI/LBNL Standard Metabolomics Method, positive @10,20,40CE",JGI/LBNL Metabolomics Standard LC Method - Nonpolar C18,Thermo Orbitrap Q-Exactive,NMDC,JGI,2018-12-19T04:13:09Z,Exactive Series slot #2405,https://massive.ucsd.edu/ProteoSAFe/DownloadResultFile?file=f.MSV000093272%2F%2Fraw%2F20181217_KBL_TM_C18_Lakes_Geodes-Mendota_REDO%2Frawdata%2F20181217_KBL_TM_Lakes_GEODES_All3_QE-HF_C18_USDAY46918_POS_MSMS_50_GEO-SP-12-F_1_Rg80to1200-CE102040-0-4-S1_Run183.mzML&forceDownload=true,['nmdc:sty-11-fkbnah04']
nmdc:bsm-11-vb6nnt31,/Volumes/LaCie/nmdc_data/mcmahon_11_fkbnah04/raw/20181217_KBL_TM_Lakes_GEODES_All3_QE-HF_C18_USDAY46918_POS_MSMS_21_GEO-SP-40-UF_1_Rg80to1200-CE102040-0-4-S1_Run83.mzML,/Volumes/LaCie/nmdc_data/mcmahon_11_fkbnah04/processed_20260706/20181217_KBL_TM_Lakes_GEODES_All3_QE-HF_C18_USDAY46918_POS_MSMS_21_GEO-SP-40-UF_1_Rg80to1200-CE102040-0-4-S1_Run83.corems,"JGI/LBNL Standard Metabolomics Method, positive @10,20,40CE",JGI/LBNL Metabolomics Standard LC Method - Nonpolar C18,Thermo Orbitrap Q-Exactive,NMDC,JGI,2018-12-18T06:53:00Z,Exactive Series slot #2405,https://massive.ucsd.edu/ProteoSAFe/DownloadResultFile?file=f.MSV000093272%2F%2Fraw%2F20181217_KBL_TM_C18_Lakes_Geodes-Mendota_REDO%2Frawdata%2F20181217_KBL_TM_Lakes_GEODES_All3_QE-HF_C18_USDAY46918_POS_MSMS_21_GEO-SP-40-UF_1_Rg80to1200-CE102040-0-4-S1_Run83.mzML&forceDownload=true,['nmdc:sty-11-fkbnah04']
nmdc:bsm-11-gpkjsg19,/Volumes/LaCie/nmdc_data/mcmahon_11_fkbnah04/raw/20181217_KBL_TM_Lakes_GEODES_All3_QE-HF_C18_USDAY46918_POS_MSMS_28_GEO-TB-20-UF_1_Rg80to1200-CE102040-0-1-S1_Run107.mzML,/Volumes/LaCie/nmdc_data/mcmahon_11_fkbnah04/processed_20260706/20181217_KBL_TM_Lakes_GEODES_All3_QE-HF_C18_USDAY46918_POS_MSMS_28_GEO-TB-20-UF_1_Rg80to1200-CE102040-0-1-S1_Run107.corems,"JGI/LBNL Standard Metabolomics Method, positive @10,20,40CE",JGI/LBNL Metabolomics Standard LC Method - Nonpolar C18,Thermo Orbitrap Q-Exactive,NMDC,JGI,2018-12-18T12:00:33Z,Exactive Series slot #2405,https://massive.ucsd.edu/ProteoSAFe/DownloadResultFile?file=f.MSV000093272%2F%2Fraw%2F20181217_KBL_TM_C18_Lakes_Geodes-Mendota_REDO%2Frawdata%2F20181217_KBL_TM_Lakes_GEODES_All3_QE-HF_C18_USDAY46918_POS_MSMS_28_GEO-TB-20-UF_1_Rg80to1200-CE102040-0-1-S1_Run107.mzML&forceDownload=true,['nmdc:sty-11-fkbnah04']
nmdc:bsm-11-d18yfj56,/Volumes/LaCie/nmdc_data/mcmahon_11_fkbnah04/raw/20181217_KBL_TM_Lakes_GEODES_All3_QE-HF_C18_USDAY46918_POS_MSMS_10_GEO-ME-44-UF_1_Rg80to1200-CE102040-0-7-S1_Run45.mzML,/Volumes/LaCie/nmdc_data/mcmahon_11_fkbnah04/processed_20260706/20181217_KBL_TM_Lakes_GEODES_All3_QE-HF_C18_USDAY46918_POS_MSMS_10_GEO-ME-44-UF_1_Rg80to1200-CE102040-0-7-S1_Run45.corems,"JGI/LBNL Standard Metabolomics Method, positive @10,20,40CE",JGI/LBNL Metabolomics Standard LC Method - Nonpolar C18,Thermo Orbitrap Q-Exactive,NMDC,JGI,2018-12-17T22:46:41Z,Exactive Series slot #2405,https://massive.ucsd.edu/ProteoSAFe/DownloadResultFile?file=f.MSV000093272%2F%2Fraw%2F20181217_KBL_TM_C18_Lakes_Geodes-Mendota_REDO%2Frawdata%2F20181217_KBL_TM_Lakes_GEODES_All3_QE-HF_C18_USDAY46918_POS_MSMS_10_GEO-ME-44-UF_1_Rg80to1200-CE102040-0-7-S1_Run45.mzML&forceDownload=true,['nmdc:sty-11-fkbnah04']
nmdc:bsm-11-8smkxv71,/Volumes/LaCie/nmdc_data/mcmahon_11_fkbnah04/raw/20181217_KBL_TM_Lakes_GEODES_All3_QE-HF_C18_USDAY46918_POS_MSMS_54_GEO-SP-28-F_1_Rg80to1200-CE102040-0-4-S1_Run198.mzML,/Volumes/LaCie/nmdc_data/mcmahon_11_fkbnah04/processed_20260706/20181217_KBL_TM_Lakes_GEODES_All3_QE-HF_C18_USDAY46918_POS_MSMS_54_GEO-SP-28-F_1_Rg80to1200-CE102040-0-4-S1_Run198.corems,"JGI/LBNL Standard Metabolomics Method, positive @10,20,40CE",JGI/LBNL Metabolomics Standard LC Method - Nonpolar C18,Thermo Orbitrap Q-Exactive,NMDC,JGI,2018-12-19T07:25:13Z,Exactive Series slot #2405,https://massive.ucsd.edu/ProteoSAFe/DownloadResultFile?file=f.MSV000093272%2F%2Fraw%2F20181217_KBL_TM_C18_Lakes_Geodes-Mendota_REDO%2Frawdata%2F20181217_KBL_TM_Lakes_GEODES_All3_QE-HF_C18_USDAY46918_POS_MSMS_54_GEO-SP-28-F_1_Rg80to1200-CE102040-0-4-S1_Run198.mzML&forceDownload=true,['nmdc:sty-11-fkbnah04']
nmdc:bsm-11-4z1r3c62,/Volumes/LaCie/nmdc_data/mcmahon_11_fkbnah04/raw/20181217_KBL_TM_Lakes_GEODES_All3_QE-HF_C18_USDAY46918_POS_MSMS_39_GEO-ME-16-F_1_Rg80to1200-CE102040-0-7-S1_Run145.mzML,/Volumes/LaCie/nmdc_data/mcmahon_11_fkbnah04/processed_20260706/20181217_KBL_TM_Lakes_GEODES_All3_QE-HF_C18_USDAY46918_POS_MSMS_39_GEO-ME-16-F_1_Rg80to1200-CE102040-0-7-S1_Run145.corems,"JGI/LBNL Standard Metabolomics Method, positive @10,20,40CE",JGI/LBNL Metabolomics Standard LC Method - Nonpolar C18,Thermo Orbitrap Q-Exactive,NMDC,JGI,2018-12-18T20:06:54Z,Exactive Series slot #2405,https://massive.ucsd.edu/ProteoSAFe/DownloadResultFile?file=f.MSV000093272%2F%2Fraw%2F20181217_KBL_TM_C18_Lakes_Geodes-Mendota_REDO%2Frawdata%2F20181217_KBL_TM_Lakes_GEODES_All3_QE-HF_C18_USDAY46918_POS_MSMS_39_GEO-ME-16-F_1_Rg80to1200-CE102040-0-7-S1_Run145.mzML&forceDownload=true,['nmdc:sty-11-fkbnah04']
nmdc:bsm-11-ne7eez40,/Volumes/LaCie/nmdc_data/mcmahon_11_fkbnah04/raw/20181217_KBL_TM_Lakes_GEODES_All3_QE-HF_C18_USDAY46918_POS_MSMS_9_GEO-ME-40-UF_1_Rg80to1200-CE102040-0-7-S1_Run42.mzML,/Volumes/LaCie/nmdc_data/mcmahon_11_fkbnah04/processed_20260706/20181217_KBL_TM_Lakes_GEODES_All3_QE-HF_C18_USDAY46918_POS_MSMS_9_GEO-ME-40-UF_1_Rg80to1200-CE102040-0-7-S1_Run42.corems,"JGI/LBNL Standard Metabolomics Method, positive @10,20,40CE",JGI/LBNL Metabolomics Standard LC Method - Nonpolar C18,Thermo Orbitrap Q-Exactive,NMDC,JGI,2018-12-17T22:08:14Z,Exactive Series slot #2405,https://massive.ucsd.edu/ProteoSAFe/DownloadResultFile?file=f.MSV000093272%2F%2Fraw%2F20181217_KBL_TM_C18_Lakes_Geodes-Mendota_REDO%2Frawdata%2F20181217_KBL_TM_Lakes_GEODES_All3_QE-HF_C18_USDAY46918_POS_MSMS_9_GEO-ME-40-UF_1_Rg80to1200-CE102040-0-7-S1_Run42.mzML&forceDownload=true,['nmdc:sty-11-fkbnah04']
nmdc:bsm-11-kh61sg45,/Volumes/LaCie/nmdc_data/mcmahon_11_fkbnah04/raw/20181217_KBL_TM_Lakes_GEODES_All3_QE-HF_C18_USDAY46918_POS_MSMS_42_GEO-ME-28-F_1_Rg80to1200-CE102040-0-7-S1_Run154.mzML,/Volumes/LaCie/nmdc_data/mcmahon_11_fkbnah04/processed_20260706/20181217_KBL_TM_Lakes_GEODES_All3_QE-HF_C18_USDAY46918_POS_MSMS_42_GEO-ME-28-F_1_Rg80to1200-CE102040-0-7-S1_Run154.corems,"JGI/LBNL Standard Metabolomics Method, positive @10,20,40CE",JGI/LBNL Metabolomics Standard LC Method - Nonpolar C18,Thermo Orbitrap Q-Exactive,NMDC,JGI,2018-12-18T22:02:13Z,Exactive Series slot #2405,https://massive.ucsd.edu/ProteoSAFe/DownloadResultFile?file=f.MSV000093272%2F%2Fraw%2F20181217_KBL_TM_C18_Lakes_Geodes-Mendota_REDO%2Frawdata%2F20181217_KBL_TM_Lakes_GEODES_All3_QE-HF_C18_USDAY46918_POS_MSMS_42_GEO-ME-28-F_1_Rg80to1200-CE102040-0-7-S1_Run154.mzML&forceDownload=true,['nmdc:sty-11-fkbnah04']
nmdc:bsm-11-a8yjz495,/Volumes/LaCie/nmdc_data/mcmahon_11_fkbnah04/raw/20181217_KBL_TM_Lakes_GEODES_All3_QE-HF_C18_USDAY46918_POS_MSMS_41_GEO-ME-24-F_1_Rg80to1200-CE102040-0-7-S1_Run151.mzML,/Volumes/LaCie/nmdc_data/mcmahon_11_fkbnah04/processed_20260706/20181217_KBL_TM_Lakes_GEODES_All3_QE-HF_C18_USDAY46918_POS_MSMS_41_GEO-ME-24-F_1_Rg80to1200-CE102040-0-7-S1_Run151.corems,"JGI/LBNL Standard Metabolomics Method, positive @10,20,40CE",JGI/LBNL Metabolomics Standard LC Method - Nonpolar C18,Thermo Orbitrap Q-Exactive,NMDC,JGI,2018-12-18T21:23:46Z,Exactive Series slot #2405,https://massive.ucsd.edu/ProteoSAFe/DownloadResultFile?file=f.MSV000093272%2F%2Fraw%2F20181217_KBL_TM_C18_Lakes_Geodes-Mendota_REDO%2Frawdata%2F20181217_KBL_TM_Lakes_GEODES_All3_QE-HF_C18_USDAY46918_POS_MSMS_41_GEO-ME-24-F_1_Rg80to1200-CE102040-0-7-S1_Run151.mzML&forceDownload=true,['nmdc:sty-11-fkbnah04']
nmdc:bsm-11-6xpbap29,/Volumes/LaCie/nmdc_data/mcmahon_11_fkbnah04/raw/20181217_KBL_TM_Lakes_GEODES_All3_QE-HF_C18_USDAY46918_POS_MSMS_30_GEO-TB-28-UF_1_Rg80to1200-CE102040-0-1-S1_Run113.mzML,/Volumes/LaCie/nmdc_data/mcmahon_11_fkbnah04/processed_20260706/20181217_KBL_TM_Lakes_GEODES_All3_QE-HF_C18_USDAY46918_POS_MSMS_30_GEO-TB-28-UF_1_Rg80to1200-CE102040-0-1-S1_Run113.corems,"JGI/LBNL Standard Metabolomics Method, positive @10,20,40CE",JGI/LBNL Metabolomics Standard LC Method - Nonpolar C18,Thermo Orbitrap Q-Exactive,NMDC,JGI,2018-12-18T13:17:25Z,Exactive Series slot #2405,https://massive.ucsd.edu/ProteoSAFe/DownloadResultFile?file=f.MSV000093272%2F%2Fraw%2F20181217_KBL_TM_C18_Lakes_Geodes-Mendota_REDO%2Frawdata%2F20181217_KBL_TM_Lakes_GEODES_All3_QE-HF_C18_USDAY46918_POS_MSMS_30_GEO-TB-28-UF_1_Rg80to1200-CE102040-0-1-S1_Run113.mzML&forceDownload=true,['nmdc:sty-11-fkbnah04']
nmdc:bsm-11-4z1r3c62,/Volumes/LaCie/nmdc_data/mcmahon_11_fkbnah04/raw/20181217_KBL_TM_Lakes_GEODES_All3_QE-HF_C18_USDAY46918_POS_MSMS_3_GEO-ME-16-UF_1_Rg80to1200-CE102040-0-7-S1_Run24.mzML,/Volumes/LaCie/nmdc_data/mcmahon_11_fkbnah04/processed_20260706/20181217_KBL_TM_Lakes_GEODES_All3_QE-HF_C18_USDAY46918_POS_MSMS_3_GEO-ME-16-UF_1_Rg80to1200-CE102040-0-7-S1_Run24.corems,"JGI/LBNL Standard Metabolomics Method, positive @10,20,40CE",JGI/LBNL Metabolomics Standard LC Method - Nonpolar C18,Thermo Orbitrap Q-Exactive,NMDC,JGI,2018-12-17T18:17:38Z,Exactive Series slot #2405,https://massive.ucsd.edu/ProteoSAFe/DownloadResultFile?file=f.MSV000093272%2F%2Fraw%2F20181217_KBL_TM_C18_Lakes_Geodes-Mendota_REDO%2Frawdata%2F20181217_KBL_TM_Lakes_GEODES_All3_QE-HF_C18_USDAY46918_POS_MSMS_3_GEO-ME-16-UF_1_Rg80to1200-CE102040-0-7-S1_Run24.mzML&forceDownload=true,['nmdc:sty-11-fkbnah04']
nmdc:bsm-11-3jnvb928,/Volumes/LaCie/nmdc_data/mcmahon_11_fkbnah04/raw/20181217_KBL_TM_Lakes_GEODES_All3_QE-HF_C18_USDAY46918_POS_MSMS_15_GEO-SP-16-UF_1_Rg80to1200-CE102040-0-4-S1_Run60.mzML,/Volumes/LaCie/nmdc_data/mcmahon_11_fkbnah04/processed_20260706/20181217_KBL_TM_Lakes_GEODES_All3_QE-HF_C18_USDAY46918_POS_MSMS_15_GEO-SP-16-UF_1_Rg80to1200-CE102040-0-4-S1_Run60.corems,"JGI/LBNL Standard Metabolomics Method, positive @10,20,40CE",JGI/LBNL Metabolomics Standard LC Method - Nonpolar C18,Thermo Orbitrap Q-Exactive,NMDC,JGI,2018-12-18T01:58:52Z,Exactive Series slot #2405,https://massive.ucsd.edu/ProteoSAFe/DownloadResultFile?file=f.MSV000093272%2F%2Fraw%2F20181217_KBL_TM_C18_Lakes_Geodes-Mendota_REDO%2Frawdata%2F20181217_KBL_TM_Lakes_GEODES_All3_QE-HF_C18_USDAY46918_POS_MSMS_15_GEO-SP-16-UF_1_Rg80to1200-CE102040-0-4-S1_Run60.mzML&forceDownload=true,['nmdc:sty-11-fkbnah04']
nmdc:bsm-11-8smkxv71,/Volumes/LaCie/nmdc_data/mcmahon_11_fkbnah04/raw/20181217_KBL_TM_Lakes_GEODES_All3_QE-HF_C18_USDAY46918_POS_MSMS_18_GEO-SP-28-UF_1_Rg80to1200-CE102040-0-4-S1_Run74.mzML,/Volumes/LaCie/nmdc_data/mcmahon_11_fkbnah04/processed_20260706/20181217_KBL_TM_Lakes_GEODES_All3_QE-HF_C18_USDAY46918_POS_MSMS_18_GEO-SP-28-UF_1_Rg80to1200-CE102040-0-4-S1_Run74.corems,"JGI/LBNL Standard Metabolomics Method, positive @10,20,40CE",JGI/LBNL Metabolomics Standard LC Method - Nonpolar C18,Thermo Orbitrap Q-Exactive,NMDC,JGI,2018-12-18T04:57:43Z,Exactive Series slot #2405,https://massive.ucsd.edu/ProteoSAFe/DownloadResultFile?file=f.MSV000093272%2F%2Fraw%2F20181217_KBL_TM_C18_Lakes_Geodes-Mendota_REDO%2Frawdata%2F20181217_KBL_TM_Lakes_GEODES_All3_QE-HF_C18_USDAY46918_POS_MSMS_18_GEO-SP-28-UF_1_Rg80to1200-CE102040-0-4-S1_Run74.mzML&forceDownload=true,['nmdc:sty-11-fkbnah04']
nmdc:bsm-11-1b773e81,/Volumes/LaCie/nmdc_data/mcmahon_11_fkbnah04/raw/20181217_KBL_TM_Lakes_Mendota_DepthDate_QE-HF_C18_USDAY46918_POS_MSMS_12_ME-20170908-metabo-12_1_Rg80to1200-CE102040-14p5-S1_Run51.mzML,/Volumes/LaCie/nmdc_data/mcmahon_11_fkbnah04/processed_20260706/20181217_KBL_TM_Lakes_Mendota_DepthDate_QE-HF_C18_USDAY46918_POS_MSMS_12_ME-20170908-metabo-12_1_Rg80to1200-CE102040-14p5-S1_Run51.corems,"JGI/LBNL Standard Metabolomics Method, positive @10,20,40CE",JGI/LBNL Metabolomics Standard LC Method - Nonpolar C18,Thermo Orbitrap Q-Exactive,NMDC,JGI,2018-12-20T08:21:58Z,Exactive Series slot #2405,https://massive.ucsd.edu/ProteoSAFe/DownloadResultFile?file=f.MSV000093272%2F%2Fraw%2F20181217_KBL_TM_C18_Lakes_Geodes-Mendota_REDO%2Frawdata%2F20181217_KBL_TM_Lakes_Mendota_DepthDate_QE-HF_C18_USDAY46918_POS_MSMS_12_ME-20170908-metabo-12_1_Rg80to1200-CE102040-14p5-S1_Run51.mzML&forceDownload=true,['nmdc:sty-11-fkbnah04']
nmdc:bsm-11-afg62k16,/Volumes/LaCie/nmdc_data/mcmahon_11_fkbnah04/raw/20181217_KBL_TM_Lakes_GEODES_All3_QE-HF_C18_USDAY46918_POS_MSMS_20_GEO-SP-36-UF_1_Rg80to1200-CE102040-0-4-S1_Run80.mzML,/Volumes/LaCie/nmdc_data/mcmahon_11_fkbnah04/processed_20260706/20181217_KBL_TM_Lakes_GEODES_All3_QE-HF_C18_USDAY46918_POS_MSMS_20_GEO-SP-36-UF_1_Rg80to1200-CE102040-0-4-S1_Run80.corems,"JGI/LBNL Standard Metabolomics Method, positive @10,20,40CE",JGI/LBNL Metabolomics Standard LC Method - Nonpolar C18,Thermo Orbitrap Q-Exactive,NMDC,JGI,2018-12-18T06:14:35Z,Exactive Series slot #2405,https://massive.ucsd.edu/ProteoSAFe/DownloadResultFile?file=f.MSV000093272%2F%2Fraw%2F20181217_KBL_TM_C18_Lakes_Geodes-Mendota_REDO%2Frawdata%2F20181217_KBL_TM_Lakes_GEODES_All3_QE-HF_C18_USDAY46918_POS_MSMS_20_GEO-SP-36-UF_1_Rg80to1200-CE102040-0-4-S1_Run80.mzML&forceDownload=true,['nmdc:sty-11-fkbnah04']
nmdc:bsm-11-n3a77650,/Volumes/LaCie/nmdc_data/mcmahon_11_fkbnah04/raw/20181217_KBL_TM_Lakes_GEODES_All3_QE-HF_C18_USDAY46918_POS_MSMS_36_GEO-TB-8-UF_1_Rg80to1200-CE102040-0-1-S1_Run136.mzML,/Volumes/LaCie/nmdc_data/mcmahon_11_fkbnah04/processed_20260706/20181217_KBL_TM_Lakes_GEODES_All3_QE-HF_C18_USDAY46918_POS_MSMS_36_GEO-TB-8-UF_1_Rg80to1200-CE102040-0-1-S1_Run136.corems,"JGI/LBNL Standard Metabolomics Method, positive @10,20,40CE",JGI/LBNL Metabolomics Standard LC Method - Nonpolar C18,Thermo Orbitrap Q-Exactive,NMDC,JGI,2018-12-18T18:11:40Z,Exactive Series slot #2405,https://massive.ucsd.edu/ProteoSAFe/DownloadResultFile?file=f.MSV000093272%2F%2Fraw%2F20181217_KBL_TM_C18_Lakes_Geodes-Mendota_REDO%2Frawdata%2F20181217_KBL_TM_Lakes_GEODES_All3_QE-HF_C18_USDAY46918_POS_MSMS_36_GEO-TB-8-UF_1_Rg80to1200-CE102040-0-1-S1_Run136.mzML&forceDownload=true,['nmdc:sty-11-fkbnah04']
nmdc:bsm-11-0zddn388,/Volumes/LaCie/nmdc_data/mcmahon_11_fkbnah04/raw/20181217_KBL_TM_Lakes_GEODES_All3_QE-HF_C18_USDAY46918_POS_MSMS_43_GEO-ME-32-F_1_Rg80to1200-CE102040-0-7-S1_Run157.mzML,/Volumes/LaCie/nmdc_data/mcmahon_11_fkbnah04/processed_20260706/20181217_KBL_TM_Lakes_GEODES_All3_QE-HF_C18_USDAY46918_POS_MSMS_43_GEO-ME-32-F_1_Rg80to1200-CE102040-0-7-S1_Run157.corems,"JGI/LBNL Standard Metabolomics Method, positive @10,20,40CE",JGI/LBNL Metabolomics Standard LC Method - Nonpolar C18,Thermo Orbitrap Q-Exactive,NMDC,JGI,2018-12-18T22:40:41Z,Exactive Series slot #2405,https://massive.ucsd.edu/ProteoSAFe/DownloadResultFile?file=f.MSV000093272%2F%2Fraw%2F20181217_KBL_TM_C18_Lakes_Geodes-Mendota_REDO%2Frawdata%2F20181217_KBL_TM_Lakes_GEODES_All3_QE-HF_C18_USDAY46918_POS_MSMS_43_GEO-ME-32-F_1_Rg80to1200-CE102040-0-7-S1_Run157.mzML&forceDownload=true,['nmdc:sty-11-fkbnah04']
