file_name,file_path,file_size_bytes,file_extension,instrument_model,instrument_name,instrument_serial_number,analyzer,ionization_type,experiment_type,polarity,mz_min,mz_max,rt_min,rt_max,tic_min,tic_max,write_time,total_scans,creation_time
GCMS_FAMEs_01_GCMS03_2023Apr24.cdf,/mnt/Volumes/LaCie/nmdc_data/miesel_11_8bjf2432/raw/GCMS_FAMEs_01_GCMS03_2023Apr24.cdf,1811176,.cdf,Unknown,Gas Chromatograph (Operator: VP),Unknown,Quadruple,Electron Impact,Centroided Mass Spectrum,1,49.900001525878906,503.0,6.099833333333334,37.476816666666664,238.0,1506786.0,2023-04-24T05:21:00,5017,2023-04-25T01:06:40.510000
EMSL_88_TREE_A1_POST_NotGr_MSTplus5_33.cdf,/mnt/Volumes/LaCie/nmdc_data/miesel_11_8bjf2432/raw/EMSL_88_TREE_A1_POST_NotGr_MSTplus5_33.cdf,12782908,.cdf,Unknown,Gas Chromatograph (Operator: VP),Unknown,Quadruple,Electron Impact,Centroided Mass Spectrum,1,50.0,599.7000122070312,6.099683333333333,37.47665,24218.0,83986768.0,2023-04-24T07:37:00,5017,2023-04-25T03:24:38.020000
EMSL_17_NIWO_A_PRE_NotGr_NA_NA.cdf,/mnt/Volumes/LaCie/nmdc_data/miesel_11_8bjf2432/raw/EMSL_17_NIWO_A_PRE_NotGr_NA_NA.cdf,18417640,.cdf,Unknown,Gas Chromatograph (Operator: VP),Unknown,Quadruple,Electron Impact,Centroided Mass Spectrum,1,49.900001525878906,599.7000122070312,6.099866666666667,37.47683333333334,29441.0,89204896.0,2023-04-24T06:52:00,5017,2023-04-25T02:39:43.960000
EMSL_18_OSBS_A_PRE_NotGr_NA_NA.cdf,/mnt/Volumes/LaCie/nmdc_data/miesel_11_8bjf2432/raw/EMSL_18_OSBS_A_PRE_NotGr_NA_NA.cdf,13997548,.cdf,Unknown,Gas Chromatograph (Operator: VP),Unknown,Quadruple,Electron Impact,Centroided Mass Spectrum,1,49.900001525878906,599.4000244140625,6.09965,37.47661666666667,44977.0,89563248.0,2023-04-24T09:08:00,5017,2023-04-25T04:55:48.330000
EMSL_4_BONA_Oea_PRE_NotGr_NA_NA.cdf,/mnt/Volumes/LaCie/nmdc_data/miesel_11_8bjf2432/raw/EMSL_4_BONA_Oea_PRE_NotGr_NA_NA.cdf,21607180,.cdf,Unknown,Gas Chromatograph (Operator: VP),Unknown,Quadruple,Electron Impact,Centroided Mass Spectrum,1,50.0,599.5999755859375,6.0994,37.476366666666664,73458.0,99812736.0,2023-04-24T08:22:00,5017,2023-04-25T04:08:38.680000
EMSL_25_TREE_A1_PRE_NotGr_NA_NA.cdf,/mnt/Volumes/LaCie/nmdc_data/miesel_11_8bjf2432/raw/EMSL_25_TREE_A1_PRE_NotGr_NA_NA.cdf,14053972,.cdf,Unknown,Gas Chromatograph (Operator: VP),Unknown,Quadruple,Electron Impact,Centroided Mass Spectrum,1,50.0,599.5,6.0997,37.47666666666667,36470.0,88058424.0,2023-04-24T09:53:00,5017,2023-04-25T05:41:01.090000
EMSL_21_SJER_A_PRE_NotGr_NA_NA.cdf,/mnt/Volumes/LaCie/nmdc_data/miesel_11_8bjf2432/raw/EMSL_21_SJER_A_PRE_NotGr_NA_NA.cdf,9569296,.cdf,Unknown,Gas Chromatograph (Operator: VP),Unknown,Quadruple,Electron Impact,Centroided Mass Spectrum,1,49.900001525878906,599.4000244140625,6.099683333333333,37.47665,26913.0,82841744.0,2023-04-24T10:38:00,5017,2023-04-25T06:24:41.130000
EMSL_77_MLBS_A_POST_NotGr_MSTplus5_33.cdf,/mnt/Volumes/LaCie/nmdc_data/miesel_11_8bjf2432/raw/EMSL_77_MLBS_A_POST_NotGr_MSTplus5_33.cdf,20896780,.cdf,Unknown,Gas Chromatograph (Operator: VP),Unknown,Quadruple,Electron Impact,Centroided Mass Spectrum,1,49.900001525878906,599.9000244140625,6.099683333333333,37.47665,71745.0,95853504.0,2023-04-24T11:24:00,5017,2023-04-25T07:11:51.890000
EMSL_53_NIWO_A_POST_NotGr_MST_33.cdf,/mnt/Volumes/LaCie/nmdc_data/miesel_11_8bjf2432/raw/EMSL_53_NIWO_A_POST_NotGr_MST_33.cdf,15218632,.cdf,Unknown,Gas Chromatograph (Operator: VP),Unknown,Quadruple,Electron Impact,Centroided Mass Spectrum,1,49.900001525878906,599.4000244140625,6.099533333333333,37.47651666666666,40998.0,91219448.0,2023-04-25T12:09:00,5017,2023-04-25T07:57:11.990000
EMSL_15_MOAB_A_PRE_NotGr_NA_NA.cdf,/mnt/Volumes/LaCie/nmdc_data/miesel_11_8bjf2432/raw/EMSL_15_MOAB_A_PRE_NotGr_NA_NA.cdf,6685276,.cdf,Unknown,Gas Chromatograph (Operator: VP),Unknown,Quadruple,Electron Impact,Centroided Mass Spectrum,1,49.900001525878906,599.9000244140625,6.099716666666667,37.476683333333334,21338.0,86530712.0,2023-04-25T01:39:00,5017,2023-04-25T09:26:02.720000
EMSL_60_TALL_A1_POST_NotGr_MST_33.cdf,/mnt/Volumes/LaCie/nmdc_data/miesel_11_8bjf2432/raw/EMSL_60_TALL_A1_POST_NotGr_MST_33.cdf,13861468,.cdf,Unknown,Gas Chromatograph (Operator: VP),Unknown,Quadruple,Electron Impact,Centroided Mass Spectrum,1,50.0,599.5999755859375,6.099583333333333,37.476549999999996,38722.0,87981008.0,2023-04-25T03:10:00,5017,2023-04-25T10:58:12.010000
EMSL_27_WREF_A1_PRE_NotGr_NA_NA.cdf,/mnt/Volumes/LaCie/nmdc_data/miesel_11_8bjf2432/raw/EMSL_27_WREF_A1_PRE_NotGr_NA_NA.cdf,18434308,.cdf,Unknown,Gas Chromatograph (Operator: VP),Unknown,Quadruple,Electron Impact,Centroided Mass Spectrum,1,50.0,600.0,6.099766666666667,37.47673333333333,48330.0,95769600.0,2023-04-25T02:25:00,5017,2023-04-25T10:12:08.060000
EMSL_43_DCFS_A1_POST_NotGr_MST_33.cdf,/mnt/Volumes/LaCie/nmdc_data/miesel_11_8bjf2432/raw/EMSL_43_DCFS_A1_POST_NotGr_MST_33.cdf,14749168,.cdf,Unknown,Gas Chromatograph (Operator: VP),Unknown,Quadruple,Electron Impact,Centroided Mass Spectrum,1,49.900001525878906,599.7000122070312,6.099533333333333,37.47651666666666,35264.0,92309936.0,2023-04-25T12:54:00,5017,2023-04-25T08:42:05.470000
EMSL_89_UNDE_A_POST_NotGr_MSTplus5_33.cdf,/mnt/Volumes/LaCie/nmdc_data/miesel_11_8bjf2432/raw/EMSL_89_UNDE_A_POST_NotGr_MSTplus5_33.cdf,18876724,.cdf,Unknown,Gas Chromatograph (Operator: VP),Unknown,Quadruple,Electron Impact,Centroided Mass Spectrum,1,49.900001525878906,599.5999755859375,6.09965,37.47663333333333,60772.0,88767416.0,2023-04-25T03:55:00,5017,2023-04-25T11:42:22.550000
EMSL_57_SJER_A_POST_NotGr_MST_33.cdf,/mnt/Volumes/LaCie/nmdc_data/miesel_11_8bjf2432/raw/EMSL_57_SJER_A_POST_NotGr_MST_33.cdf,4869268,.cdf,Unknown,Gas Chromatograph (Operator: VP),Unknown,Quadruple,Electron Impact,Centroided Mass Spectrum,1,50.0,599.2000122070312,6.099716666666667,37.4767,13652.0,66244752.0,2023-04-25T06:11:00,5017,2023-04-25T13:57:38.370000
EMSL_54_OSBS_A_POST_NotGr_MST_33.cdf,/mnt/Volumes/LaCie/nmdc_data/miesel_11_8bjf2432/raw/EMSL_54_OSBS_A_POST_NotGr_MST_33.cdf,5368972,.cdf,Unknown,Gas Chromatograph (Operator: VP),Unknown,Quadruple,Electron Impact,Centroided Mass Spectrum,1,49.900001525878906,599.2000122070312,6.099316666666667,37.476283333333335,17747.0,56296972.0,2023-04-25T05:25:00,5017,2023-04-25T13:11:34.790000
EMSL_70_DCFS_A1_POST_NotGr_MSTplus5_33.cdf,/mnt/Volumes/LaCie/nmdc_data/miesel_11_8bjf2432/raw/EMSL_70_DCFS_A1_POST_NotGr_MSTplus5_33.cdf,11234632,.cdf,Unknown,Gas Chromatograph (Operator: VP),Unknown,Quadruple,Electron Impact,Centroided Mass Spectrum,1,49.900001525878906,599.5,6.099783333333334,37.47676666666667,37669.0,87991888.0,2023-04-25T04:40:00,5017,2023-04-25T12:27:06.090000
EMSL_67_BONA_Oea_POST_NotGr_MSTplus5_33.cdf,/mnt/Volumes/LaCie/nmdc_data/miesel_11_8bjf2432/raw/EMSL_67_BONA_Oea_POST_NotGr_MSTplus5_33.cdf,12789580,.cdf,Unknown,Gas Chromatograph (Operator: VP),Unknown,Quadruple,Electron Impact,Centroided Mass Spectrum,1,49.900001525878906,599.5,6.099666666666667,37.47665,25738.0,88927792.0,2023-04-25T06:56:00,5017,2023-04-25T14:44:40.040000
EMSL_85_SOAP_A_POST_NotGr_MSTplus5_33.cdf,/mnt/Volumes/LaCie/nmdc_data/miesel_11_8bjf2432/raw/EMSL_85_SOAP_A_POST_NotGr_MSTplus5_33.cdf,10106788,.cdf,Unknown,Gas Chromatograph (Operator: VP),Unknown,Quadruple,Electron Impact,Centroided Mass Spectrum,1,50.0,599.5999755859375,6.099633333333333,37.47661666666667,33803.0,87652080.0,2023-04-25T09:12:00,5017,2023-04-25T16:59:07.640000
EMSL_68_CLBJ_A1_POST_NotGr_MSTplus5_33.cdf,/mnt/Volumes/LaCie/nmdc_data/miesel_11_8bjf2432/raw/EMSL_68_CLBJ_A1_POST_NotGr_MSTplus5_33.cdf,13707004,.cdf,Unknown,Gas Chromatograph (Operator: VP),Unknown,Quadruple,Electron Impact,Centroided Mass Spectrum,1,50.0,599.5999755859375,6.0998,37.47676666666667,40023.0,87763616.0,2023-04-25T08:27:00,5017,2023-04-25T16:14:38.640000
EMSL_9_DSNY_A_PRE_NotGr_NA_NA.cdf,/mnt/Volumes/LaCie/nmdc_data/miesel_11_8bjf2432/raw/EMSL_9_DSNY_A_PRE_NotGr_NA_NA.cdf,14115532,.cdf,Unknown,Gas Chromatograph (Operator: VP),Unknown,Quadruple,Electron Impact,Centroided Mass Spectrum,1,49.900001525878906,599.9000244140625,6.09945,37.476416666666665,32639.0,89897080.0,2023-04-25T07:41:00,5017,2023-04-25T15:29:41.250000
EMSL_49_KONZ_A1_POST_NotGr_MST_33.cdf,/mnt/Volumes/LaCie/nmdc_data/miesel_11_8bjf2432/raw/EMSL_49_KONZ_A1_POST_NotGr_MST_33.cdf,10615540,.cdf,Unknown,Gas Chromatograph (Operator: VP),Unknown,Quadruple,Electron Impact,Centroided Mass Spectrum,1,50.0,599.5999755859375,6.099683333333333,37.47665,32196.0,87173576.0,2023-04-25T09:57:00,5017,2023-04-25T17:43:39.180000
GCMS_FAMEs_01_GCMS03_2023Apr25.cdf,/mnt/Volumes/LaCie/nmdc_data/miesel_11_8bjf2432/raw/GCMS_FAMEs_01_GCMS03_2023Apr25.cdf,2858056,.cdf,Unknown,Gas Chromatograph (Operator: VP),Unknown,Quadruple,Electron Impact,Centroided Mass Spectrum,1,49.900001525878906,504.1000061035156,6.099866666666667,37.47683333333334,5590.0,2376600.0,2023-04-25T02:31:00,5017,2023-04-25T22:17:39.980000
EMSL_13_KONZ_A1_PRE_NotGr_NA_NA.cdf,/mnt/Volumes/LaCie/nmdc_data/miesel_11_8bjf2432/raw/EMSL_13_KONZ_A1_PRE_NotGr_NA_NA.cdf,5028988,.cdf,Unknown,Gas Chromatograph (Operator: VP),Unknown,Quadruple,Electron Impact,Centroided Mass Spectrum,1,50.0,599.5,6.0998,37.47676666666667,11871.0,85464712.0,2023-04-25T04:01:00,5017,2023-04-25T23:49:03.740000
GCMS_FAMEs_02_GCMS03_2023Apr24.cdf,/mnt/Volumes/LaCie/nmdc_data/miesel_11_8bjf2432/raw/GCMS_FAMEs_02_GCMS03_2023Apr24.cdf,2987008,.cdf,Unknown,Gas Chromatograph (Operator: VP),Unknown,Quadruple,Electron Impact,Centroided Mass Spectrum,1,50.0,518.0999755859375,6.09985,37.47683333333334,6851.0,1039136.0,2023-04-25T12:13:00,5017,2023-04-25T19:59:36.290000
EMSL_38_BARR_Oaf_POST_NotGr_MST_33.cdf,/mnt/Volumes/LaCie/nmdc_data/miesel_11_8bjf2432/raw/EMSL_38_BARR_Oaf_POST_NotGr_MST_33.cdf,9308956,.cdf,Unknown,Gas Chromatograph (Operator: VP),Unknown,Quadruple,Electron Impact,Centroided Mass Spectrum,1,49.900001525878906,599.4000244140625,6.099766666666667,37.47673333333333,25579.0,60710976.0,2023-04-25T10:42:00,5017,2023-04-25T18:29:00.260000
EMSL_8_DELA_A_PRE_NotGr_NA_NA.cdf,/mnt/Volumes/LaCie/nmdc_data/miesel_11_8bjf2432/raw/EMSL_8_DELA_A_PRE_NotGr_NA_NA.cdf,10945612,.cdf,Unknown,Gas Chromatograph (Operator: VP),Unknown,Quadruple,Electron Impact,Centroided Mass Spectrum,1,50.0,599.5999755859375,6.099783333333334,37.47675,31316.0,92902064.0,2023-04-25T07:02:00,5017,2023-04-26T02:49:37.430000
EMSL_73_GRSM_A_POST_NotGr_MSTplus5_33.cdf,/mnt/Volumes/LaCie/nmdc_data/miesel_11_8bjf2432/raw/EMSL_73_GRSM_A_POST_NotGr_MSTplus5_33.cdf,10296280,.cdf,Unknown,Gas Chromatograph (Operator: VP),Unknown,Quadruple,Electron Impact,Centroided Mass Spectrum,1,50.0,599.5999755859375,6.0998,37.47676666666667,21292.0,84253720.0,2023-04-25T04:47:00,5017,2023-04-26T00:48:10.030000
EMSL_64_ABBY_A_POST_NotGr_MSTplus5_33.cdf,/mnt/Volumes/LaCie/nmdc_data/miesel_11_8bjf2432/raw/EMSL_64_ABBY_A_POST_NotGr_MSTplus5_33.cdf,17579212,.cdf,Unknown,Gas Chromatograph (Operator: VP),Unknown,Quadruple,Electron Impact,Centroided Mass Spectrum,1,49.900001525878906,599.7999877929688,6.099833333333334,37.476800000000004,53686.0,91437312.0,2023-04-25T05:32:00,5017,2023-04-26T01:18:45.580000
EMSL_86_STEI_A1_POST_NotGr_MSTplus5_33.cdf,/mnt/Volumes/LaCie/nmdc_data/miesel_11_8bjf2432/raw/EMSL_86_STEI_A1_POST_NotGr_MSTplus5_33.cdf,15644956,.cdf,Unknown,Gas Chromatograph (Operator: VP),Unknown,Quadruple,Electron Impact,Centroided Mass Spectrum,1,49.900001525878906,599.5999755859375,6.099683333333333,37.47665,49092.0,92002144.0,2023-04-25T06:17:00,5017,2023-04-26T02:05:49.310000
EMSL_84_SJER_A_POST_NotGr_MSTplus5_33.cdf,/mnt/Volumes/LaCie/nmdc_data/miesel_11_8bjf2432/raw/EMSL_84_SJER_A_POST_NotGr_MSTplus5_33.cdf,5424556,.cdf,Unknown,Gas Chromatograph (Operator: VP),Unknown,Quadruple,Electron Impact,Centroided Mass Spectrum,1,50.0,599.4000244140625,6.099766666666667,37.47673333333333,18140.0,69185456.0,2023-04-25T07:48:00,5017,2023-04-26T03:34:40.330000
EMSL_81_OSBS_A_POST_NotGr_MSTplus5_33.cdf,/mnt/Volumes/LaCie/nmdc_data/miesel_11_8bjf2432/raw/EMSL_81_OSBS_A_POST_NotGr_MSTplus5_33.cdf,5493988,.cdf,Unknown,Gas Chromatograph (Operator: VP),Unknown,Quadruple,Electron Impact,Centroided Mass Spectrum,1,49.900001525878906,599.2999877929688,6.099833333333334,37.476800000000004,19486.0,72101048.0,2023-04-25T10:03:00,5017,2023-04-26T05:49:48.300000
EMSL_65_BARR_Oaf_POST_NotGr_MSTplus5_33.cdf,/mnt/Volumes/LaCie/nmdc_data/miesel_11_8bjf2432/raw/EMSL_65_BARR_Oaf_POST_NotGr_MSTplus5_33.cdf,6095740,.cdf,Unknown,Gas Chromatograph (Operator: VP),Unknown,Quadruple,Electron Impact,Centroided Mass Spectrum,1,49.900001525878906,599.4000244140625,6.099500000000001,37.47646666666667,18832.0,24799970.0,2023-04-25T08:33:00,5017,2023-04-26T04:18:41.180000
EMSL_7_DCFS_A1_PRE_NotGr_NA_NA.cdf,/mnt/Volumes/LaCie/nmdc_data/miesel_11_8bjf2432/raw/EMSL_7_DCFS_A1_PRE_NotGr_NA_NA.cdf,10478548,.cdf,Unknown,Gas Chromatograph (Operator: VP),Unknown,Quadruple,Electron Impact,Centroided Mass Spectrum,1,49.900001525878906,599.7000122070312,6.09955,37.476533333333336,22526.0,89905344.0,2023-04-25T09:18:00,5017,2023-04-26T05:06:29.280000
EMSL_75_JORN_Ak_POST_NotGr_MSTplus5_33.cdf,/mnt/Volumes/LaCie/nmdc_data/miesel_11_8bjf2432/raw/EMSL_75_JORN_Ak_POST_NotGr_MSTplus5_33.cdf,3832924,.cdf,Unknown,Gas Chromatograph (Operator: VP),Unknown,Quadruple,Electron Impact,Centroided Mass Spectrum,1,50.0,599.2000122070312,6.09975,37.47671666666667,8575.0,74558608.0,2023-04-25T10:49:00,5017,2023-04-26T06:35:42.990000
EMSL_44_DELA_A_POST_NotGr_MST_33.cdf,/mnt/Volumes/LaCie/nmdc_data/miesel_11_8bjf2432/raw/EMSL_44_DELA_A_POST_NotGr_MST_33.cdf,6804076,.cdf,Unknown,Gas Chromatograph (Operator: VP),Unknown,Quadruple,Electron Impact,Centroided Mass Spectrum,1,50.0,599.5,6.099500000000001,37.47646666666667,20251.0,87190864.0,2023-04-25T11:34:00,5017,2023-04-26T07:23:40.720000
EMSL_22_SOAP_A_PRE_NotGr_NA_NA.cdf,/mnt/Volumes/LaCie/nmdc_data/miesel_11_8bjf2432/raw/EMSL_22_SOAP_A_PRE_NotGr_NA_NA.cdf,8461552,.cdf,Unknown,Gas Chromatograph (Operator: VP),Unknown,Quadruple,Electron Impact,Centroided Mass Spectrum,1,49.900001525878906,599.9000244140625,6.09955,37.47651666666666,20013.0,90034112.0,2023-04-26T12:19:00,5017,2023-04-26T08:08:38.020000
EMSL_76_KONZ_A1_POST_NotGr_MSTplus5_33.cdf,/mnt/Volumes/LaCie/nmdc_data/miesel_11_8bjf2432/raw/EMSL_76_KONZ_A1_POST_NotGr_MSTplus5_33.cdf,9824152,.cdf,Unknown,Gas Chromatograph (Operator: VP),Unknown,Quadruple,Electron Impact,Centroided Mass Spectrum,1,49.900001525878906,599.5999755859375,6.099716666666667,37.476683333333334,26721.0,88013808.0,2023-04-26T01:05:00,5017,2023-04-26T08:51:46.540000
EMSL_3_BLAN_Ap1_PRE_NotGr_NA_NA.cdf,/mnt/Volumes/LaCie/nmdc_data/miesel_11_8bjf2432/raw/EMSL_3_BLAN_Ap1_PRE_NotGr_NA_NA.cdf,4036684,.cdf,Unknown,Gas Chromatograph (Operator: VP),Unknown,Quadruple,Electron Impact,Centroided Mass Spectrum,1,49.900001525878906,599.2999877929688,6.099766666666667,37.47673333333333,10593.0,29690160.0,2023-04-26T02:35:00,5017,2023-04-26T10:22:46.500000
EMSL_58_SOAP_A_POST_NotGr_MST_33.cdf,/mnt/Volumes/LaCie/nmdc_data/miesel_11_8bjf2432/raw/EMSL_58_SOAP_A_POST_NotGr_MST_33.cdf,8806000,.cdf,Unknown,Gas Chromatograph (Operator: VP),Unknown,Quadruple,Electron Impact,Centroided Mass Spectrum,1,49.900001525878906,599.5999755859375,6.0997,37.47666666666667,24924.0,87935304.0,2023-04-26T01:50:00,5017,2023-04-26T09:36:40.940000
EMSL_52_NGPR_A_POST_NotGr_MST_33.cdf,/mnt/Volumes/LaCie/nmdc_data/miesel_11_8bjf2432/raw/EMSL_52_NGPR_A_POST_NotGr_MST_33.cdf,10821808,.cdf,Unknown,Gas Chromatograph (Operator: VP),Unknown,Quadruple,Electron Impact,Centroided Mass Spectrum,1,49.900001525878906,599.7000122070312,6.099666666666667,37.47663333333333,33865.0,91192776.0,2023-04-26T04:06:00,5017,2023-04-26T11:54:09.610000
EMSL_50_MLBS_A_POST_NotGr_MST_33.cdf,/mnt/Volumes/LaCie/nmdc_data/miesel_11_8bjf2432/raw/EMSL_50_MLBS_A_POST_NotGr_MST_33.cdf,18612220,.cdf,Unknown,Gas Chromatograph (Operator: VP),Unknown,Quadruple,Electron Impact,Centroided Mass Spectrum,1,49.900001525878906,599.7000122070312,6.0996,37.47656666666667,51071.0,94855960.0,2023-04-26T03:20:00,5017,2023-04-26T11:09:06.680000
EMSL_12_JORN_Ak_PRE_NotGr_NA_NA.cdf,/mnt/Volumes/LaCie/nmdc_data/miesel_11_8bjf2432/raw/EMSL_12_JORN_Ak_PRE_NotGr_NA_NA.cdf,6187024,.cdf,Unknown,Gas Chromatograph (Operator: VP),Unknown,Quadruple,Electron Impact,Centroided Mass Spectrum,1,49.900001525878906,599.5999755859375,6.099866666666667,37.47683333333334,20907.0,89333176.0,2023-04-26T05:36:00,5017,2023-04-26T13:24:15.090000
EMSL_6_CPER_A1_PRE_NotGr_NA_NA.cdf,/mnt/Volumes/LaCie/nmdc_data/miesel_11_8bjf2432/raw/EMSL_6_CPER_A1_PRE_NotGr_NA_NA.cdf,5813920,.cdf,Unknown,Gas Chromatograph (Operator: VP),Unknown,Quadruple,Electron Impact,Centroided Mass Spectrum,1,49.900001525878906,599.4000244140625,6.099633333333333,37.4766,21732.0,84180624.0,2023-04-26T04:51:00,5017,2023-04-26T12:37:34.810000
EMSL_78_MOAB_A_POST_NotGr_MSTplus5_33.cdf,/mnt/Volumes/LaCie/nmdc_data/miesel_11_8bjf2432/raw/EMSL_78_MOAB_A_POST_NotGr_MSTplus5_33.cdf,3986092,.cdf,Unknown,Gas Chromatograph (Operator: VP),Unknown,Quadruple,Electron Impact,Centroided Mass Spectrum,1,49.900001525878906,599.2999877929688,6.09975,37.47671666666667,10659.0,75599152.0,2023-04-26T06:22:00,5017,2023-04-26T14:10:00.130000
GCMS_FAMEs_01_GCMS03_2023Apr27.cdf,/mnt/Volumes/LaCie/nmdc_data/miesel_11_8bjf2432/raw/GCMS_FAMEs_01_GCMS03_2023Apr27.cdf,1778524,.cdf,Unknown,Gas Chromatograph (Operator: VP),Unknown,Quadruple,Electron Impact,Centroided Mass Spectrum,1,50.0,495.20001220703125,6.099816666666666,37.476800000000004,383.0,1020261.0,2023-04-27T03:50:00,5017,2023-04-27T23:37:08.180000
GCMS_FAMEs_02_GCMS03_2023Apr25.cdf,/mnt/Volumes/LaCie/nmdc_data/miesel_11_8bjf2432/raw/GCMS_FAMEs_02_GCMS03_2023Apr25.cdf,3010936,.cdf,Unknown,Gas Chromatograph (Operator: VP),Unknown,Quadruple,Electron Impact,Centroided Mass Spectrum,1,49.900001525878906,518.2000122070312,6.0994,37.47638333333334,8495.0,2621941.0,2023-04-26T07:53:00,5017,2023-04-26T15:40:40.440000
EMSL_69_CPER_A1_POST_NotGr_MSTplus5_33.cdf,/mnt/Volumes/LaCie/nmdc_data/miesel_11_8bjf2432/raw/EMSL_69_CPER_A1_POST_NotGr_MSTplus5_33.cdf,6865720,.cdf,Unknown,Gas Chromatograph (Operator: VP),Unknown,Quadruple,Electron Impact,Centroided Mass Spectrum,1,49.900001525878906,599.5999755859375,6.099716666666667,37.476683333333334,17106.0,84739672.0,2023-04-27T06:06:00,5017,2023-04-28T01:52:36.290000
EMSL_24_TALL_A1_PRE_NotGr_NA_NA.cdf,/mnt/Volumes/LaCie/nmdc_data/miesel_11_8bjf2432/raw/EMSL_24_TALL_A1_PRE_NotGr_NA_NA.cdf,12747112,.cdf,Unknown,Gas Chromatograph (Operator: VP),Unknown,Quadruple,Electron Impact,Centroided Mass Spectrum,1,50.0,599.9000244140625,6.099633333333333,37.4766,20285.0,86560680.0,2023-04-27T05:21:00,5017,2023-04-28T01:07:38.750000
EMSL_5_CLBJ_A1_PRE_NotGr_NA_NA.cdf,/mnt/Volumes/LaCie/nmdc_data/miesel_11_8bjf2432/raw/EMSL_5_CLBJ_A1_PRE_NotGr_NA_NA.cdf,3636208,.cdf,Unknown,Gas Chromatograph (Operator: VP),Unknown,Quadruple,Electron Impact,Centroided Mass Spectrum,1,50.0,599.4000244140625,6.099666666666667,37.47663333333333,8396.0,70520880.0,2023-04-27T08:22:00,5017,2023-04-28T04:08:39.470000
EMSL_59_STEI_A1_POST_NotGr_MST_33.cdf,/mnt/Volumes/LaCie/nmdc_data/miesel_11_8bjf2432/raw/EMSL_59_STEI_A1_POST_NotGr_MST_33.cdf,14653216,.cdf,Unknown,Gas Chromatograph (Operator: VP),Unknown,Quadruple,Electron Impact,Centroided Mass Spectrum,1,50.0,599.5999755859375,6.0994166666666665,37.47638333333334,32813.0,92630088.0,2023-04-27T09:07:00,5017,2023-04-28T04:55:10.700000
EMSL_79_NGPR_A_POST_NotGr_MSTplus5_33.cdf,/mnt/Volumes/LaCie/nmdc_data/miesel_11_8bjf2432/raw/EMSL_79_NGPR_A_POST_NotGr_MSTplus5_33.cdf,12686308,.cdf,Unknown,Gas Chromatograph (Operator: VP),Unknown,Quadruple,Electron Impact,Centroided Mass Spectrum,1,49.900001525878906,599.7000122070312,6.099833333333334,37.476800000000004,31008.0,87384640.0,2023-04-27T07:37:00,5017,2023-04-28T03:23:44.780000
EMSL_2_BARR_Oaf_PRE_NotGr_NA_NA.cdf,/mnt/Volumes/LaCie/nmdc_data/miesel_11_8bjf2432/raw/EMSL_2_BARR_Oaf_PRE_NotGr_NA_NA.cdf,15442888,.cdf,Unknown,Gas Chromatograph (Operator: VP),Unknown,Quadruple,Electron Impact,Centroided Mass Spectrum,1,50.0,599.4000244140625,6.09965,37.47663333333333,26136.0,76095312.0,2023-04-27T06:51:00,5017,2023-04-28T02:39:41.280000
EMSL_55_RMNP_A1_POST_NotGr_MST_33.cdf,/mnt/Volumes/LaCie/nmdc_data/miesel_11_8bjf2432/raw/EMSL_55_RMNP_A1_POST_NotGr_MST_33.cdf,10917304,.cdf,Unknown,Gas Chromatograph (Operator: VP),Unknown,Quadruple,Electron Impact,Centroided Mass Spectrum,1,49.900001525878906,599.5,6.09975,37.47671666666667,28160.0,89341704.0,2023-04-27T09:53:00,5017,2023-04-28T05:41:07.520000
EMSL_48_JORN_Ak_POST_NotGr_MST_33.cdf,/mnt/Volumes/LaCie/nmdc_data/miesel_11_8bjf2432/raw/EMSL_48_JORN_Ak_POST_NotGr_MST_33.cdf,3834904,.cdf,Unknown,Gas Chromatograph (Operator: VP),Unknown,Quadruple,Electron Impact,Centroided Mass Spectrum,1,49.900001525878906,599.9000244140625,6.0998,37.47676666666667,8680.0,86023760.0,2023-04-27T10:38:00,5017,2023-04-28T06:26:01.370000
EMSL_87_TALL_A1_POST_NotGr_MSTplus5_33.cdf,/mnt/Volumes/LaCie/nmdc_data/miesel_11_8bjf2432/raw/EMSL_87_TALL_A1_POST_NotGr_MSTplus5_33.cdf,8815648,.cdf,Unknown,Gas Chromatograph (Operator: VP),Unknown,Quadruple,Electron Impact,Centroided Mass Spectrum,1,49.900001525878906,599.5,6.099833333333334,37.476800000000004,19219.0,87010480.0,2023-04-28T12:09:00,5017,2023-04-28T07:58:07.250000
EMSL_82_RMNP_A1_POST_NotGr_MSTplus5_33.cdf,/mnt/Volumes/LaCie/nmdc_data/miesel_11_8bjf2432/raw/EMSL_82_RMNP_A1_POST_NotGr_MSTplus5_33.cdf,9294448,.cdf,Unknown,Gas Chromatograph (Operator: VP),Unknown,Quadruple,Electron Impact,Centroided Mass Spectrum,1,49.900001525878906,599.5999755859375,6.0998,37.47678333333333,21461.0,87998008.0,2023-04-28T12:54:00,5017,2023-04-28T08:42:13.700000
EMSL_16_NGPR_A_PRE_NotGr_NA_NA.cdf,/mnt/Volumes/LaCie/nmdc_data/miesel_11_8bjf2432/raw/EMSL_16_NGPR_A_PRE_NotGr_NA_NA.cdf,4534228,.cdf,Unknown,Gas Chromatograph (Operator: VP),Unknown,Quadruple,Electron Impact,Centroided Mass Spectrum,1,49.900001525878906,599.4000244140625,6.099716666666667,37.476683333333334,8462.0,87861872.0,2023-04-27T11:23:00,5017,2023-04-28T07:10:20.180000
EMSL_41_CLBJ_A1_POST_NotGr_MST_33.cdf,/mnt/Volumes/LaCie/nmdc_data/miesel_11_8bjf2432/raw/EMSL_41_CLBJ_A1_POST_NotGr_MST_33.cdf,5729704,.cdf,Unknown,Gas Chromatograph (Operator: VP),Unknown,Quadruple,Electron Impact,Centroided Mass Spectrum,1,49.900001525878906,569.2999877929688,6.09975,37.47673333333333,22388.0,25152064.0,2023-04-28T03:55:00,5017,2023-04-28T11:41:39.110000
EMSL_56_SERC_A_POST_NotGr_MST_33.cdf,/mnt/Volumes/LaCie/nmdc_data/miesel_11_8bjf2432/raw/EMSL_56_SERC_A_POST_NotGr_MST_33.cdf,13333852,.cdf,Unknown,Gas Chromatograph (Operator: VP),Unknown,Quadruple,Electron Impact,Centroided Mass Spectrum,1,50.0,599.7000122070312,6.099466666666667,37.47643333333333,28692.0,90052384.0,2023-04-28T01:39:00,5017,2023-04-28T09:25:58.500000
EMSL_1_ABBY_A_PRE_NotGr_NA_NA.cdf,/mnt/Volumes/LaCie/nmdc_data/miesel_11_8bjf2432/raw/EMSL_1_ABBY_A_PRE_NotGr_NA_NA.cdf,17100796,.cdf,Unknown,Gas Chromatograph (Operator: VP),Unknown,Quadruple,Electron Impact,Centroided Mass Spectrum,1,49.900001525878906,599.9000244140625,6.09965,37.47661666666667,41272.0,101468848.0,2023-04-28T03:10:00,5017,2023-04-28T10:56:04.790000
EMSL_47_HEAL_Oae_POST_NotGr_MST_33.cdf,/mnt/Volumes/LaCie/nmdc_data/miesel_11_8bjf2432/raw/EMSL_47_HEAL_Oae_POST_NotGr_MST_33.cdf,20064532,.cdf,Unknown,Gas Chromatograph (Operator: VP),Unknown,Quadruple,Electron Impact,Centroided Mass Spectrum,1,49.900001525878906,599.5,6.099516666666667,37.476483333333334,64093.0,102335584.0,2023-04-28T02:25:00,5017,2023-04-28T10:13:02.660000
EMSL_72_DSNY_A_POST_NotGr_MSTplus5_33.cdf,/mnt/Volumes/LaCie/nmdc_data/miesel_11_8bjf2432/raw/EMSL_72_DSNY_A_POST_NotGr_MSTplus5_33.cdf,6332776,.cdf,Unknown,Gas Chromatograph (Operator: VP),Unknown,Quadruple,Electron Impact,Centroided Mass Spectrum,1,49.900001525878906,599.5,6.09965,37.47661666666667,23691.0,54720520.0,2023-04-28T06:11:00,5017,2023-04-28T13:58:39.820000
EMSL_10_GRSM_A_PRE_NotGr_NA_NA.cdf,/mnt/Volumes/LaCie/nmdc_data/miesel_11_8bjf2432/raw/EMSL_10_GRSM_A_PRE_NotGr_NA_NA.cdf,8841532,.cdf,Unknown,Gas Chromatograph (Operator: VP),Unknown,Quadruple,Electron Impact,Centroided Mass Spectrum,1,49.900001525878906,599.4000244140625,6.099716666666667,37.476683333333334,18569.0,93407184.0,2023-04-28T05:26:00,5017,2023-04-28T13:11:58.640000
EMSL_63_WREF_A1_POST_NotGr_MST_33.cdf,/mnt/Volumes/LaCie/nmdc_data/miesel_11_8bjf2432/raw/EMSL_63_WREF_A1_POST_NotGr_MST_33.cdf,11801644,.cdf,Unknown,Gas Chromatograph (Operator: VP),Unknown,Quadruple,Electron Impact,Centroided Mass Spectrum,1,49.900001525878906,599.5,6.099833333333334,37.476800000000004,23911.0,94193440.0,2023-04-28T04:40:00,5017,2023-04-28T12:29:54.020000
EMSL_11_HEAL_Oae_PRE_NotGr_NA_NA.cdf,/mnt/Volumes/LaCie/nmdc_data/miesel_11_8bjf2432/raw/EMSL_11_HEAL_Oae_PRE_NotGr_NA_NA.cdf,19355404,.cdf,Unknown,Gas Chromatograph (Operator: VP),Unknown,Quadruple,Electron Impact,Centroided Mass Spectrum,1,49.900001525878906,599.9000244140625,6.0998833333333335,37.47685,58240.0,101133816.0,2023-04-28T06:56:00,5017,2023-04-28T14:46:12.190000
GCMS_FAMEs_02_GCMS03_2023Apr27.cdf,/mnt/Volumes/LaCie/nmdc_data/miesel_11_8bjf2432/raw/GCMS_FAMEs_02_GCMS03_2023Apr27.cdf,2906536,.cdf,Unknown,Gas Chromatograph (Operator: VP),Unknown,Quadruple,Electron Impact,Centroided Mass Spectrum,1,50.0,518.2000122070312,6.099716666666667,37.476683333333334,6459.0,752750.0,2023-04-28T09:12:00,5017,2023-04-28T16:58:59.980000
EMSL_23_STEI_A1_PRE_NotGr_NA_NA.cdf,/mnt/Volumes/LaCie/nmdc_data/miesel_11_8bjf2432/raw/EMSL_23_STEI_A1_PRE_NotGr_NA_NA.cdf,8956084,.cdf,Unknown,Gas Chromatograph (Operator: VP),Unknown,Quadruple,Electron Impact,Centroided Mass Spectrum,1,49.900001525878906,599.5,6.099666666666667,37.47663333333333,21629.0,89855328.0,2023-04-28T07:42:00,5017,2023-04-28T15:29:41.110000
GCMS_FAMEs_01_GCMS03_2023May01.cdf,/mnt/Volumes/LaCie/nmdc_data/miesel_11_8bjf2432/raw/GCMS_FAMEs_01_GCMS03_2023May01.cdf,1551832,.cdf,Unknown,Gas Chromatograph (Operator: VP),Unknown,Quadruple,Electron Impact,Centroided Mass Spectrum,1,50.0,502.8999938964844,6.09985,37.476816666666664,678.0,526851.0,2023-05-01T04:16:00,5017,2023-05-02T00:03:09.700000
EMSL_14_MLBS_A_PRE_NotGr_NA_NA.cdf,/mnt/Volumes/LaCie/nmdc_data/miesel_11_8bjf2432/raw/EMSL_14_MLBS_A_PRE_NotGr_NA_NA.cdf,14785828,.cdf,Unknown,Gas Chromatograph (Operator: VP),Unknown,Quadruple,Electron Impact,Centroided Mass Spectrum,1,49.900001525878906,599.5,6.099866666666667,37.47683333333334,33633.0,104230000.0,2023-05-01T05:46:00,5017,2023-05-02T01:35:45.440000
EMSL_51_MOAB_A_POST_NotGr_MST_33.cdf,/mnt/Volumes/LaCie/nmdc_data/miesel_11_8bjf2432/raw/EMSL_51_MOAB_A_POST_NotGr_MST_33.cdf,4430032,.cdf,Unknown,Gas Chromatograph (Operator: VP),Unknown,Quadruple,Electron Impact,Centroided Mass Spectrum,1,49.900001525878906,599.4000244140625,6.099733333333333,37.47671666666667,13512.0,85118528.0,2023-05-01T08:02:00,5017,2023-05-02T03:48:52.220000
EMSL_80_NIWO_A_POST_NotGr_MSTplus5_33.cdf,/mnt/Volumes/LaCie/nmdc_data/miesel_11_8bjf2432/raw/EMSL_80_NIWO_A_POST_NotGr_MSTplus5_33.cdf,13955008,.cdf,Unknown,Gas Chromatograph (Operator: VP),Unknown,Quadruple,Electron Impact,Centroided Mass Spectrum,1,49.900001525878906,599.5999755859375,6.0996,37.47658333333333,26216.0,100898640.0,2023-05-01T06:32:00,5017,2023-05-02T02:17:37.870000
EMSL_62_UNDE_A_POST_NotGr_MST_33.cdf,/mnt/Volumes/LaCie/nmdc_data/miesel_11_8bjf2432/raw/EMSL_62_UNDE_A_POST_NotGr_MST_33.cdf,17242132,.cdf,Unknown,Gas Chromatograph (Operator: VP),Unknown,Quadruple,Electron Impact,Centroided Mass Spectrum,1,49.900001525878906,599.5,6.099716666666667,37.476683333333334,43293.0,97550488.0,2023-05-01T07:17:00,5017,2023-05-02T03:04:40.180000
EMSL_19_RMNP_A1_PRE_NotGr_NA_NA.cdf,/mnt/Volumes/LaCie/nmdc_data/miesel_11_8bjf2432/raw/EMSL_19_RMNP_A1_PRE_NotGr_NA_NA.cdf,5233660,.cdf,Unknown,Gas Chromatograph (Operator: VP),Unknown,Quadruple,Electron Impact,Centroided Mass Spectrum,1,49.900001525878906,599.2999877929688,6.099766666666667,37.47673333333333,15211.0,46835088.0,2023-05-01T11:04:00,5017,2023-05-02T06:54:09.680000
EMSL_83_SERC_A_POST_NotGr_MSTplus5_33.cdf,/mnt/Volumes/LaCie/nmdc_data/miesel_11_8bjf2432/raw/EMSL_83_SERC_A_POST_NotGr_MSTplus5_33.cdf,11205400,.cdf,Unknown,Gas Chromatograph (Operator: VP),Unknown,Quadruple,Electron Impact,Centroided Mass Spectrum,1,50.0,599.7999877929688,6.099716666666667,37.4767,22352.0,92409128.0,2023-05-01T11:50:00,5017,2023-05-02T07:38:13.690000
EMSL_61_TREE_A1_POST_NotGr_MST_33.cdf,/mnt/Volumes/LaCie/nmdc_data/miesel_11_8bjf2432/raw/EMSL_61_TREE_A1_POST_NotGr_MST_33.cdf,11896168,.cdf,Unknown,Gas Chromatograph (Operator: VP),Unknown,Quadruple,Electron Impact,Centroided Mass Spectrum,1,49.900001525878906,599.7000122070312,6.099716666666667,37.476683333333334,25176.0,93591080.0,2023-05-01T09:33:00,5017,2023-05-02T05:22:04.260000
EMSL_20_SERC_A_PRE_NotGr_NA_NA.cdf,/mnt/Volumes/LaCie/nmdc_data/miesel_11_8bjf2432/raw/EMSL_20_SERC_A_PRE_NotGr_NA_NA.cdf,13876000,.cdf,Unknown,Gas Chromatograph (Operator: VP),Unknown,Quadruple,Electron Impact,Centroided Mass Spectrum,1,49.900001525878906,599.5999755859375,6.099633333333333,37.4766,28335.0,94721776.0,2023-05-01T10:19:00,5017,2023-05-02T06:07:03.500000
EMSL_39_BLAN_Ap1_POST_NotGr_MST_33.cdf,/mnt/Volumes/LaCie/nmdc_data/miesel_11_8bjf2432/raw/EMSL_39_BLAN_Ap1_POST_NotGr_MST_33.cdf,13137832,.cdf,Unknown,Gas Chromatograph (Operator: VP),Unknown,Quadruple,Electron Impact,Centroided Mass Spectrum,1,49.900001525878906,599.5999755859375,6.09985,37.476816666666664,30949.0,91935912.0,2023-05-02T12:35:00,5017,2023-05-02T08:22:59.350000
EMSL_90_WREF_A1_POST_NotGr_MSTplus5_33.cdf,/mnt/Volumes/LaCie/nmdc_data/miesel_11_8bjf2432/raw/EMSL_90_WREF_A1_POST_NotGr_MSTplus5_33.cdf,13700284,.cdf,Unknown,Gas Chromatograph (Operator: VP),Unknown,Quadruple,Electron Impact,Centroided Mass Spectrum,1,49.900001525878906,599.9000244140625,6.09975,37.47673333333333,30816.0,96428664.0,2023-05-02T01:21:00,5017,2023-05-02T09:08:04.270000
EMSL_66_BLAN_Ap1_POST_NotGr_MSTplus5_33.cdf,/mnt/Volumes/LaCie/nmdc_data/miesel_11_8bjf2432/raw/EMSL_66_BLAN_Ap1_POST_NotGr_MSTplus5_33.cdf,12295636,.cdf,Unknown,Gas Chromatograph (Operator: VP),Unknown,Quadruple,Electron Impact,Centroided Mass Spectrum,1,49.900001525878906,599.7000122070312,6.099533333333333,37.4765,35945.0,94399512.0,2023-05-02T02:51:00,5017,2023-05-02T10:39:30.470000
EMSL_26_UNDE_A_PRE_NotGr_NA_NA.cdf,/mnt/Volumes/LaCie/nmdc_data/miesel_11_8bjf2432/raw/EMSL_26_UNDE_A_PRE_NotGr_NA_NA.cdf,13439920,.cdf,Unknown,Gas Chromatograph (Operator: VP),Unknown,Quadruple,Electron Impact,Centroided Mass Spectrum,1,49.900001525878906,599.7000122070312,6.099833333333334,37.476800000000004,32030.0,97664384.0,2023-05-02T03:37:00,5017,2023-05-02T11:23:00.330000
EMSL_46_GRSM_A_POST_NotGr_MST_33.cdf,/mnt/Volumes/LaCie/nmdc_data/miesel_11_8bjf2432/raw/EMSL_46_GRSM_A_POST_NotGr_MST_33.cdf,11223496,.cdf,Unknown,Gas Chromatograph (Operator: VP),Unknown,Quadruple,Electron Impact,Centroided Mass Spectrum,1,49.900001525878906,599.7000122070312,6.0997,37.476683333333334,31396.0,96348744.0,2023-05-02T02:06:00,5017,2023-05-02T09:53:36.960000
EMSL_42_CPER_A1_POST_NotGr_MST_33.cdf,/mnt/Volumes/LaCie/nmdc_data/miesel_11_8bjf2432/raw/EMSL_42_CPER_A1_POST_NotGr_MST_33.cdf,8028592,.cdf,Unknown,Gas Chromatograph (Operator: VP),Unknown,Quadruple,Electron Impact,Centroided Mass Spectrum,1,49.900001525878906,599.7000122070312,6.099783333333334,37.47675,27818.0,92798216.0,2023-05-02T04:22:00,5017,2023-05-02T12:10:07.600000
EMSL_71_DELA_A_POST_NotGr_MSTplus5_33.cdf,/mnt/Volumes/LaCie/nmdc_data/miesel_11_8bjf2432/raw/EMSL_71_DELA_A_POST_NotGr_MSTplus5_33.cdf,3985564,.cdf,Unknown,Gas Chromatograph (Operator: VP),Unknown,Quadruple,Electron Impact,Centroided Mass Spectrum,1,49.900001525878906,598.4000244140625,6.099633333333333,37.4766,9038.0,82817944.0,2023-05-02T07:24:00,5017,2023-05-02T15:10:36.720000
EMSL_45_DSNY_A_POST_NotGr_MST_33.cdf,/mnt/Volumes/LaCie/nmdc_data/miesel_11_8bjf2432/raw/EMSL_45_DSNY_A_POST_NotGr_MST_33.cdf,5453176,.cdf,Unknown,Gas Chromatograph (Operator: VP),Unknown,Quadruple,Electron Impact,Centroided Mass Spectrum,1,49.900001525878906,599.5,6.09985,37.476816666666664,20076.0,42950280.0,2023-05-02T06:39:00,5017,2023-05-02T14:26:08.380000
EMSL_40_BONA_Oea_POST_NotGr_MST_33.cdf,/mnt/Volumes/LaCie/nmdc_data/miesel_11_8bjf2432/raw/EMSL_40_BONA_Oea_POST_NotGr_MST_33.cdf,10719316,.cdf,Unknown,Gas Chromatograph (Operator: VP),Unknown,Quadruple,Electron Impact,Centroided Mass Spectrum,1,50.0,599.9000244140625,6.0996,37.47656666666667,22685.0,96057088.0,2023-05-02T08:09:00,5017,2023-05-02T15:57:04.080000
GCMS_FAMEs_02_GCMS03_2023May01.cdf,/mnt/Volumes/LaCie/nmdc_data/miesel_11_8bjf2432/raw/GCMS_FAMEs_02_GCMS03_2023May01.cdf,2600392,.cdf,Unknown,Gas Chromatograph (Operator: VP),Unknown,Quadruple,Electron Impact,Centroided Mass Spectrum,1,49.900001525878906,519.2000122070312,6.0996,37.47656666666667,5167.0,586325.0,2023-05-02T09:40:00,5017,2023-05-02T17:28:04.020000
EMSL_37_ABBY_A_POST_NotGr_MST_33.cdf,/mnt/Volumes/LaCie/nmdc_data/miesel_11_8bjf2432/raw/EMSL_37_ABBY_A_POST_NotGr_MST_33.cdf,15694432,.cdf,Unknown,Gas Chromatograph (Operator: VP),Unknown,Quadruple,Electron Impact,Centroided Mass Spectrum,1,50.0,599.5999755859375,6.099766666666667,37.47673333333333,50792.0,98677704.0,2023-05-02T05:53:00,5017,2023-05-02T13:41:48.570000
