sample_id,raw_data_file,processed_data_directory,srfa_calib_path,calibration_id,mass_spec_configuration_name,instrument_used,processing_institution_workflow,processing_institution_generation,instrument_analysis_end_date,instrument_instance_specifier,associated_studies
nmdc:procsm-11-8775cr13,/home/bmeluch/NMDC/nom_processing/miesel_11_8bjf2432/raw/Miesel_60009_05_CLBJ_A1_PRE_Met_SPE_r1_30Jan23_Fir_300SA_IATp03_9238.zip,/home/bmeluch/NMDC/nom_processing/miesel_11_8bjf2432/processed_20260513/Miesel_60009_05_CLBJ_A1_PRE_Met_SPE_r1_30Jan23_Fir_300SA_IATp03_9238,/home/bmeluch/NMDC/nom_processing/miesel_11_8bjf2432/raw/Miesel_60009_QC_SRFAII_20ppm_30Jan23_Fir_300SA_IATp01_9235.zip,nmdc:calib-14-hhn3qb47,"EMSL NOM full profile mass spectrometry, negative",12T FT-ICR MS,EMSL,EMSL,2023-01-30T10:24:36Z,,['nmdc:sty-11-8bjf2432']
nmdc:procsm-11-tdmrpt66,/home/bmeluch/NMDC/nom_processing/miesel_11_8bjf2432/raw/Miesel_60009_07_DCFS_A1_PRE_H2O_SPE_r2_28Jan23_Fir_300SA_IATp03_9121.zip,/home/bmeluch/NMDC/nom_processing/miesel_11_8bjf2432/processed_20260513/Miesel_60009_07_DCFS_A1_PRE_H2O_SPE_r2_28Jan23_Fir_300SA_IATp03_9121,/home/bmeluch/NMDC/nom_processing/miesel_11_8bjf2432/raw/Miesel_60009_QC_SRFAII_20ppm_r2_28Jan23_Fir_300SA_IATp01_9108.zip,nmdc:calib-14-hhn3qb47,"EMSL NOM full profile mass spectrometry, negative",12T FT-ICR MS,EMSL,EMSL,2023-01-28T15:21:04Z,,['nmdc:sty-11-8bjf2432']
nmdc:procsm-11-e3qtt676,/home/bmeluch/NMDC/nom_processing/miesel_11_8bjf2432/raw/Miesel_60009_25_TREE_A1_PRE_Met_SPE_r2_300SA_IATp03_9565.zip,/home/bmeluch/NMDC/nom_processing/miesel_11_8bjf2432/processed_20260513/Miesel_60009_25_TREE_A1_PRE_Met_SPE_r2_300SA_IATp03_9565,/home/bmeluch/NMDC/nom_processing/miesel_11_8bjf2432/raw/Miesel_60009_QC_SRFAII_20ppm_30Jan23_Fir_300SA_IATp01_9389.zip,nmdc:calib-14-hhn3qb47,"EMSL NOM full profile mass spectrometry, negative",12T FT-ICR MS,EMSL,EMSL,2023-02-12T00:00:27Z,,['nmdc:sty-11-8bjf2432']
nmdc:procsm-11-69r80p03,/home/bmeluch/NMDC/nom_processing/miesel_11_8bjf2432/raw/Miesel_60009_13_KONZ_A1_PRE_H2O_SPE_r2_28Jan23_Alder_300SA_IATp03_9091.zip,/home/bmeluch/NMDC/nom_processing/miesel_11_8bjf2432/processed_20260513/Miesel_60009_13_KONZ_A1_PRE_H2O_SPE_r2_28Jan23_Alder_300SA_IATp03_9091,/home/bmeluch/NMDC/nom_processing/miesel_11_8bjf2432/raw/Miesel_60009_QC_SRFAII_20ppm_r1_26Jan23_Alder_300SA_IATp01_9076.zip,nmdc:calib-14-hhn3qb47,"EMSL NOM full profile mass spectrometry, negative",12T FT-ICR MS,EMSL,EMSL,2023-01-28T04:22:04Z,,['nmdc:sty-11-8bjf2432']
nmdc:procsm-11-x6w6m142,/home/bmeluch/NMDC/nom_processing/miesel_11_8bjf2432/raw/Miesel_60009_15_MOAB_A_PRE_H2O_SPE_r2_28Jan23_Alder_300SA_IATp03_9079.zip,/home/bmeluch/NMDC/nom_processing/miesel_11_8bjf2432/processed_20260513/Miesel_60009_15_MOAB_A_PRE_H2O_SPE_r2_28Jan23_Alder_300SA_IATp03_9079,/home/bmeluch/NMDC/nom_processing/miesel_11_8bjf2432/raw/Miesel_60009_QC_SRFAII_20ppm_r1_26Jan23_Alder_300SA_IATp01_9076.zip,nmdc:calib-14-hhn3qb47,"EMSL NOM full profile mass spectrometry, negative",12T FT-ICR MS,EMSL,EMSL,2023-01-27T23:58:28Z,,['nmdc:sty-11-8bjf2432']
nmdc:procsm-11-kpq8cc29,/home/bmeluch/NMDC/nom_processing/miesel_11_8bjf2432/raw/Miesel_60009_14_MLBS_A_PRE_H2O_SPE_r1_26Jan23_Alder_300SA_IATp03_9071.zip,/home/bmeluch/NMDC/nom_processing/miesel_11_8bjf2432/processed_20260513/Miesel_60009_14_MLBS_A_PRE_H2O_SPE_r1_26Jan23_Alder_300SA_IATp03_9071,/home/bmeluch/NMDC/nom_processing/miesel_11_8bjf2432/raw/Miesel_60009_QC_SRFAII_20ppm_r1_26Jan23_Alder_300SA_IATp01_9044.zip,nmdc:calib-14-hhn3qb47,"EMSL NOM full profile mass spectrometry, negative",12T FT-ICR MS,EMSL,EMSL,2023-01-27T21:02:44Z,,['nmdc:sty-11-8bjf2432']
nmdc:procsm-11-je1dng09,/home/bmeluch/NMDC/nom_processing/miesel_11_8bjf2432/raw/Miesel_60009_02_BARR_Oaf_PRE_Met_SPE_r1_300SA_IATp03_9274.zip,/home/bmeluch/NMDC/nom_processing/miesel_11_8bjf2432/processed_20260513/Miesel_60009_02_BARR_Oaf_PRE_Met_SPE_r1_300SA_IATp03_9274,/home/bmeluch/NMDC/nom_processing/miesel_11_8bjf2432/raw/Miesel_60009_QC_SRFAII_20ppm_30Jan23_Fir_300SA_IATp01_9266.zip,nmdc:calib-14-hhn3qb47,"EMSL NOM full profile mass spectrometry, negative",12T FT-ICR MS,EMSL,EMSL,2023-01-30T23:35:24Z,,['nmdc:sty-11-8bjf2432']
nmdc:procsm-11-a2602g12,/home/bmeluch/NMDC/nom_processing/miesel_11_8bjf2432/raw/Miesel_60009_04_BONA_Oea_PRE_H2O_SPE_r2_28Jan23_Alder_300SA_IATp03_9103.zip,/home/bmeluch/NMDC/nom_processing/miesel_11_8bjf2432/processed_20260513/Miesel_60009_04_BONA_Oea_PRE_H2O_SPE_r2_28Jan23_Alder_300SA_IATp03_9103,/home/bmeluch/NMDC/nom_processing/miesel_11_8bjf2432/raw/Miesel_60009_QC_SRFAII_20ppm_r1_26Jan23_Alder_300SA_IATp01_9076.zip,nmdc:calib-14-hhn3qb47,"EMSL NOM full profile mass spectrometry, negative",12T FT-ICR MS,EMSL,EMSL,2023-01-28T08:45:40Z,,['nmdc:sty-11-8bjf2432']
nmdc:procsm-11-8775cr13,/home/bmeluch/NMDC/nom_processing/miesel_11_8bjf2432/raw/Miesel_60009_05_CLBJ_A1_PRE_Met_SPE_r2_300SA_IATp03_9621.zip,/home/bmeluch/NMDC/nom_processing/miesel_11_8bjf2432/processed_20260513/Miesel_60009_05_CLBJ_A1_PRE_Met_SPE_r2_300SA_IATp03_9621,/home/bmeluch/NMDC/nom_processing/miesel_11_8bjf2432/raw/Miesel_60009_QC_SRFAII_20ppm_10Feb23_Fir_300SA_IATp01_9617.zip,nmdc:calib-14-hhn3qb47,"EMSL NOM full profile mass spectrometry, negative",12T FT-ICR MS,EMSL,EMSL,2023-02-12T19:06:35Z,,['nmdc:sty-11-8bjf2432']
nmdc:procsm-11-jfyqa168,/home/bmeluch/NMDC/nom_processing/miesel_11_8bjf2432/raw/Miesel_60009_20_SERC_A_PRE_H2O_SPE_r2_28Jan23_Fir_300SA_IATp03_9148.zip,/home/bmeluch/NMDC/nom_processing/miesel_11_8bjf2432/processed_20260513/Miesel_60009_20_SERC_A_PRE_H2O_SPE_r2_28Jan23_Fir_300SA_IATp03_9148,/home/bmeluch/NMDC/nom_processing/miesel_11_8bjf2432/raw/Miesel_60009_QC_SRFAII_20ppm_r2_28Jan23_Fir_300SA_IATp01_9140.zip,nmdc:calib-14-hhn3qb47,"EMSL NOM full profile mass spectrometry, negative",12T FT-ICR MS,EMSL,EMSL,2023-01-29T01:14:10Z,,['nmdc:sty-11-8bjf2432']
nmdc:procsm-11-fwd5cr98,/home/bmeluch/NMDC/nom_processing/miesel_11_8bjf2432/raw/Miesel_60009_03_BLAN_Ap1_PRE_Met_SPE_r1_300SA_IATp03_9247.zip,/home/bmeluch/NMDC/nom_processing/miesel_11_8bjf2432/processed_20260513/Miesel_60009_03_BLAN_Ap1_PRE_Met_SPE_r1_300SA_IATp03_9247,/home/bmeluch/NMDC/nom_processing/miesel_11_8bjf2432/raw/Miesel_60009_QC_SRFAII_20ppm_30Jan23_Fir_300SA_IATp01_9235.zip,nmdc:calib-14-hhn3qb47,"EMSL NOM full profile mass spectrometry, negative",12T FT-ICR MS,EMSL,EMSL,2023-01-30T13:42:18Z,,['nmdc:sty-11-8bjf2432']
nmdc:procsm-11-6x8kht09,/home/bmeluch/NMDC/nom_processing/miesel_11_8bjf2432/raw/Miesel_60009_16_NGPR_A_PRE_H2O_SPE_r1_26Jan23_Alder_300SA_IATp03_9022.zip,/home/bmeluch/NMDC/nom_processing/miesel_11_8bjf2432/processed_20260513/Miesel_60009_16_NGPR_A_PRE_H2O_SPE_r1_26Jan23_Alder_300SA_IATp03_9022,/home/bmeluch/NMDC/nom_processing/miesel_11_8bjf2432/raw/Miesel_60009_QC_SRFAII_20ppm_r1_26Jan23_Alder_300SA_IATp01_9014.zip,nmdc:calib-14-hhn3qb47,"EMSL NOM full profile mass spectrometry, negative",12T FT-ICR MS,EMSL,EMSL,2023-01-27T02:49:38Z,,['nmdc:sty-11-8bjf2432']
nmdc:procsm-11-s74ew426,/home/bmeluch/NMDC/nom_processing/miesel_11_8bjf2432/raw/Miesel_60009_01_ABBY_A_PRE_H2O_SPE_r2_28Jan23_Fir_300SA_IATp03_9113.zip,/home/bmeluch/NMDC/nom_processing/miesel_11_8bjf2432/processed_20260513/Miesel_60009_01_ABBY_A_PRE_H2O_SPE_r2_28Jan23_Fir_300SA_IATp03_9113,/home/bmeluch/NMDC/nom_processing/miesel_11_8bjf2432/raw/Miesel_60009_QC_SRFAII_20ppm_r2_28Jan23_Fir_300SA_IATp01_9108.zip,nmdc:calib-14-hhn3qb47,"EMSL NOM full profile mass spectrometry, negative",12T FT-ICR MS,EMSL,EMSL,2023-01-28T12:25:20Z,,['nmdc:sty-11-8bjf2432']
nmdc:procsm-11-0djj9c27,/home/bmeluch/NMDC/nom_processing/miesel_11_8bjf2432/raw/Miesel_60009_19_RMNP_A1_PRE_H2O_SPE_r2_28Jan23_Fir_300SA_IATp03_9126.zip,/home/bmeluch/NMDC/nom_processing/miesel_11_8bjf2432/processed_20260513/Miesel_60009_19_RMNP_A1_PRE_H2O_SPE_r2_28Jan23_Fir_300SA_IATp03_9126,/home/bmeluch/NMDC/nom_processing/miesel_11_8bjf2432/raw/Miesel_60009_QC_SRFAII_20ppm_r2_28Jan23_Fir_300SA_IATp01_9108.zip,nmdc:calib-14-hhn3qb47,"EMSL NOM full profile mass spectrometry, negative",12T FT-ICR MS,EMSL,EMSL,2023-01-28T17:10:54Z,,['nmdc:sty-11-8bjf2432']
nmdc:procsm-11-yqagk450,/home/bmeluch/NMDC/nom_processing/miesel_11_8bjf2432/raw/Miesel_60009_22_SOAP_A_PRE_H2O_SPE_r2_28Jan23_Alder_300SA_IATp03_9085.zip,/home/bmeluch/NMDC/nom_processing/miesel_11_8bjf2432/processed_20260513/Miesel_60009_22_SOAP_A_PRE_H2O_SPE_r2_28Jan23_Alder_300SA_IATp03_9085,/home/bmeluch/NMDC/nom_processing/miesel_11_8bjf2432/raw/Miesel_60009_QC_SRFAII_20ppm_r1_26Jan23_Alder_300SA_IATp01_9076.zip,nmdc:calib-14-hhn3qb47,"EMSL NOM full profile mass spectrometry, negative",12T FT-ICR MS,EMSL,EMSL,2023-01-28T02:10:16Z,,['nmdc:sty-11-8bjf2432']
nmdc:procsm-11-nh1jzz98,/home/bmeluch/NMDC/nom_processing/miesel_11_8bjf2432/raw/Miesel_60009_08_DELA_A_PRE_Met_SPE_r2_300SA_IATp03_9580.zip,/home/bmeluch/NMDC/nom_processing/miesel_11_8bjf2432/processed_20260513/Miesel_60009_08_DELA_A_PRE_Met_SPE_r2_300SA_IATp03_9580,/home/bmeluch/NMDC/nom_processing/miesel_11_8bjf2432/raw/Miesel_60009_QC_SRFAII_20ppm_30Jan23_Fir_300SA_IATp01_9389.zip,nmdc:calib-14-hhn3qb47,"EMSL NOM full profile mass spectrometry, negative",12T FT-ICR MS,EMSL,EMSL,2023-02-12T05:07:27Z,,['nmdc:sty-11-8bjf2432']
nmdc:procsm-11-vfk6r941,/home/bmeluch/NMDC/nom_processing/miesel_11_8bjf2432/raw/Miesel_60009_17_NIWO_A_PRE_H2O_SPE_r1_26Jan23_Alder_300SA_IATp03_9047.zip,/home/bmeluch/NMDC/nom_processing/miesel_11_8bjf2432/processed_20260513/Miesel_60009_17_NIWO_A_PRE_H2O_SPE_r1_26Jan23_Alder_300SA_IATp03_9047,/home/bmeluch/NMDC/nom_processing/miesel_11_8bjf2432/raw/Miesel_60009_QC_SRFAII_20ppm_r1_26Jan23_Alder_300SA_IATp01_9044.zip,nmdc:calib-14-hhn3qb47,"EMSL NOM full profile mass spectrometry, negative",12T FT-ICR MS,EMSL,EMSL,2023-01-27T11:58:48Z,,['nmdc:sty-11-8bjf2432']
nmdc:procsm-11-tdmrpt66,/home/bmeluch/NMDC/nom_processing/miesel_11_8bjf2432/raw/Miesel_60009_07_DCFS_A1_PRE_H2O_SPE_r1_26Jan23_Alder_300SA_IATp03_8987.zip,/home/bmeluch/NMDC/nom_processing/miesel_11_8bjf2432/processed_20260513/Miesel_60009_07_DCFS_A1_PRE_H2O_SPE_r1_26Jan23_Alder_300SA_IATp03_8987,/home/bmeluch/NMDC/nom_processing/miesel_11_8bjf2432/raw/Miesel_60009_QC_SRFAII_20ppm_r1_26Jan23_Alder_300SA_IATp01_8983.zip,nmdc:calib-14-hhn3qb47,"EMSL NOM full profile mass spectrometry, negative",12T FT-ICR MS,EMSL,EMSL,2023-01-26T14:00:47Z,,['nmdc:sty-11-8bjf2432']
nmdc:procsm-11-nfddw906,/home/bmeluch/NMDC/nom_processing/miesel_11_8bjf2432/raw/Miesel_60009_16_NGPR_A_PRE_Met_SPE_r1_30Jan23_Fir_300SA_IATp03_9196.zip,/home/bmeluch/NMDC/nom_processing/miesel_11_8bjf2432/processed_20260513/Miesel_60009_16_NGPR_A_PRE_Met_SPE_r1_30Jan23_Fir_300SA_IATp03_9196,/home/bmeluch/NMDC/nom_processing/miesel_11_8bjf2432/raw/Miesel_60009_QC_SRFAII_20ppm_r2_28Jan23_Fir_300SA_IATp01_9168.zip,nmdc:calib-14-hhn3qb47,"EMSL NOM full profile mass spectrometry, negative",12T FT-ICR MS,EMSL,EMSL,2023-01-29T18:48:34Z,,['nmdc:sty-11-8bjf2432']
nmdc:procsm-11-m1q27h07,/home/bmeluch/NMDC/nom_processing/miesel_11_8bjf2432/raw/Miesel_60009_26_UNDE_A_PRE_H2O_SPE_r1_26Jan23_Alder_300SA_IATp03_8996.zip,/home/bmeluch/NMDC/nom_processing/miesel_11_8bjf2432/processed_20260513/Miesel_60009_26_UNDE_A_PRE_H2O_SPE_r1_26Jan23_Alder_300SA_IATp03_8996,/home/bmeluch/NMDC/nom_processing/miesel_11_8bjf2432/raw/Miesel_60009_QC_SRFAII_20ppm_r1_26Jan23_Alder_300SA_IATp01_8983.zip,nmdc:calib-14-hhn3qb47,"EMSL NOM full profile mass spectrometry, negative",12T FT-ICR MS,EMSL,EMSL,2023-01-26T17:18:30Z,,['nmdc:sty-11-8bjf2432']
nmdc:procsm-11-41sff009,/home/bmeluch/NMDC/nom_processing/miesel_11_8bjf2432/raw/Miesel_60009_12_JORN_Ak_PRE_H2O_SPE_r1_26Jan23_Alder_300SA_IATp03_9062.zip,/home/bmeluch/NMDC/nom_processing/miesel_11_8bjf2432/processed_20260513/Miesel_60009_12_JORN_Ak_PRE_H2O_SPE_r1_26Jan23_Alder_300SA_IATp03_9062,/home/bmeluch/NMDC/nom_processing/miesel_11_8bjf2432/raw/Miesel_60009_QC_SRFAII_20ppm_r1_26Jan23_Alder_300SA_IATp01_9044.zip,nmdc:calib-14-hhn3qb47,"EMSL NOM full profile mass spectrometry, negative",12T FT-ICR MS,EMSL,EMSL,2023-01-27T17:45:02Z,,['nmdc:sty-11-8bjf2432']
nmdc:procsm-11-qp1hbv77,/home/bmeluch/NMDC/nom_processing/miesel_11_8bjf2432/raw/Miesel_60009_27_WREF_A1_PRE_Met_SPE_r2_300SA_IATp03_9598.zip,/home/bmeluch/NMDC/nom_processing/miesel_11_8bjf2432/processed_20260513/Miesel_60009_27_WREF_A1_PRE_Met_SPE_r2_300SA_IATp03_9598,/home/bmeluch/NMDC/nom_processing/miesel_11_8bjf2432/raw/Miesel_60009_QC_SRFAII_20ppm_10Feb23_Fir_300SA_IATp01_9585.zip,nmdc:calib-14-hhn3qb47,"EMSL NOM full profile mass spectrometry, negative",12T FT-ICR MS,EMSL,EMSL,2023-02-12T11:15:51Z,,['nmdc:sty-11-8bjf2432']
nmdc:procsm-11-nh1jzz98,/home/bmeluch/NMDC/nom_processing/miesel_11_8bjf2432/raw/Miesel_60009_08_DELA_A_PRE_Met_SPE_r1_300SA_IATp03_9246.zip,/home/bmeluch/NMDC/nom_processing/miesel_11_8bjf2432/processed_20260513/Miesel_60009_08_DELA_A_PRE_Met_SPE_r1_300SA_IATp03_9246,/home/bmeluch/NMDC/nom_processing/miesel_11_8bjf2432/raw/Miesel_60009_QC_SRFAII_20ppm_30Jan23_Fir_300SA_IATp01_9235.zip,nmdc:calib-14-hhn3qb47,"EMSL NOM full profile mass spectrometry, negative",12T FT-ICR MS,EMSL,EMSL,2023-01-30T13:20:20Z,,['nmdc:sty-11-8bjf2432']
nmdc:procsm-11-4h8tvr65,/home/bmeluch/NMDC/nom_processing/miesel_11_8bjf2432/raw/Miesel_60009_21_SJER_A_PRE_H2O_SPE_r1_26Jan23_Alder_300SA_IATp03_8990.zip,/home/bmeluch/NMDC/nom_processing/miesel_11_8bjf2432/processed_20260513/Miesel_60009_21_SJER_A_PRE_H2O_SPE_r1_26Jan23_Alder_300SA_IATp03_8990,/home/bmeluch/NMDC/nom_processing/miesel_11_8bjf2432/raw/Miesel_60009_QC_SRFAII_20ppm_r1_26Jan23_Alder_300SA_IATp01_8983.zip,nmdc:calib-14-hhn3qb47,"EMSL NOM full profile mass spectrometry, negative",12T FT-ICR MS,EMSL,EMSL,2023-01-26T15:06:41Z,,['nmdc:sty-11-8bjf2432']
nmdc:procsm-11-c3knk184,/home/bmeluch/NMDC/nom_processing/miesel_11_8bjf2432/raw/Miesel_60009_15_MOAB_A_PRE_Met_SPE_r1_300SA_IATp03_9262.zip,/home/bmeluch/NMDC/nom_processing/miesel_11_8bjf2432/processed_20260513/Miesel_60009_15_MOAB_A_PRE_Met_SPE_r1_300SA_IATp03_9262,/home/bmeluch/NMDC/nom_processing/miesel_11_8bjf2432/raw/Miesel_60009_QC_SRFAII_20ppm_30Jan23_Fir_300SA_IATp01_9235.zip,nmdc:calib-14-hhn3qb47,"EMSL NOM full profile mass spectrometry, negative",12T FT-ICR MS,EMSL,EMSL,2023-01-30T19:11:48Z,,['nmdc:sty-11-8bjf2432']
nmdc:procsm-11-hrxta915,/home/bmeluch/NMDC/nom_processing/miesel_11_8bjf2432/raw/Miesel_60009_19_RMNP_A1_PRE_Met_SPE_r1_30Jan23_Fir_300SA_IATp03_9179.zip,/home/bmeluch/NMDC/nom_processing/miesel_11_8bjf2432/processed_20260513/Miesel_60009_19_RMNP_A1_PRE_Met_SPE_r1_30Jan23_Fir_300SA_IATp03_9179,/home/bmeluch/NMDC/nom_processing/miesel_11_8bjf2432/raw/Miesel_60009_QC_SRFAII_20ppm_r2_28Jan23_Fir_300SA_IATp01_9168.zip,nmdc:calib-14-hhn3qb47,"EMSL NOM full profile mass spectrometry, negative",12T FT-ICR MS,EMSL,EMSL,2023-01-29T12:35:08Z,,['nmdc:sty-11-8bjf2432']
nmdc:procsm-11-8n627h15,/home/bmeluch/NMDC/nom_processing/miesel_11_8bjf2432/raw/Miesel_60009_17_NIWO_A_PRE_Met_SPE_r2_300SA_IATp03_9562.zip,/home/bmeluch/NMDC/nom_processing/miesel_11_8bjf2432/processed_20260513/Miesel_60009_17_NIWO_A_PRE_Met_SPE_r2_300SA_IATp03_9562,/home/bmeluch/NMDC/nom_processing/miesel_11_8bjf2432/raw/Miesel_60009_QC_SRFAII_20ppm_30Jan23_Fir_300SA_IATp01_9389.zip,nmdc:calib-14-hhn3qb47,"EMSL NOM full profile mass spectrometry, negative",12T FT-ICR MS,EMSL,EMSL,2023-02-11T22:59:03Z,,['nmdc:sty-11-8bjf2432']
nmdc:procsm-11-0me38986,/home/bmeluch/NMDC/nom_processing/miesel_11_8bjf2432/raw/Miesel_60009_23_STEI_A1_PRE_H2O_SPE_r1_26Jan23_Alder_300SA_IATp03_9033.zip,/home/bmeluch/NMDC/nom_processing/miesel_11_8bjf2432/processed_20260513/Miesel_60009_23_STEI_A1_PRE_H2O_SPE_r1_26Jan23_Alder_300SA_IATp03_9033,/home/bmeluch/NMDC/nom_processing/miesel_11_8bjf2432/raw/Miesel_60009_QC_SRFAII_20ppm_r1_26Jan23_Alder_300SA_IATp01_9014.zip,nmdc:calib-14-hhn3qb47,"EMSL NOM full profile mass spectrometry, negative",12T FT-ICR MS,EMSL,EMSL,2023-01-27T06:51:16Z,,['nmdc:sty-11-8bjf2432']
nmdc:procsm-11-qhg9z046,/home/bmeluch/NMDC/nom_processing/miesel_11_8bjf2432/raw/Miesel_60009_05_CLBJ_A1_PRE_H2O_SPE_r1_26Jan23_Alder_300SA_IATp03_9013.zip,/home/bmeluch/NMDC/nom_processing/miesel_11_8bjf2432/processed_20260513/Miesel_60009_05_CLBJ_A1_PRE_H2O_SPE_r1_26Jan23_Alder_300SA_IATp03_9013,/home/bmeluch/NMDC/nom_processing/miesel_11_8bjf2432/raw/Miesel_60009_QC_SRFAII_20ppm_r1_26Jan23_Alder_300SA_IATp01_8983.zip,nmdc:calib-14-hhn3qb47,"EMSL NOM full profile mass spectrometry, negative",12T FT-ICR MS,EMSL,EMSL,2023-01-26T23:31:56Z,,['nmdc:sty-11-8bjf2432']
nmdc:procsm-11-6x8kht09,/home/bmeluch/NMDC/nom_processing/miesel_11_8bjf2432/raw/Miesel_60009_16_NGPR_A_PRE_H2O_SPE_r2_28Jan23_Fir_300SA_IATp03_9160.zip,/home/bmeluch/NMDC/nom_processing/miesel_11_8bjf2432/processed_20260513/Miesel_60009_16_NGPR_A_PRE_H2O_SPE_r2_28Jan23_Fir_300SA_IATp03_9160,/home/bmeluch/NMDC/nom_processing/miesel_11_8bjf2432/raw/Miesel_60009_QC_SRFAII_20ppm_r2_28Jan23_Fir_300SA_IATp01_9140.zip,nmdc:calib-14-hhn3qb47,"EMSL NOM full profile mass spectrometry, negative",12T FT-ICR MS,EMSL,EMSL,2023-01-29T05:37:46Z,,['nmdc:sty-11-8bjf2432']
nmdc:procsm-11-brfvg452,/home/bmeluch/NMDC/nom_processing/miesel_11_8bjf2432/raw/Miesel_60009_27_WREF_A1_PRE_H2O_SPE_r1_26Jan23_Alder_300SA_IATp03_9060.zip,/home/bmeluch/NMDC/nom_processing/miesel_11_8bjf2432/processed_20260513/Miesel_60009_27_WREF_A1_PRE_H2O_SPE_r1_26Jan23_Alder_300SA_IATp03_9060,/home/bmeluch/NMDC/nom_processing/miesel_11_8bjf2432/raw/Miesel_60009_QC_SRFAII_20ppm_r1_26Jan23_Alder_300SA_IATp01_9044.zip,nmdc:calib-14-hhn3qb47,"EMSL NOM full profile mass spectrometry, negative",12T FT-ICR MS,EMSL,EMSL,2023-01-27T17:01:06Z,,['nmdc:sty-11-8bjf2432']
nmdc:procsm-11-nyvm6w55,/home/bmeluch/NMDC/nom_processing/miesel_11_8bjf2432/raw/Miesel_60009_02_BARR_Oaf_PRE_H2O_SPE_r2_28Jan23_Fir_300SA_IATp03_9119.zip,/home/bmeluch/NMDC/nom_processing/miesel_11_8bjf2432/processed_20260513/Miesel_60009_02_BARR_Oaf_PRE_H2O_SPE_r2_28Jan23_Fir_300SA_IATp03_9119,/home/bmeluch/NMDC/nom_processing/miesel_11_8bjf2432/raw/Miesel_60009_QC_SRFAII_20ppm_r2_28Jan23_Fir_300SA_IATp01_9108.zip,nmdc:calib-14-hhn3qb47,"EMSL NOM full profile mass spectrometry, negative",12T FT-ICR MS,EMSL,EMSL,2023-01-28T14:37:08Z,,['nmdc:sty-11-8bjf2432']
nmdc:procsm-11-jfyqa168,/home/bmeluch/NMDC/nom_processing/miesel_11_8bjf2432/raw/Miesel_60009_20_SERC_A_PRE_H2O_SPE_r1_26Jan23_Alder_300SA_IATp03_9012.zip,/home/bmeluch/NMDC/nom_processing/miesel_11_8bjf2432/processed_20260513/Miesel_60009_20_SERC_A_PRE_H2O_SPE_r1_26Jan23_Alder_300SA_IATp03_9012,/home/bmeluch/NMDC/nom_processing/miesel_11_8bjf2432/raw/Miesel_60009_QC_SRFAII_20ppm_r1_26Jan23_Alder_300SA_IATp01_8983.zip,nmdc:calib-14-hhn3qb47,"EMSL NOM full profile mass spectrometry, negative",12T FT-ICR MS,EMSL,EMSL,2023-01-26T23:09:58Z,,['nmdc:sty-11-8bjf2432']
nmdc:procsm-11-yqagk450,/home/bmeluch/NMDC/nom_processing/miesel_11_8bjf2432/raw/Miesel_60009_22_SOAP_A_PRE_H2O_SPE_r1_26Jan23_Alder_300SA_IATp03_9057.zip,/home/bmeluch/NMDC/nom_processing/miesel_11_8bjf2432/processed_20260513/Miesel_60009_22_SOAP_A_PRE_H2O_SPE_r1_26Jan23_Alder_300SA_IATp03_9057,/home/bmeluch/NMDC/nom_processing/miesel_11_8bjf2432/raw/Miesel_60009_QC_SRFAII_20ppm_r1_26Jan23_Alder_300SA_IATp01_9044.zip,nmdc:calib-14-hhn3qb47,"EMSL NOM full profile mass spectrometry, negative",12T FT-ICR MS,EMSL,EMSL,2023-01-27T15:55:12Z,,['nmdc:sty-11-8bjf2432']
nmdc:procsm-11-69r80p03,/home/bmeluch/NMDC/nom_processing/miesel_11_8bjf2432/raw/Miesel_60009_13_KONZ_A1_PRE_H2O_SPE_r1_26Jan23_Alder_300SA_IATp03_9070.zip,/home/bmeluch/NMDC/nom_processing/miesel_11_8bjf2432/processed_20260513/Miesel_60009_13_KONZ_A1_PRE_H2O_SPE_r1_26Jan23_Alder_300SA_IATp03_9070,/home/bmeluch/NMDC/nom_processing/miesel_11_8bjf2432/raw/Miesel_60009_QC_SRFAII_20ppm_r1_26Jan23_Alder_300SA_IATp01_9044.zip,nmdc:calib-14-hhn3qb47,"EMSL NOM full profile mass spectrometry, negative",12T FT-ICR MS,EMSL,EMSL,2023-01-27T20:40:46Z,,['nmdc:sty-11-8bjf2432']
nmdc:procsm-11-rhw00w06,/home/bmeluch/NMDC/nom_processing/miesel_11_8bjf2432/raw/Miesel_60009_21_SJER_A_PRE_Met_SPE_r2_300SA_IATp03_9597.zip,/home/bmeluch/NMDC/nom_processing/miesel_11_8bjf2432/processed_20260513/Miesel_60009_21_SJER_A_PRE_Met_SPE_r2_300SA_IATp03_9597,/home/bmeluch/NMDC/nom_processing/miesel_11_8bjf2432/raw/Miesel_60009_QC_SRFAII_20ppm_10Feb23_Fir_300SA_IATp01_9585.zip,nmdc:calib-14-hhn3qb47,"EMSL NOM full profile mass spectrometry, negative",12T FT-ICR MS,EMSL,EMSL,2023-02-12T10:55:23Z,,['nmdc:sty-11-8bjf2432']
nmdc:procsm-11-yhsv7x69,/home/bmeluch/NMDC/nom_processing/miesel_11_8bjf2432/raw/Miesel_60009_01_ABBY_A_PRE_Met_SPE_r1_300SA_IATp03_9286.zip,/home/bmeluch/NMDC/nom_processing/miesel_11_8bjf2432/processed_20260513/Miesel_60009_01_ABBY_A_PRE_Met_SPE_r1_300SA_IATp03_9286,/home/bmeluch/NMDC/nom_processing/miesel_11_8bjf2432/raw/Miesel_60009_QC_SRFAII_20ppm_30Jan23_Fir_300SA_IATp01_9266.zip,nmdc:calib-14-hhn3qb47,"EMSL NOM full profile mass spectrometry, negative",12T FT-ICR MS,EMSL,EMSL,2023-01-31T03:59:00Z,,['nmdc:sty-11-8bjf2432']
nmdc:procsm-11-g02g3p72,/home/bmeluch/NMDC/nom_processing/miesel_11_8bjf2432/raw/Miesel_60009_26_UNDE_A_PRE_Met_SPE_r2_300SA_IATp03_9640.zip,/home/bmeluch/NMDC/nom_processing/miesel_11_8bjf2432/processed_20260513/Miesel_60009_26_UNDE_A_PRE_Met_SPE_r2_300SA_IATp03_9640,/home/bmeluch/NMDC/nom_processing/miesel_11_8bjf2432/raw/Miesel_60009_QC_SRFAII_20ppm_10Feb23_Fir_300SA_IATp01_9617.zip,nmdc:calib-14-hhn3qb47,"EMSL NOM full profile mass spectrometry, negative",12T FT-ICR MS,EMSL,EMSL,2023-02-13T01:35:27Z,,['nmdc:sty-11-8bjf2432']
nmdc:procsm-11-brpcpw78,/home/bmeluch/NMDC/nom_processing/miesel_11_8bjf2432/raw/Miesel_60009_10_GRSM_A_PRE_H2O_SPE_r1_26Jan23_Alder_300SA_IATp03_9050.zip,/home/bmeluch/NMDC/nom_processing/miesel_11_8bjf2432/processed_20260513/Miesel_60009_10_GRSM_A_PRE_H2O_SPE_r1_26Jan23_Alder_300SA_IATp03_9050,/home/bmeluch/NMDC/nom_processing/miesel_11_8bjf2432/raw/Miesel_60009_QC_SRFAII_20ppm_r1_26Jan23_Alder_300SA_IATp01_9044.zip,nmdc:calib-14-hhn3qb47,"EMSL NOM full profile mass spectrometry, negative",12T FT-ICR MS,EMSL,EMSL,2023-01-27T13:04:42Z,,['nmdc:sty-11-8bjf2432']
nmdc:procsm-11-je1dng09,/home/bmeluch/NMDC/nom_processing/miesel_11_8bjf2432/raw/Miesel_60009_02_BARR_Oaf_PRE_Met_SPE_r2_300SA_IATp03_9608.zip,/home/bmeluch/NMDC/nom_processing/miesel_11_8bjf2432/processed_20260513/Miesel_60009_02_BARR_Oaf_PRE_Met_SPE_r2_300SA_IATp03_9608,/home/bmeluch/NMDC/nom_processing/miesel_11_8bjf2432/raw/Miesel_60009_QC_SRFAII_20ppm_10Feb23_Fir_300SA_IATp01_9585.zip,nmdc:calib-14-hhn3qb47,"EMSL NOM full profile mass spectrometry, negative",12T FT-ICR MS,EMSL,EMSL,2023-02-12T14:40:31Z,,['nmdc:sty-11-8bjf2432']
nmdc:procsm-11-5pz8x236,/home/bmeluch/NMDC/nom_processing/miesel_11_8bjf2432/raw/Miesel_60009_07_DCFS_A1_PRE_Met_SPE_r2_300SA_IATp03_9588.zip,/home/bmeluch/NMDC/nom_processing/miesel_11_8bjf2432/processed_20260513/Miesel_60009_07_DCFS_A1_PRE_Met_SPE_r2_300SA_IATp03_9588,/home/bmeluch/NMDC/nom_processing/miesel_11_8bjf2432/raw/Miesel_60009_QC_SRFAII_20ppm_10Feb23_Fir_300SA_IATp01_9585.zip,nmdc:calib-14-hhn3qb47,"EMSL NOM full profile mass spectrometry, negative",12T FT-ICR MS,EMSL,EMSL,2023-02-12T07:51:11Z,,['nmdc:sty-11-8bjf2432']
nmdc:procsm-11-fwd5cr98,/home/bmeluch/NMDC/nom_processing/miesel_11_8bjf2432/raw/Miesel_60009_03_BLAN_Ap1_PRE_Met_SPE_r2_300SA_IATp03_9556.zip,/home/bmeluch/NMDC/nom_processing/miesel_11_8bjf2432/processed_20260513/Miesel_60009_03_BLAN_Ap1_PRE_Met_SPE_r2_300SA_IATp03_9556,/home/bmeluch/NMDC/nom_processing/miesel_11_8bjf2432/raw/Miesel_60009_QC_SRFAII_20ppm_30Jan23_Fir_300SA_IATp01_9389.zip,nmdc:calib-14-hhn3qb47,"EMSL NOM full profile mass spectrometry, negative",12T FT-ICR MS,EMSL,EMSL,2023-02-11T20:56:15Z,,['nmdc:sty-11-8bjf2432']
nmdc:procsm-11-7pb63y55,/home/bmeluch/NMDC/nom_processing/miesel_11_8bjf2432/raw/Miesel_60009_04_BONA_Oea_PRE_Met_SPE_r1_300SA_IATp03_9250.zip,/home/bmeluch/NMDC/nom_processing/miesel_11_8bjf2432/processed_20260513/Miesel_60009_04_BONA_Oea_PRE_Met_SPE_r1_300SA_IATp03_9250,/home/bmeluch/NMDC/nom_processing/miesel_11_8bjf2432/raw/Miesel_60009_QC_SRFAII_20ppm_30Jan23_Fir_300SA_IATp01_9235.zip,nmdc:calib-14-hhn3qb47,"EMSL NOM full profile mass spectrometry, negative",12T FT-ICR MS,EMSL,EMSL,2023-01-30T14:48:12Z,,['nmdc:sty-11-8bjf2432']
nmdc:procsm-11-bc607570,/home/bmeluch/NMDC/nom_processing/miesel_11_8bjf2432/raw/Miesel_60009_06_CPER_A1_PRE_Met_SPE_r1_300SA_IATp03_9249.zip,/home/bmeluch/NMDC/nom_processing/miesel_11_8bjf2432/processed_20260513/Miesel_60009_06_CPER_A1_PRE_Met_SPE_r1_300SA_IATp03_9249,/home/bmeluch/NMDC/nom_processing/miesel_11_8bjf2432/raw/Miesel_60009_QC_SRFAII_20ppm_30Jan23_Fir_300SA_IATp01_9235.zip,nmdc:calib-14-hhn3qb47,"EMSL NOM full profile mass spectrometry, negative",12T FT-ICR MS,EMSL,EMSL,2023-01-30T14:26:14Z,,['nmdc:sty-11-8bjf2432']
nmdc:procsm-11-brfvg452,/home/bmeluch/NMDC/nom_processing/miesel_11_8bjf2432/raw/Miesel_60009_27_WREF_A1_PRE_H2O_SPE_r2_28Jan23_Fir_300SA_IATp03_9107.zip,/home/bmeluch/NMDC/nom_processing/miesel_11_8bjf2432/processed_20260513/Miesel_60009_27_WREF_A1_PRE_H2O_SPE_r2_28Jan23_Fir_300SA_IATp03_9107,/home/bmeluch/NMDC/nom_processing/miesel_11_8bjf2432/raw/Miesel_60009_QC_SRFAII_20ppm_r1_26Jan23_Alder_300SA_IATp01_9076.zip,nmdc:calib-14-hhn3qb47,"EMSL NOM full profile mass spectrometry, negative",12T FT-ICR MS,EMSL,EMSL,2023-01-28T10:13:32Z,,['nmdc:sty-11-8bjf2432']
nmdc:procsm-11-g49cmj85,/home/bmeluch/NMDC/nom_processing/miesel_11_8bjf2432/raw/Miesel_60009_14_MLBS_A_PRE_Met_SPE_r1_30Jan23_Fir_300SA_IATp03_9173.zip,/home/bmeluch/NMDC/nom_processing/miesel_11_8bjf2432/processed_20260513/Miesel_60009_14_MLBS_A_PRE_Met_SPE_r1_30Jan23_Fir_300SA_IATp03_9173,/home/bmeluch/NMDC/nom_processing/miesel_11_8bjf2432/raw/Miesel_60009_QC_SRFAII_20ppm_r2_28Jan23_Fir_300SA_IATp01_9168.zip,nmdc:calib-14-hhn3qb47,"EMSL NOM full profile mass spectrometry, negative",12T FT-ICR MS,EMSL,EMSL,2023-01-29T10:23:20Z,,['nmdc:sty-11-8bjf2432']
nmdc:procsm-11-c3knk184,/home/bmeluch/NMDC/nom_processing/miesel_11_8bjf2432/raw/Miesel_60009_15_MOAB_A_PRE_Met_SPE_r2_300SA_IATp03_9643.zip,/home/bmeluch/NMDC/nom_processing/miesel_11_8bjf2432/processed_20260513/Miesel_60009_15_MOAB_A_PRE_Met_SPE_r2_300SA_IATp03_9643,/home/bmeluch/NMDC/nom_processing/miesel_11_8bjf2432/raw/Miesel_60009_QC_SRFAII_20ppm_10Feb23_Fir_300SA_IATp01_9617.zip,nmdc:calib-14-hhn3qb47,"EMSL NOM full profile mass spectrometry, negative",12T FT-ICR MS,EMSL,EMSL,2023-02-13T02:36:51Z,,['nmdc:sty-11-8bjf2432']
nmdc:procsm-11-7mv0h285,/home/bmeluch/NMDC/nom_processing/miesel_11_8bjf2432/raw/Miesel_60009_11_HEAL_Oae_PRE_H2O_SPE_r2_28Jan23_Alder_300SA_IATp03_9093.zip,/home/bmeluch/NMDC/nom_processing/miesel_11_8bjf2432/processed_20260513/Miesel_60009_11_HEAL_Oae_PRE_H2O_SPE_r2_28Jan23_Alder_300SA_IATp03_9093,/home/bmeluch/NMDC/nom_processing/miesel_11_8bjf2432/raw/Miesel_60009_QC_SRFAII_20ppm_r1_26Jan23_Alder_300SA_IATp01_9076.zip,nmdc:calib-14-hhn3qb47,"EMSL NOM full profile mass spectrometry, negative",12T FT-ICR MS,EMSL,EMSL,2023-01-28T05:06:00Z,,['nmdc:sty-11-8bjf2432']
nmdc:procsm-11-j4pnkw86,/home/bmeluch/NMDC/nom_processing/miesel_11_8bjf2432/raw/Miesel_60009_08_DELA_A_PRE_H2O_SPE_r1_26Jan23_Alder_300SA_IATp03_9016.zip,/home/bmeluch/NMDC/nom_processing/miesel_11_8bjf2432/processed_20260513/Miesel_60009_08_DELA_A_PRE_H2O_SPE_r1_26Jan23_Alder_300SA_IATp03_9016,/home/bmeluch/NMDC/nom_processing/miesel_11_8bjf2432/raw/Miesel_60009_QC_SRFAII_20ppm_r1_26Jan23_Alder_300SA_IATp01_9014.zip,nmdc:calib-14-hhn3qb47,"EMSL NOM full profile mass spectrometry, negative",12T FT-ICR MS,EMSL,EMSL,2023-01-27T00:37:50Z,,['nmdc:sty-11-8bjf2432']
nmdc:procsm-11-s74ew426,/home/bmeluch/NMDC/nom_processing/miesel_11_8bjf2432/raw/Miesel_60009_01_ABBY_A_PRE_H2O_SPE_r1_26Jan23_Alder_300SA_IATp03_9009.zip,/home/bmeluch/NMDC/nom_processing/miesel_11_8bjf2432/processed_20260513/Miesel_60009_01_ABBY_A_PRE_H2O_SPE_r1_26Jan23_Alder_300SA_IATp03_9009,/home/bmeluch/NMDC/nom_processing/miesel_11_8bjf2432/raw/Miesel_60009_QC_SRFAII_20ppm_r1_26Jan23_Alder_300SA_IATp01_8983.zip,nmdc:calib-14-hhn3qb47,"EMSL NOM full profile mass spectrometry, negative",12T FT-ICR MS,EMSL,EMSL,2023-01-26T22:04:03Z,,['nmdc:sty-11-8bjf2432']
nmdc:procsm-11-hrxta915,/home/bmeluch/NMDC/nom_processing/miesel_11_8bjf2432/raw/Miesel_60009_19_RMNP_A1_PRE_Met_SPE_r2_300SA_IATp03_9584.zip,/home/bmeluch/NMDC/nom_processing/miesel_11_8bjf2432/processed_20260513/Miesel_60009_19_RMNP_A1_PRE_Met_SPE_r2_300SA_IATp03_9584,/home/bmeluch/NMDC/nom_processing/miesel_11_8bjf2432/raw/Miesel_60009_QC_SRFAII_20ppm_30Jan23_Fir_300SA_IATp01_9389.zip,nmdc:calib-14-hhn3qb47,"EMSL NOM full profile mass spectrometry, negative",12T FT-ICR MS,EMSL,EMSL,2023-02-12T06:29:19Z,,['nmdc:sty-11-8bjf2432']
nmdc:procsm-11-f9rwce54,/home/bmeluch/NMDC/nom_processing/miesel_11_8bjf2432/raw/Miesel_60009_22_SOAP_A_PRE_Met_SPE_r1_30Jan23_Fir_300SA_IATp03_9184.zip,/home/bmeluch/NMDC/nom_processing/miesel_11_8bjf2432/processed_20260513/Miesel_60009_22_SOAP_A_PRE_Met_SPE_r1_30Jan23_Fir_300SA_IATp03_9184,/home/bmeluch/NMDC/nom_processing/miesel_11_8bjf2432/raw/Miesel_60009_QC_SRFAII_20ppm_r2_28Jan23_Fir_300SA_IATp01_9168.zip,nmdc:calib-14-hhn3qb47,"EMSL NOM full profile mass spectrometry, negative",12T FT-ICR MS,EMSL,EMSL,2023-01-29T14:24:58Z,,['nmdc:sty-11-8bjf2432']
nmdc:procsm-11-brpcpw78,/home/bmeluch/NMDC/nom_processing/miesel_11_8bjf2432/raw/Miesel_60009_10_GRSM_A_PRE_H2O_SPE_r2_28Jan23_Fir_300SA_IATp03_9114.zip,/home/bmeluch/NMDC/nom_processing/miesel_11_8bjf2432/processed_20260513/Miesel_60009_10_GRSM_A_PRE_H2O_SPE_r2_28Jan23_Fir_300SA_IATp03_9114,/home/bmeluch/NMDC/nom_processing/miesel_11_8bjf2432/raw/Miesel_60009_QC_SRFAII_20ppm_r2_28Jan23_Fir_300SA_IATp01_9108.zip,nmdc:calib-14-hhn3qb47,"EMSL NOM full profile mass spectrometry, negative",12T FT-ICR MS,EMSL,EMSL,2023-01-28T12:47:18Z,,['nmdc:sty-11-8bjf2432']
nmdc:procsm-11-bc607570,/home/bmeluch/NMDC/nom_processing/miesel_11_8bjf2432/raw/Miesel_60009_06_CPER_A1_PRE_Met_SPE_r2_300SA_IATp03_9555.zip,/home/bmeluch/NMDC/nom_processing/miesel_11_8bjf2432/processed_20260513/Miesel_60009_06_CPER_A1_PRE_Met_SPE_r2_300SA_IATp03_9555,/home/bmeluch/NMDC/nom_processing/miesel_11_8bjf2432/raw/Miesel_60009_QC_SRFAII_20ppm_30Jan23_Fir_300SA_IATp01_9389.zip,nmdc:calib-14-hhn3qb47,"EMSL NOM full profile mass spectrometry, negative",12T FT-ICR MS,EMSL,EMSL,2023-02-11T20:35:47Z,,['nmdc:sty-11-8bjf2432']
nmdc:procsm-11-yhsv7x69,/home/bmeluch/NMDC/nom_processing/miesel_11_8bjf2432/raw/Miesel_60009_01_ABBY_A_PRE_Met_SPE_r2_300SA_IATp03_9559.zip,/home/bmeluch/NMDC/nom_processing/miesel_11_8bjf2432/processed_20260513/Miesel_60009_01_ABBY_A_PRE_Met_SPE_r2_300SA_IATp03_9559,/home/bmeluch/NMDC/nom_processing/miesel_11_8bjf2432/raw/Miesel_60009_QC_SRFAII_20ppm_30Jan23_Fir_300SA_IATp01_9389.zip,nmdc:calib-14-hhn3qb47,"EMSL NOM full profile mass spectrometry, negative",12T FT-ICR MS,EMSL,EMSL,2023-02-11T21:57:39Z,,['nmdc:sty-11-8bjf2432']
nmdc:procsm-11-2mzh8230,/home/bmeluch/NMDC/nom_processing/miesel_11_8bjf2432/raw/Miesel_60009_10_GRSM_A_PRE_Met_SPE_r2_300SA_IATp03_9560.zip,/home/bmeluch/NMDC/nom_processing/miesel_11_8bjf2432/processed_20260513/Miesel_60009_10_GRSM_A_PRE_Met_SPE_r2_300SA_IATp03_9560,/home/bmeluch/NMDC/nom_processing/miesel_11_8bjf2432/raw/Miesel_60009_QC_SRFAII_20ppm_30Jan23_Fir_300SA_IATp01_9389.zip,nmdc:calib-14-hhn3qb47,"EMSL NOM full profile mass spectrometry, negative",12T FT-ICR MS,EMSL,EMSL,2023-02-11T22:18:07Z,,['nmdc:sty-11-8bjf2432']
nmdc:procsm-11-4h8tvr65,/home/bmeluch/NMDC/nom_processing/miesel_11_8bjf2432/raw/Miesel_60009_21_SJER_A_PRE_H2O_SPE_r2_28Jan23_Fir_300SA_IATp03_9137.zip,/home/bmeluch/NMDC/nom_processing/miesel_11_8bjf2432/processed_20260513/Miesel_60009_21_SJER_A_PRE_H2O_SPE_r2_28Jan23_Fir_300SA_IATp03_9137,/home/bmeluch/NMDC/nom_processing/miesel_11_8bjf2432/raw/Miesel_60009_QC_SRFAII_20ppm_r2_28Jan23_Fir_300SA_IATp01_9108.zip,nmdc:calib-14-hhn3qb47,"EMSL NOM full profile mass spectrometry, negative",12T FT-ICR MS,EMSL,EMSL,2023-01-28T21:12:32Z,,['nmdc:sty-11-8bjf2432']
nmdc:procsm-11-7pb63y55,/home/bmeluch/NMDC/nom_processing/miesel_11_8bjf2432/raw/Miesel_60009_04_BONA_Oea_PRE_Met_SPE_r2_300SA_IATp03_9596.zip,/home/bmeluch/NMDC/nom_processing/miesel_11_8bjf2432/processed_20260513/Miesel_60009_04_BONA_Oea_PRE_Met_SPE_r2_300SA_IATp03_9596,/home/bmeluch/NMDC/nom_processing/miesel_11_8bjf2432/raw/Miesel_60009_QC_SRFAII_20ppm_10Feb23_Fir_300SA_IATp01_9585.zip,nmdc:calib-14-hhn3qb47,"EMSL NOM full profile mass spectrometry, negative",12T FT-ICR MS,EMSL,EMSL,2023-02-12T10:34:55Z,,['nmdc:sty-11-8bjf2432']
nmdc:procsm-11-jk70y175,/home/bmeluch/NMDC/nom_processing/miesel_11_8bjf2432/raw/Miesel_60009_24_TALL_A1_PRE_H2O_SPE_r1_26Jan23_Alder_300SA_IATp03_9043.zip,/home/bmeluch/NMDC/nom_processing/miesel_11_8bjf2432/processed_20260513/Miesel_60009_24_TALL_A1_PRE_H2O_SPE_r1_26Jan23_Alder_300SA_IATp03_9043,/home/bmeluch/NMDC/nom_processing/miesel_11_8bjf2432/raw/Miesel_60009_QC_SRFAII_20ppm_r1_26Jan23_Alder_300SA_IATp01_9014.zip,nmdc:calib-14-hhn3qb47,"EMSL NOM full profile mass spectrometry, negative",12T FT-ICR MS,EMSL,EMSL,2023-01-27T10:30:56Z,,['nmdc:sty-11-8bjf2432']
nmdc:procsm-11-0djj9c27,/home/bmeluch/NMDC/nom_processing/miesel_11_8bjf2432/raw/Miesel_60009_19_RMNP_A1_PRE_H2O_SPE_r1_26Jan23_Alder_300SA_IATp03_9032.zip,/home/bmeluch/NMDC/nom_processing/miesel_11_8bjf2432/processed_20260513/Miesel_60009_19_RMNP_A1_PRE_H2O_SPE_r1_26Jan23_Alder_300SA_IATp03_9032,/home/bmeluch/NMDC/nom_processing/miesel_11_8bjf2432/raw/Miesel_60009_QC_SRFAII_20ppm_r1_26Jan23_Alder_300SA_IATp01_9014.zip,nmdc:calib-14-hhn3qb47,"EMSL NOM full profile mass spectrometry, negative",12T FT-ICR MS,EMSL,EMSL,2023-01-27T06:29:18Z,,['nmdc:sty-11-8bjf2432']
nmdc:procsm-11-64dkea95,/home/bmeluch/NMDC/nom_processing/miesel_11_8bjf2432/raw/Miesel_60009_23_STEI_A1_PRE_Met_SPE_r2_300SA_IATp03_9623.zip,/home/bmeluch/NMDC/nom_processing/miesel_11_8bjf2432/processed_20260513/Miesel_60009_23_STEI_A1_PRE_Met_SPE_r2_300SA_IATp03_9623,/home/bmeluch/NMDC/nom_processing/miesel_11_8bjf2432/raw/Miesel_60009_QC_SRFAII_20ppm_10Feb23_Fir_300SA_IATp01_9617.zip,nmdc:calib-14-hhn3qb47,"EMSL NOM full profile mass spectrometry, negative",12T FT-ICR MS,EMSL,EMSL,2023-02-12T19:47:31Z,,['nmdc:sty-11-8bjf2432']
nmdc:procsm-11-1a8nvn22,/home/bmeluch/NMDC/nom_processing/miesel_11_8bjf2432/raw/Miesel_60009_18_OSBS_A_PRE_Met_SPE_r1_30Jan23_Fir_300SA_IATp03_9191.zip,/home/bmeluch/NMDC/nom_processing/miesel_11_8bjf2432/processed_20260513/Miesel_60009_18_OSBS_A_PRE_Met_SPE_r1_30Jan23_Fir_300SA_IATp03_9191,/home/bmeluch/NMDC/nom_processing/miesel_11_8bjf2432/raw/Miesel_60009_QC_SRFAII_20ppm_r2_28Jan23_Fir_300SA_IATp01_9168.zip,nmdc:calib-14-hhn3qb47,"EMSL NOM full profile mass spectrometry, negative",12T FT-ICR MS,EMSL,EMSL,2023-01-29T16:58:44Z,,['nmdc:sty-11-8bjf2432']
nmdc:procsm-11-w8avnt14,/home/bmeluch/NMDC/nom_processing/miesel_11_8bjf2432/raw/Miesel_60009_03_BLAN_Ap1_PRE_H2O_SPE_r1_26Jan23_Alder_300SA_IATp03_9027.zip,/home/bmeluch/NMDC/nom_processing/miesel_11_8bjf2432/processed_20260513/Miesel_60009_03_BLAN_Ap1_PRE_H2O_SPE_r1_26Jan23_Alder_300SA_IATp03_9027,/home/bmeluch/NMDC/nom_processing/miesel_11_8bjf2432/raw/Miesel_60009_QC_SRFAII_20ppm_r1_26Jan23_Alder_300SA_IATp01_9014.zip,nmdc:calib-14-hhn3qb47,"EMSL NOM full profile mass spectrometry, negative",12T FT-ICR MS,EMSL,EMSL,2023-01-27T04:39:28Z,,['nmdc:sty-11-8bjf2432']
nmdc:procsm-11-2mzh8230,/home/bmeluch/NMDC/nom_processing/miesel_11_8bjf2432/raw/Miesel_60009_10_GRSM_A_PRE_Met_SPE_r1_30Jan23_Fir_300SA_IATp03_9180.zip,/home/bmeluch/NMDC/nom_processing/miesel_11_8bjf2432/processed_20260513/Miesel_60009_10_GRSM_A_PRE_Met_SPE_r1_30Jan23_Fir_300SA_IATp03_9180,/home/bmeluch/NMDC/nom_processing/miesel_11_8bjf2432/raw/Miesel_60009_QC_SRFAII_20ppm_r2_28Jan23_Fir_300SA_IATp01_9168.zip,nmdc:calib-14-hhn3qb47,"EMSL NOM full profile mass spectrometry, negative",12T FT-ICR MS,EMSL,EMSL,2023-01-29T12:57:06Z,,['nmdc:sty-11-8bjf2432']
nmdc:procsm-11-1a8nvn22,/home/bmeluch/NMDC/nom_processing/miesel_11_8bjf2432/raw/Miesel_60009_18_OSBS_A_PRE_Met_SPE_r2_300SA_IATp03_9589.zip,/home/bmeluch/NMDC/nom_processing/miesel_11_8bjf2432/processed_20260513/Miesel_60009_18_OSBS_A_PRE_Met_SPE_r2_300SA_IATp03_9589,/home/bmeluch/NMDC/nom_processing/miesel_11_8bjf2432/raw/Miesel_60009_QC_SRFAII_20ppm_10Feb23_Fir_300SA_IATp01_9585.zip,nmdc:calib-14-hhn3qb47,"EMSL NOM full profile mass spectrometry, negative",12T FT-ICR MS,EMSL,EMSL,2023-02-12T08:11:39Z,,['nmdc:sty-11-8bjf2432']
nmdc:procsm-11-a2602g12,/home/bmeluch/NMDC/nom_processing/miesel_11_8bjf2432/raw/Miesel_60009_04_BONA_Oea_PRE_H2O_SPE_r1_26Jan23_Alder_300SA_IATp03_9004.zip,/home/bmeluch/NMDC/nom_processing/miesel_11_8bjf2432/processed_20260513/Miesel_60009_04_BONA_Oea_PRE_H2O_SPE_r1_26Jan23_Alder_300SA_IATp03_9004,/home/bmeluch/NMDC/nom_processing/miesel_11_8bjf2432/raw/Miesel_60009_QC_SRFAII_20ppm_r1_26Jan23_Alder_300SA_IATp01_8983.zip,nmdc:calib-14-hhn3qb47,"EMSL NOM full profile mass spectrometry, negative",12T FT-ICR MS,EMSL,EMSL,2023-01-26T20:14:14Z,,['nmdc:sty-11-8bjf2432']
nmdc:procsm-11-4rvr2k18,/home/bmeluch/NMDC/nom_processing/miesel_11_8bjf2432/raw/Miesel_60009_18_OSBS_A_PRE_H2O_SPE_r1_26Jan23_Alder_300SA_IATp03_9054.zip,/home/bmeluch/NMDC/nom_processing/miesel_11_8bjf2432/processed_20260513/Miesel_60009_18_OSBS_A_PRE_H2O_SPE_r1_26Jan23_Alder_300SA_IATp03_9054,/home/bmeluch/NMDC/nom_processing/miesel_11_8bjf2432/raw/Miesel_60009_QC_SRFAII_20ppm_r1_26Jan23_Alder_300SA_IATp01_9044.zip,nmdc:calib-14-hhn3qb47,"EMSL NOM full profile mass spectrometry, negative",12T FT-ICR MS,EMSL,EMSL,2023-01-27T14:49:18Z,,['nmdc:sty-11-8bjf2432']
nmdc:procsm-11-m1q27h07,/home/bmeluch/NMDC/nom_processing/miesel_11_8bjf2432/raw/Miesel_60009_26_UNDE_A_PRE_H2O_SPE_r2_28Jan23_Fir_300SA_IATp03_9155.zip,/home/bmeluch/NMDC/nom_processing/miesel_11_8bjf2432/processed_20260513/Miesel_60009_26_UNDE_A_PRE_H2O_SPE_r2_28Jan23_Fir_300SA_IATp03_9155,/home/bmeluch/NMDC/nom_processing/miesel_11_8bjf2432/raw/Miesel_60009_QC_SRFAII_20ppm_r2_28Jan23_Fir_300SA_IATp01_9140.zip,nmdc:calib-14-hhn3qb47,"EMSL NOM full profile mass spectrometry, negative",12T FT-ICR MS,EMSL,EMSL,2023-01-29T03:47:56Z,,['nmdc:sty-11-8bjf2432']
nmdc:procsm-11-6ntz2q48,/home/bmeluch/NMDC/nom_processing/miesel_11_8bjf2432/raw/Miesel_60009_12_JORN_Ak_PRE_Met_SPE_r1_300SA_IATp03_9273.zip,/home/bmeluch/NMDC/nom_processing/miesel_11_8bjf2432/processed_20260513/Miesel_60009_12_JORN_Ak_PRE_Met_SPE_r1_300SA_IATp03_9273,/home/bmeluch/NMDC/nom_processing/miesel_11_8bjf2432/raw/Miesel_60009_QC_SRFAII_20ppm_30Jan23_Fir_300SA_IATp01_9266.zip,nmdc:calib-14-hhn3qb47,"EMSL NOM full profile mass spectrometry, negative",12T FT-ICR MS,EMSL,EMSL,2023-01-30T23:13:26Z,,['nmdc:sty-11-8bjf2432']
nmdc:procsm-11-3nnvxe74,/home/bmeluch/NMDC/nom_processing/miesel_11_8bjf2432/raw/Miesel_60009_24_TALL_A1_PRE_Met_SPE_r1_30Jan23_Fir_300SA_IATp03_9241.zip,/home/bmeluch/NMDC/nom_processing/miesel_11_8bjf2432/processed_20260513/Miesel_60009_24_TALL_A1_PRE_Met_SPE_r1_30Jan23_Fir_300SA_IATp03_9241,/home/bmeluch/NMDC/nom_processing/miesel_11_8bjf2432/raw/Miesel_60009_QC_SRFAII_20ppm_30Jan23_Fir_300SA_IATp01_9235.zip,nmdc:calib-14-hhn3qb47,"EMSL NOM full profile mass spectrometry, negative",12T FT-ICR MS,EMSL,EMSL,2023-01-30T11:30:30Z,,['nmdc:sty-11-8bjf2432']
nmdc:procsm-11-7mv0h285,/home/bmeluch/NMDC/nom_processing/miesel_11_8bjf2432/raw/Miesel_60009_11_HEAL_Oae_PRE_H2O_SPE_r1_26Jan23_Alder_300SA_IATp03_8999.zip,/home/bmeluch/NMDC/nom_processing/miesel_11_8bjf2432/processed_20260513/Miesel_60009_11_HEAL_Oae_PRE_H2O_SPE_r1_26Jan23_Alder_300SA_IATp03_8999,/home/bmeluch/NMDC/nom_processing/miesel_11_8bjf2432/raw/Miesel_60009_QC_SRFAII_20ppm_r1_26Jan23_Alder_300SA_IATp01_8983.zip,nmdc:calib-14-hhn3qb47,"EMSL NOM full profile mass spectrometry, negative",12T FT-ICR MS,EMSL,EMSL,2023-01-26T18:24:24Z,,['nmdc:sty-11-8bjf2432']
nmdc:procsm-11-pcx1ta56,/home/bmeluch/NMDC/nom_processing/miesel_11_8bjf2432/raw/Miesel_60009_06_CPER_A1_PRE_H2O_SPE_r2_28Jan23_Fir_300SA_IATp03_9120.zip,/home/bmeluch/NMDC/nom_processing/miesel_11_8bjf2432/processed_20260513/Miesel_60009_06_CPER_A1_PRE_H2O_SPE_r2_28Jan23_Fir_300SA_IATp03_9120,/home/bmeluch/NMDC/nom_processing/miesel_11_8bjf2432/raw/Miesel_60009_QC_SRFAII_20ppm_r2_28Jan23_Fir_300SA_IATp01_9108.zip,nmdc:calib-14-hhn3qb47,"EMSL NOM full profile mass spectrometry, negative",12T FT-ICR MS,EMSL,EMSL,2023-01-28T14:59:06Z,,['nmdc:sty-11-8bjf2432']
nmdc:procsm-11-qp1hbv77,/home/bmeluch/NMDC/nom_processing/miesel_11_8bjf2432/raw/Miesel_60009_27_WREF_A1_PRE_Met_SPE_r1_300SA_IATp03_9277.zip,/home/bmeluch/NMDC/nom_processing/miesel_11_8bjf2432/processed_20260513/Miesel_60009_27_WREF_A1_PRE_Met_SPE_r1_300SA_IATp03_9277,/home/bmeluch/NMDC/nom_processing/miesel_11_8bjf2432/raw/Miesel_60009_QC_SRFAII_20ppm_30Jan23_Fir_300SA_IATp01_9266.zip,nmdc:calib-14-hhn3qb47,"EMSL NOM full profile mass spectrometry, negative",12T FT-ICR MS,EMSL,EMSL,2023-01-31T00:41:18Z,,['nmdc:sty-11-8bjf2432']
nmdc:procsm-11-m56bth03,/home/bmeluch/NMDC/nom_processing/miesel_11_8bjf2432/raw/Miesel_60009_13_KONZ_A1_PRE_Met_SPE_r2_300SA_IATp03_9593.zip,/home/bmeluch/NMDC/nom_processing/miesel_11_8bjf2432/processed_20260513/Miesel_60009_13_KONZ_A1_PRE_Met_SPE_r2_300SA_IATp03_9593,/home/bmeluch/NMDC/nom_processing/miesel_11_8bjf2432/raw/Miesel_60009_QC_SRFAII_20ppm_10Feb23_Fir_300SA_IATp01_9585.zip,nmdc:calib-14-hhn3qb47,"EMSL NOM full profile mass spectrometry, negative",12T FT-ICR MS,EMSL,EMSL,2023-02-12T09:33:31Z,,['nmdc:sty-11-8bjf2432']
nmdc:procsm-11-0me38986,/home/bmeluch/NMDC/nom_processing/miesel_11_8bjf2432/raw/Miesel_60009_23_STEI_A1_PRE_H2O_SPE_r2_28Jan23_Alder_300SA_IATp03_9094.zip,/home/bmeluch/NMDC/nom_processing/miesel_11_8bjf2432/processed_20260513/Miesel_60009_23_STEI_A1_PRE_H2O_SPE_r2_28Jan23_Alder_300SA_IATp03_9094,/home/bmeluch/NMDC/nom_processing/miesel_11_8bjf2432/raw/Miesel_60009_QC_SRFAII_20ppm_r1_26Jan23_Alder_300SA_IATp01_9076.zip,nmdc:calib-14-hhn3qb47,"EMSL NOM full profile mass spectrometry, negative",12T FT-ICR MS,EMSL,EMSL,2023-01-28T05:27:58Z,,['nmdc:sty-11-8bjf2432']
nmdc:procsm-11-j4pnkw86,/home/bmeluch/NMDC/nom_processing/miesel_11_8bjf2432/raw/Miesel_60009_08_DELA_A_PRE_H2O_SPE_r2_28Jan23_Alder_300SA_IATp03_9087.zip,/home/bmeluch/NMDC/nom_processing/miesel_11_8bjf2432/processed_20260513/Miesel_60009_08_DELA_A_PRE_H2O_SPE_r2_28Jan23_Alder_300SA_IATp03_9087,/home/bmeluch/NMDC/nom_processing/miesel_11_8bjf2432/raw/Miesel_60009_QC_SRFAII_20ppm_r1_26Jan23_Alder_300SA_IATp01_9076.zip,nmdc:calib-14-hhn3qb47,"EMSL NOM full profile mass spectrometry, negative",12T FT-ICR MS,EMSL,EMSL,2023-01-28T02:54:12Z,,['nmdc:sty-11-8bjf2432']
nmdc:procsm-11-kpq8cc29,/home/bmeluch/NMDC/nom_processing/miesel_11_8bjf2432/raw/Miesel_60009_14_MLBS_A_PRE_H2O_SPE_r2_28Jan23_Fir_300SA_IATp03_9128.zip,/home/bmeluch/NMDC/nom_processing/miesel_11_8bjf2432/processed_20260513/Miesel_60009_14_MLBS_A_PRE_H2O_SPE_r2_28Jan23_Fir_300SA_IATp03_9128,/home/bmeluch/NMDC/nom_processing/miesel_11_8bjf2432/raw/Miesel_60009_QC_SRFAII_20ppm_r2_28Jan23_Fir_300SA_IATp01_9108.zip,nmdc:calib-14-hhn3qb47,"EMSL NOM full profile mass spectrometry, negative",12T FT-ICR MS,EMSL,EMSL,2023-01-28T17:54:50Z,,['nmdc:sty-11-8bjf2432']
nmdc:procsm-11-2s4vk468,/home/bmeluch/NMDC/nom_processing/miesel_11_8bjf2432/raw/Miesel_60009_25_TREE_A1_PRE_H2O_SPE_r1_26Jan23_Alder_300SA_IATp03_9029.zip,/home/bmeluch/NMDC/nom_processing/miesel_11_8bjf2432/processed_20260513/Miesel_60009_25_TREE_A1_PRE_H2O_SPE_r1_26Jan23_Alder_300SA_IATp03_9029,/home/bmeluch/NMDC/nom_processing/miesel_11_8bjf2432/raw/Miesel_60009_QC_SRFAII_20ppm_r1_26Jan23_Alder_300SA_IATp01_9014.zip,nmdc:calib-14-hhn3qb47,"EMSL NOM full profile mass spectrometry, negative",12T FT-ICR MS,EMSL,EMSL,2023-01-27T05:23:23Z,,['nmdc:sty-11-8bjf2432']
nmdc:procsm-11-rhw00w06,/home/bmeluch/NMDC/nom_processing/miesel_11_8bjf2432/raw/Miesel_60009_21_SJER_A_PRE_Met_SPE_r1_300SA_IATp03_9251.zip,/home/bmeluch/NMDC/nom_processing/miesel_11_8bjf2432/processed_20260513/Miesel_60009_21_SJER_A_PRE_Met_SPE_r1_300SA_IATp03_9251,/home/bmeluch/NMDC/nom_processing/miesel_11_8bjf2432/raw/Miesel_60009_QC_SRFAII_20ppm_30Jan23_Fir_300SA_IATp01_9235.zip,nmdc:calib-14-hhn3qb47,"EMSL NOM full profile mass spectrometry, negative",12T FT-ICR MS,EMSL,EMSL,2023-01-30T15:10:10Z,,['nmdc:sty-11-8bjf2432']
nmdc:procsm-11-8dvgsy71,/home/bmeluch/NMDC/nom_processing/miesel_11_8bjf2432/raw/Miesel_60009_09_DSNY_A_PRE_Met_SPE_r1_300SA_IATp03_9248.zip,/home/bmeluch/NMDC/nom_processing/miesel_11_8bjf2432/processed_20260513/Miesel_60009_09_DSNY_A_PRE_Met_SPE_r1_300SA_IATp03_9248,/home/bmeluch/NMDC/nom_processing/miesel_11_8bjf2432/raw/Miesel_60009_QC_SRFAII_20ppm_30Jan23_Fir_300SA_IATp01_9235.zip,nmdc:calib-14-hhn3qb47,"EMSL NOM full profile mass spectrometry, negative",12T FT-ICR MS,EMSL,EMSL,2023-01-30T14:04:16Z,,['nmdc:sty-11-8bjf2432']
nmdc:procsm-11-nfddw906,/home/bmeluch/NMDC/nom_processing/miesel_11_8bjf2432/raw/Miesel_60009_16_NGPR_A_PRE_Met_SPE_r2_300SA_IATp03_9603.zip,/home/bmeluch/NMDC/nom_processing/miesel_11_8bjf2432/processed_20260513/Miesel_60009_16_NGPR_A_PRE_Met_SPE_r2_300SA_IATp03_9603,/home/bmeluch/NMDC/nom_processing/miesel_11_8bjf2432/raw/Miesel_60009_QC_SRFAII_20ppm_10Feb23_Fir_300SA_IATp01_9585.zip,nmdc:calib-14-hhn3qb47,"EMSL NOM full profile mass spectrometry, negative",12T FT-ICR MS,EMSL,EMSL,2023-02-12T12:58:11Z,,['nmdc:sty-11-8bjf2432']
nmdc:procsm-11-w8avnt14,/home/bmeluch/NMDC/nom_processing/miesel_11_8bjf2432/raw/Miesel_60009_03_BLAN_Ap1_PRE_H2O_SPE_r2_28Jan23_Alder_300SA_IATp03_9092.zip,/home/bmeluch/NMDC/nom_processing/miesel_11_8bjf2432/processed_20260513/Miesel_60009_03_BLAN_Ap1_PRE_H2O_SPE_r2_28Jan23_Alder_300SA_IATp03_9092,/home/bmeluch/NMDC/nom_processing/miesel_11_8bjf2432/raw/Miesel_60009_QC_SRFAII_20ppm_r1_26Jan23_Alder_300SA_IATp01_9076.zip,nmdc:calib-14-hhn3qb47,"EMSL NOM full profile mass spectrometry, negative",12T FT-ICR MS,EMSL,EMSL,2023-01-28T04:44:02Z,,['nmdc:sty-11-8bjf2432']
nmdc:procsm-11-w9x6ga05,/home/bmeluch/NMDC/nom_processing/miesel_11_8bjf2432/raw/Miesel_60009_11_HEAL_Oae_PRE_Met_SPE_r1_300SA_IATp03_9285.zip,/home/bmeluch/NMDC/nom_processing/miesel_11_8bjf2432/processed_20260513/Miesel_60009_11_HEAL_Oae_PRE_Met_SPE_r1_300SA_IATp03_9285,/home/bmeluch/NMDC/nom_processing/miesel_11_8bjf2432/raw/Miesel_60009_QC_SRFAII_20ppm_30Jan23_Fir_300SA_IATp01_9266.zip,nmdc:calib-14-hhn3qb47,"EMSL NOM full profile mass spectrometry, negative",12T FT-ICR MS,EMSL,EMSL,2023-01-31T03:37:02Z,,['nmdc:sty-11-8bjf2432']
nmdc:procsm-11-w9x6ga05,/home/bmeluch/NMDC/nom_processing/miesel_11_8bjf2432/raw/Miesel_60009_11_HEAL_Oae_PRE_Met_SPE_r2_300SA_IATp03_9631.zip,/home/bmeluch/NMDC/nom_processing/miesel_11_8bjf2432/processed_20260513/Miesel_60009_11_HEAL_Oae_PRE_Met_SPE_r2_300SA_IATp03_9631,/home/bmeluch/NMDC/nom_processing/miesel_11_8bjf2432/raw/Miesel_60009_QC_SRFAII_20ppm_10Feb23_Fir_300SA_IATp01_9617.zip,nmdc:calib-14-hhn3qb47,"EMSL NOM full profile mass spectrometry, negative",12T FT-ICR MS,EMSL,EMSL,2023-02-12T22:31:15Z,,['nmdc:sty-11-8bjf2432']
nmdc:procsm-11-g02g3p72,/home/bmeluch/NMDC/nom_processing/miesel_11_8bjf2432/raw/Miesel_60009_26_UNDE_A_PRE_Met_SPE_r1_300SA_IATp03_9279.zip,/home/bmeluch/NMDC/nom_processing/miesel_11_8bjf2432/processed_20260513/Miesel_60009_26_UNDE_A_PRE_Met_SPE_r1_300SA_IATp03_9279,/home/bmeluch/NMDC/nom_processing/miesel_11_8bjf2432/raw/Miesel_60009_QC_SRFAII_20ppm_30Jan23_Fir_300SA_IATp01_9266.zip,nmdc:calib-14-hhn3qb47,"EMSL NOM full profile mass spectrometry, negative",12T FT-ICR MS,EMSL,EMSL,2023-01-31T01:25:14Z,,['nmdc:sty-11-8bjf2432']
nmdc:procsm-11-5pz8x236,/home/bmeluch/NMDC/nom_processing/miesel_11_8bjf2432/raw/Miesel_60009_07_DCFS_A1_PRE_Met_SPE_r1_300SA_IATp03_9255.zip,/home/bmeluch/NMDC/nom_processing/miesel_11_8bjf2432/processed_20260513/Miesel_60009_07_DCFS_A1_PRE_Met_SPE_r1_300SA_IATp03_9255,/home/bmeluch/NMDC/nom_processing/miesel_11_8bjf2432/raw/Miesel_60009_QC_SRFAII_20ppm_30Jan23_Fir_300SA_IATp01_9235.zip,nmdc:calib-14-hhn3qb47,"EMSL NOM full profile mass spectrometry, negative",12T FT-ICR MS,EMSL,EMSL,2023-01-30T16:38:02Z,,['nmdc:sty-11-8bjf2432']
nmdc:procsm-11-6ntz2q48,/home/bmeluch/NMDC/nom_processing/miesel_11_8bjf2432/raw/Miesel_60009_12_JORN_Ak_PRE_Met_SPE_r2_300SA_IATp03_9610.zip,/home/bmeluch/NMDC/nom_processing/miesel_11_8bjf2432/processed_20260513/Miesel_60009_12_JORN_Ak_PRE_Met_SPE_r2_300SA_IATp03_9610,/home/bmeluch/NMDC/nom_processing/miesel_11_8bjf2432/raw/Miesel_60009_QC_SRFAII_20ppm_10Feb23_Fir_300SA_IATp01_9585.zip,nmdc:calib-14-hhn3qb47,"EMSL NOM full profile mass spectrometry, negative",12T FT-ICR MS,EMSL,EMSL,2023-02-12T15:21:27Z,,['nmdc:sty-11-8bjf2432']
nmdc:procsm-11-e3qtt676,/home/bmeluch/NMDC/nom_processing/miesel_11_8bjf2432/raw/Miesel_60009_25_TREE_A1_PRE_Met_SPE_r1_300SA_IATp03_9292.zip,/home/bmeluch/NMDC/nom_processing/miesel_11_8bjf2432/processed_20260513/Miesel_60009_25_TREE_A1_PRE_Met_SPE_r1_300SA_IATp03_9292,/home/bmeluch/NMDC/nom_processing/miesel_11_8bjf2432/raw/Miesel_60009_QC_SRFAII_20ppm_30Jan23_Fir_300SA_IATp01_9266.zip,nmdc:calib-14-hhn3qb47,"EMSL NOM full profile mass spectrometry, negative",12T FT-ICR MS,EMSL,EMSL,2023-01-31T06:10:48Z,,['nmdc:sty-11-8bjf2432']
nmdc:procsm-11-g49cmj85,/home/bmeluch/NMDC/nom_processing/miesel_11_8bjf2432/raw/Miesel_60009_14_MLBS_A_PRE_Met_SPE_r2_300SA_IATp03_9628.zip,/home/bmeluch/NMDC/nom_processing/miesel_11_8bjf2432/processed_20260513/Miesel_60009_14_MLBS_A_PRE_Met_SPE_r2_300SA_IATp03_9628,/home/bmeluch/NMDC/nom_processing/miesel_11_8bjf2432/raw/Miesel_60009_QC_SRFAII_20ppm_10Feb23_Fir_300SA_IATp01_9617.zip,nmdc:calib-14-hhn3qb47,"EMSL NOM full profile mass spectrometry, negative",12T FT-ICR MS,EMSL,EMSL,2023-02-12T21:29:51Z,,['nmdc:sty-11-8bjf2432']
nmdc:procsm-11-nyvm6w55,/home/bmeluch/NMDC/nom_processing/miesel_11_8bjf2432/raw/Miesel_60009_02_BARR_Oaf_PRE_H2O_SPE_r1_26Jan23_Alder_300SA_IATp03_9049.zip,/home/bmeluch/NMDC/nom_processing/miesel_11_8bjf2432/processed_20260513/Miesel_60009_02_BARR_Oaf_PRE_H2O_SPE_r1_26Jan23_Alder_300SA_IATp03_9049,/home/bmeluch/NMDC/nom_processing/miesel_11_8bjf2432/raw/Miesel_60009_QC_SRFAII_20ppm_r1_26Jan23_Alder_300SA_IATp01_9044.zip,nmdc:calib-14-hhn3qb47,"EMSL NOM full profile mass spectrometry, negative",12T FT-ICR MS,EMSL,EMSL,2023-01-27T12:42:44Z,,['nmdc:sty-11-8bjf2432']
nmdc:procsm-11-x6w6m142,/home/bmeluch/NMDC/nom_processing/miesel_11_8bjf2432/raw/Miesel_60009_15_MOAB_A_PRE_H2O_SPE_r1_26Jan23_Alder_300SA_IATp03_9018.zip,/home/bmeluch/NMDC/nom_processing/miesel_11_8bjf2432/processed_20260513/Miesel_60009_15_MOAB_A_PRE_H2O_SPE_r1_26Jan23_Alder_300SA_IATp03_9018,/home/bmeluch/NMDC/nom_processing/miesel_11_8bjf2432/raw/Miesel_60009_QC_SRFAII_20ppm_r1_26Jan23_Alder_300SA_IATp01_9014.zip,nmdc:calib-14-hhn3qb47,"EMSL NOM full profile mass spectrometry, negative",12T FT-ICR MS,EMSL,EMSL,2023-01-27T01:21:45Z,,['nmdc:sty-11-8bjf2432']
nmdc:procsm-11-8n627h15,/home/bmeluch/NMDC/nom_processing/miesel_11_8bjf2432/raw/Miesel_60009_17_NIWO_A_PRE_Met_SPE_r1_300SA_IATp03_9294.zip,/home/bmeluch/NMDC/nom_processing/miesel_11_8bjf2432/processed_20260513/Miesel_60009_17_NIWO_A_PRE_Met_SPE_r1_300SA_IATp03_9294,/home/bmeluch/NMDC/nom_processing/miesel_11_8bjf2432/raw/Miesel_60009_QC_SRFAII_20ppm_30Jan23_Fir_300SA_IATp01_9266.zip,nmdc:calib-14-hhn3qb47,"EMSL NOM full profile mass spectrometry, negative",12T FT-ICR MS,EMSL,EMSL,2023-01-31T06:54:44Z,,['nmdc:sty-11-8bjf2432']
nmdc:procsm-11-jk70y175,/home/bmeluch/NMDC/nom_processing/miesel_11_8bjf2432/raw/Miesel_60009_24_TALL_A1_PRE_H2O_SPE_r2_28Jan23_Fir_300SA_IATp03_9131.zip,/home/bmeluch/NMDC/nom_processing/miesel_11_8bjf2432/processed_20260513/Miesel_60009_24_TALL_A1_PRE_H2O_SPE_r2_28Jan23_Fir_300SA_IATp03_9131,/home/bmeluch/NMDC/nom_processing/miesel_11_8bjf2432/raw/Miesel_60009_QC_SRFAII_20ppm_r2_28Jan23_Fir_300SA_IATp01_9108.zip,nmdc:calib-14-hhn3qb47,"EMSL NOM full profile mass spectrometry, negative",12T FT-ICR MS,EMSL,EMSL,2023-01-28T19:00:44Z,,['nmdc:sty-11-8bjf2432']
nmdc:procsm-11-2s4vk468,/home/bmeluch/NMDC/nom_processing/miesel_11_8bjf2432/raw/Miesel_60009_25_TREE_A1_PRE_H2O_SPE_r2_28Jan23_Fir_300SA_IATp03_9162.zip,/home/bmeluch/NMDC/nom_processing/miesel_11_8bjf2432/processed_20260513/Miesel_60009_25_TREE_A1_PRE_H2O_SPE_r2_28Jan23_Fir_300SA_IATp03_9162,/home/bmeluch/NMDC/nom_processing/miesel_11_8bjf2432/raw/Miesel_60009_QC_SRFAII_20ppm_r2_28Jan23_Fir_300SA_IATp01_9140.zip,nmdc:calib-14-hhn3qb47,"EMSL NOM full profile mass spectrometry, negative",12T FT-ICR MS,EMSL,EMSL,2023-01-29T06:21:42Z,,['nmdc:sty-11-8bjf2432']
nmdc:procsm-11-vfk6r941,/home/bmeluch/NMDC/nom_processing/miesel_11_8bjf2432/raw/Miesel_60009_17_NIWO_A_PRE_H2O_SPE_r2_28Jan23_Alder_300SA_IATp03_9104.zip,/home/bmeluch/NMDC/nom_processing/miesel_11_8bjf2432/processed_20260513/Miesel_60009_17_NIWO_A_PRE_H2O_SPE_r2_28Jan23_Alder_300SA_IATp03_9104,/home/bmeluch/NMDC/nom_processing/miesel_11_8bjf2432/raw/Miesel_60009_QC_SRFAII_20ppm_r1_26Jan23_Alder_300SA_IATp01_9076.zip,nmdc:calib-14-hhn3qb47,"EMSL NOM full profile mass spectrometry, negative",12T FT-ICR MS,EMSL,EMSL,2023-01-28T09:07:38Z,,['nmdc:sty-11-8bjf2432']
nmdc:procsm-11-8dvgsy71,/home/bmeluch/NMDC/nom_processing/miesel_11_8bjf2432/raw/Miesel_60009_09_DSNY_A_PRE_Met_SPE_r2_300SA_IATp03_9625.zip,/home/bmeluch/NMDC/nom_processing/miesel_11_8bjf2432/processed_20260513/Miesel_60009_09_DSNY_A_PRE_Met_SPE_r2_300SA_IATp03_9625,/home/bmeluch/NMDC/nom_processing/miesel_11_8bjf2432/raw/Miesel_60009_QC_SRFAII_20ppm_10Feb23_Fir_300SA_IATp01_9617.zip,nmdc:calib-14-hhn3qb47,"EMSL NOM full profile mass spectrometry, negative",12T FT-ICR MS,EMSL,EMSL,2023-02-12T20:28:27Z,,['nmdc:sty-11-8bjf2432']
nmdc:procsm-11-4qkffk08,/home/bmeluch/NMDC/nom_processing/miesel_11_8bjf2432/raw/Miesel_60009_20_SERC_A_PRE_Met_SPE_r2_300SA_IATp03_9629.zip,/home/bmeluch/NMDC/nom_processing/miesel_11_8bjf2432/processed_20260513/Miesel_60009_20_SERC_A_PRE_Met_SPE_r2_300SA_IATp03_9629,/home/bmeluch/NMDC/nom_processing/miesel_11_8bjf2432/raw/Miesel_60009_QC_SRFAII_20ppm_10Feb23_Fir_300SA_IATp01_9617.zip,nmdc:calib-14-hhn3qb47,"EMSL NOM full profile mass spectrometry, negative",12T FT-ICR MS,EMSL,EMSL,2023-02-12T21:50:19Z,,['nmdc:sty-11-8bjf2432']
nmdc:procsm-11-64dkea95,/home/bmeluch/NMDC/nom_processing/miesel_11_8bjf2432/raw/Miesel_60009_23_STEI_A1_PRE_Met_SPE_r1_30Jan23_Fir_300SA_IATp03_9192.zip,/home/bmeluch/NMDC/nom_processing/miesel_11_8bjf2432/processed_20260513/Miesel_60009_23_STEI_A1_PRE_Met_SPE_r1_30Jan23_Fir_300SA_IATp03_9192,/home/bmeluch/NMDC/nom_processing/miesel_11_8bjf2432/raw/Miesel_60009_QC_SRFAII_20ppm_r2_28Jan23_Fir_300SA_IATp01_9168.zip,nmdc:calib-14-hhn3qb47,"EMSL NOM full profile mass spectrometry, negative",12T FT-ICR MS,EMSL,EMSL,2023-01-29T17:20:42Z,,['nmdc:sty-11-8bjf2432']
nmdc:procsm-11-pcx1ta56,/home/bmeluch/NMDC/nom_processing/miesel_11_8bjf2432/raw/Miesel_60009_06_CPER_A1_PRE_H2O_SPE_r1_26Jan23_Alder_300SA_IATp03_9025.zip,/home/bmeluch/NMDC/nom_processing/miesel_11_8bjf2432/processed_20260513/Miesel_60009_06_CPER_A1_PRE_H2O_SPE_r1_26Jan23_Alder_300SA_IATp03_9025,/home/bmeluch/NMDC/nom_processing/miesel_11_8bjf2432/raw/Miesel_60009_QC_SRFAII_20ppm_r1_26Jan23_Alder_300SA_IATp01_9014.zip,nmdc:calib-14-hhn3qb47,"EMSL NOM full profile mass spectrometry, negative",12T FT-ICR MS,EMSL,EMSL,2023-01-27T03:55:32Z,,['nmdc:sty-11-8bjf2432']
nmdc:procsm-11-fpsj2k14,/home/bmeluch/NMDC/nom_processing/miesel_11_8bjf2432/raw/Miesel_60009_09_DSNY_A_PRE_H2O_SPE_r1_26Jan23_Alder_300SA_IATp03_9006.zip,/home/bmeluch/NMDC/nom_processing/miesel_11_8bjf2432/processed_20260513/Miesel_60009_09_DSNY_A_PRE_H2O_SPE_r1_26Jan23_Alder_300SA_IATp03_9006,/home/bmeluch/NMDC/nom_processing/miesel_11_8bjf2432/raw/Miesel_60009_QC_SRFAII_20ppm_r1_26Jan23_Alder_300SA_IATp01_8983.zip,nmdc:calib-14-hhn3qb47,"EMSL NOM full profile mass spectrometry, negative",12T FT-ICR MS,EMSL,EMSL,2023-01-26T20:58:10Z,,['nmdc:sty-11-8bjf2432']
nmdc:procsm-11-f9rwce54,/home/bmeluch/NMDC/nom_processing/miesel_11_8bjf2432/raw/Miesel_60009_22_SOAP_A_PRE_Met_SPE_r2_300SA_IATp03_9579.zip,/home/bmeluch/NMDC/nom_processing/miesel_11_8bjf2432/processed_20260513/Miesel_60009_22_SOAP_A_PRE_Met_SPE_r2_300SA_IATp03_9579,/home/bmeluch/NMDC/nom_processing/miesel_11_8bjf2432/raw/Miesel_60009_QC_SRFAII_20ppm_30Jan23_Fir_300SA_IATp01_9389.zip,nmdc:calib-14-hhn3qb47,"EMSL NOM full profile mass spectrometry, negative",12T FT-ICR MS,EMSL,EMSL,2023-02-12T04:46:59Z,,['nmdc:sty-11-8bjf2432']
nmdc:procsm-11-fpsj2k14,/home/bmeluch/NMDC/nom_processing/miesel_11_8bjf2432/raw/Miesel_60009_09_DSNY_A_PRE_H2O_SPE_r2_28Jan23_Alder_300SA_IATp03_9100.zip,/home/bmeluch/NMDC/nom_processing/miesel_11_8bjf2432/processed_20260513/Miesel_60009_09_DSNY_A_PRE_H2O_SPE_r2_28Jan23_Alder_300SA_IATp03_9100,/home/bmeluch/NMDC/nom_processing/miesel_11_8bjf2432/raw/Miesel_60009_QC_SRFAII_20ppm_r1_26Jan23_Alder_300SA_IATp01_9076.zip,nmdc:calib-14-hhn3qb47,"EMSL NOM full profile mass spectrometry, negative",12T FT-ICR MS,EMSL,EMSL,2023-01-28T07:39:46Z,,['nmdc:sty-11-8bjf2432']
nmdc:procsm-11-qhg9z046,/home/bmeluch/NMDC/nom_processing/miesel_11_8bjf2432/raw/Miesel_60009_05_CLBJ_A1_PRE_H2O_SPE_r2_28Jan23_Fir_300SA_IATp03_9150.zip,/home/bmeluch/NMDC/nom_processing/miesel_11_8bjf2432/processed_20260513/Miesel_60009_05_CLBJ_A1_PRE_H2O_SPE_r2_28Jan23_Fir_300SA_IATp03_9150,/home/bmeluch/NMDC/nom_processing/miesel_11_8bjf2432/raw/Miesel_60009_QC_SRFAII_20ppm_r2_28Jan23_Fir_300SA_IATp01_9140.zip,nmdc:calib-14-hhn3qb47,"EMSL NOM full profile mass spectrometry, negative",12T FT-ICR MS,EMSL,EMSL,2023-01-29T01:58:06Z,,['nmdc:sty-11-8bjf2432']
nmdc:procsm-11-m56bth03,/home/bmeluch/NMDC/nom_processing/miesel_11_8bjf2432/raw/Miesel_60009_13_KONZ_A1_PRE_Met_SPE_r1_300SA_IATp03_9289.zip,/home/bmeluch/NMDC/nom_processing/miesel_11_8bjf2432/processed_20260513/Miesel_60009_13_KONZ_A1_PRE_Met_SPE_r1_300SA_IATp03_9289,/home/bmeluch/NMDC/nom_processing/miesel_11_8bjf2432/raw/Miesel_60009_QC_SRFAII_20ppm_30Jan23_Fir_300SA_IATp01_9266.zip,nmdc:calib-14-hhn3qb47,"EMSL NOM full profile mass spectrometry, negative",12T FT-ICR MS,EMSL,EMSL,2023-01-31T05:04:54Z,,['nmdc:sty-11-8bjf2432']
nmdc:procsm-11-41sff009,/home/bmeluch/NMDC/nom_processing/miesel_11_8bjf2432/raw/Miesel_60009_12_JORN_Ak_PRE_H2O_SPE_r2_28Jan23_Fir_300SA_IATp03_9147.zip,/home/bmeluch/NMDC/nom_processing/miesel_11_8bjf2432/processed_20260513/Miesel_60009_12_JORN_Ak_PRE_H2O_SPE_r2_28Jan23_Fir_300SA_IATp03_9147,/home/bmeluch/NMDC/nom_processing/miesel_11_8bjf2432/raw/Miesel_60009_QC_SRFAII_20ppm_r2_28Jan23_Fir_300SA_IATp01_9140.zip,nmdc:calib-14-hhn3qb47,"EMSL NOM full profile mass spectrometry, negative",12T FT-ICR MS,EMSL,EMSL,2023-01-29T00:52:12Z,,['nmdc:sty-11-8bjf2432']
nmdc:procsm-11-4rvr2k18,/home/bmeluch/NMDC/nom_processing/miesel_11_8bjf2432/raw/Miesel_60009_18_OSBS_A_PRE_H2O_SPE_r2_28Jan23_Fir_300SA_IATp03_9130.zip,/home/bmeluch/NMDC/nom_processing/miesel_11_8bjf2432/processed_20260513/Miesel_60009_18_OSBS_A_PRE_H2O_SPE_r2_28Jan23_Fir_300SA_IATp03_9130,/home/bmeluch/NMDC/nom_processing/miesel_11_8bjf2432/raw/Miesel_60009_QC_SRFAII_20ppm_r2_28Jan23_Fir_300SA_IATp01_9108.zip,nmdc:calib-14-hhn3qb47,"EMSL NOM full profile mass spectrometry, negative",12T FT-ICR MS,EMSL,EMSL,2023-01-28T18:38:46Z,,['nmdc:sty-11-8bjf2432']
nmdc:procsm-11-3nnvxe74,/home/bmeluch/NMDC/nom_processing/miesel_11_8bjf2432/raw/Miesel_60009_24_TALL_A1_PRE_Met_SPE_r2_300SA_IATp03_9587.zip,/home/bmeluch/NMDC/nom_processing/miesel_11_8bjf2432/processed_20260513/Miesel_60009_24_TALL_A1_PRE_Met_SPE_r2_300SA_IATp03_9587,/home/bmeluch/NMDC/nom_processing/miesel_11_8bjf2432/raw/Miesel_60009_QC_SRFAII_20ppm_10Feb23_Fir_300SA_IATp01_9585.zip,nmdc:calib-14-hhn3qb47,"EMSL NOM full profile mass spectrometry, negative",12T FT-ICR MS,EMSL,EMSL,2023-02-12T07:30:43Z,,['nmdc:sty-11-8bjf2432']
nmdc:procsm-11-4qkffk08,/home/bmeluch/NMDC/nom_processing/miesel_11_8bjf2432/raw/Miesel_60009_20_SERC_A_PRE_Met_SPE_r1_30Jan23_Fir_300SA_IATp03_9189.zip,/home/bmeluch/NMDC/nom_processing/miesel_11_8bjf2432/processed_20260513/Miesel_60009_20_SERC_A_PRE_Met_SPE_r1_30Jan23_Fir_300SA_IATp03_9189,/home/bmeluch/NMDC/nom_processing/miesel_11_8bjf2432/raw/Miesel_60009_QC_SRFAII_20ppm_r2_28Jan23_Fir_300SA_IATp01_9168.zip,nmdc:calib-14-hhn3qb47,"EMSL NOM full profile mass spectrometry, negative",12T FT-ICR MS,EMSL,EMSL,2023-01-29T16:14:48Z,,['nmdc:sty-11-8bjf2432']
