description,gold_biosample_identifiers,id,insdc_biosample_identifiers,name,samp_name
"Oligotrophic lake microbial communities from Wisconsin, USA",['gold:Gb0145236'],nmdc:bsm-11-r700jq65,['biosample:SAMN06269063'],"Oligotrophic lake water microbial communities from Sparkling Lake, Wisconsin, USA - GEODES005 metaG",GEODES005 metaG
"Dystrophic lake microbial communities from Wisconsin, USA",['gold:Gb0145238'],nmdc:bsm-11-s64hgm80,['biosample:SAMN06269065'],"Dystrophic lake water microbial communities from Trout Bog Lake, Wisconsin, USA - GEODES057 metaG",GEODES057 metaG
"Dystrophic lake microbial communities from Wisconsin, USA",['gold:Gb0145239'],nmdc:bsm-11-gdt4fq80,['biosample:SAMN06269066'],"Dystrophic lake water microbial communities from Trout Bog Lake, Wisconsin, USA - GEODES058 metaG",GEODES058 metaG
"Dystrophic lake microbial communities from Wisconsin, USA",['gold:Gb0144915'],nmdc:bsm-11-kv73w131,['biosample:SAMN06265075'],"Dystrophic lake water microbial communities from Trout Bog Lake, Wisconsin, USA - GEODES063 metaT",GEODES063 metaT
"Oligotrophic lake microbial communities from Wisconsin, USA",['gold:Gb0144897'],nmdc:bsm-11-vntr4k61,['biosample:SAMN06264645'],"Oligotrophic lake water microbial communities from Sparkling Lake, Wisconsin, USA - GEODES035 metaT",GEODES035 metaT
"Dystrophic lake microbial communities from Wisconsin, USA",['gold:Gb0144922'],nmdc:bsm-11-hzzj3m89,['biosample:SAMN06265129'],"Dystrophic lake water microbial communities from Trout Bog Lake, Wisconsin, USA - GEODES073 metaT",GEODES073 metaT
"Dystrophic lake microbial communities from Wisconsin, USA",['gold:Gb0144924'],nmdc:bsm-11-gt4sm083,['biosample:SAMN06264641'],"Dystrophic lake water microbial communities from Trout Bog Lake, Wisconsin, USA - GEODES075 metaT",GEODES075 metaT
"Dystrophic lake microbial communities from Wisconsin, USA",['gold:Gb0144925'],nmdc:bsm-11-gpkjsg19,['biosample:SAMN06265119'],"Dystrophic lake water microbial communities from Trout Bog Lake, Wisconsin, USA - GEODES077 metaT",GEODES077 metaT
"Eutrophic lake microbial communities from Wisconsin, USA",['gold:Gb0144981'],nmdc:bsm-11-a6g87498,['biosample:SAMN06269045'],"Eutrophic lake water microbial communities from Lake Mendota, Wisconsin, USA - GEODES163 metaT",GEODES163 metaT
"Lake water microbial communities from Wisconsin, USA",['gold:Gb0148834'],nmdc:bsm-11-wnd5y780,['biosample:SAMN07630516'],"Dystrophic lake water microbial communities from Trout Bog Lake, Wisconsin, USA - GEODES100 metaT",GEODES100 metaT
"Lake water microbial communities from Wisconsin, USA",['gold:Gb0148843'],nmdc:bsm-11-ev7f4849,['biosample:SAMN07630525'],"Oligotrophic lake water microbial communities from Sparkling Lake, Wisconsin, USA - GEODES024 metaT",GEODES024 metaT
"Lake water microbial communities from Wisconsin, USA",['gold:Gb0148844'],nmdc:bsm-11-zqhbrj43,['biosample:SAMN07630526'],"Oligotrophic lake water microbial communities from Sparkling Lake, Wisconsin, USA - GEODES029 metaT",GEODES029 metaT
"Lake water microbial communities from Wisconsin, USA",['gold:Gb0148840'],nmdc:bsm-11-wqrywf54,['biosample:SAMN07630522'],"Dystrophic lake water microbial communities from Trout Bog Lake, Wisconsin, USA - GEODES103 metaT",GEODES103 metaT
"Lake water microbial communities from Wisconsin, USA",['gold:Gb0148850'],nmdc:bsm-11-feq2n681,['biosample:SAMN07630532'],"Eutrophic lake water microbial communities from Lake Mendota, Wisconsin, USA - GEODES143 metaT",GEODES143 metaT
"Lake water microbial communities from Wisconsin, USA",['gold:Gb0148836'],nmdc:bsm-11-wj0rgm84,['biosample:SAMN07630518'],"Eutrophic lake water microbial communities from Lake Mendota, Wisconsin, USA - GEODES128 metaT",GEODES128 metaT
"Lake water microbial communities from Wisconsin, USA",['gold:Gb0148848'],nmdc:bsm-11-0ch3bt53,['biosample:SAMN07630530'],"Dystrophic lake water microbial communities from Trout Bog Lake, Wisconsin, USA - GEODES064 metaT",GEODES064 metaT
"Eutrophic lake microbial communities from Wisconsin, USA",['gold:Gb0145235'],nmdc:bsm-11-p1x7j759,['biosample:SAMN06269062'],"Eutrophic lake water microbial communities from Lake Mendota, Wisconsin, USA - GEODES118 metaG",GEODES118 metaG
"Oligotrophic lake microbial communities from Wisconsin, USA",['gold:Gb0144908'],nmdc:bsm-11-ns9v6d24,['biosample:SAMN06265071'],"Oligotrophic lake water microbial communities from Sparkling Lake, Wisconsin, USA - GEODES050 metaT",GEODES050 metaT
"Dystrophic lake microbial communities from Wisconsin, USA",['gold:Gb0144911'],nmdc:bsm-11-a5bh5s69,['biosample:SAMN06265073'],"Dystrophic lake water microbial communities from Trout Bog Lake, Wisconsin, USA - GEODES055 metaT",GEODES055 metaT
"Dystrophic lake microbial communities from Wisconsin, USA",['gold:Gb0144928'],nmdc:bsm-11-j68z9p10,['biosample:SAMN06265077'],"Dystrophic lake water microbial communities from Trout Bog Lake, Wisconsin, USA - GEODES081 metaT",GEODES081 metaT
"Dystrophic lake microbial communities from Wisconsin, USA",['gold:Gb0144929'],nmdc:bsm-11-4rmb0n89,['biosample:SAMN06265078'],"Dystrophic lake water microbial communities from Trout Bog Lake, Wisconsin, USA - GEODES082 metaT",GEODES082 metaT
"Dystrophic lake microbial communities from Wisconsin, USA",['gold:Gb0144930'],nmdc:bsm-11-yxfcq682,['biosample:SAMN06264622'],"Dystrophic lake water microbial communities from Trout Bog Lake, Wisconsin, USA - GEODES083 metaT",GEODES083 metaT
"Eutrophic lake microbial communities from Wisconsin, USA",['gold:Gb0144948'],nmdc:bsm-11-jbnhsw75,['biosample:SAMN06265087'],"Eutrophic lake water microbial communities from Lake Mendota, Wisconsin, USA - GEODES115 metaT",GEODES115 metaT
"Eutrophic lake microbial communities from Wisconsin, USA",['gold:Gb0144949'],nmdc:bsm-11-re18d216,['biosample:SAMN06265189'],"Eutrophic lake water microbial communities from Lake Mendota, Wisconsin, USA - GEODES121 metaT",GEODES121 metaT
"Eutrophic lake microbial communities from Wisconsin, USA",['gold:Gb0144955'],nmdc:bsm-11-1b773e81,['biosample:SAMN06265090'],"Eutrophic lake water microbial communities from Lake Mendota, Wisconsin, USA - GEODES129 metaT",GEODES129 metaT
"Oligotrophic lake microbial communities from Wisconsin, USA",['gold:Gb0144887'],nmdc:bsm-11-bw45kk95,['biosample:SAMN06269032'],"Oligotrophic lake water microbial communities from Sparkling Lake, Wisconsin, USA - GEODES022 metaT",GEODES022 metaT
"Oligotrophic lake microbial communities from Wisconsin, USA",['gold:Gb0144902'],nmdc:bsm-11-7g452521,['biosample:SAMN06264644'],"Oligotrophic lake water microbial communities from Sparkling Lake, Wisconsin, USA - GEODES042 metaT",GEODES042 metaT
"Oligotrophic lake microbial communities from Wisconsin, USA",['gold:Gb0144903'],nmdc:bsm-11-ecc36q65,['biosample:SAMN06265114'],"Oligotrophic lake water microbial communities from Sparkling Lake, Wisconsin, USA - GEODES043 metaT",GEODES043 metaT
"Eutrophic lake microbial communities from Wisconsin, USA",['gold:Gb0144966'],nmdc:bsm-11-7fbbv746,['biosample:SAMN06264887'],"Eutrophic lake water microbial communities from Lake Mendota, Wisconsin, USA - GEODES144 metaT",GEODES144 metaT
"Eutrophic lake microbial communities from Wisconsin, USA",['gold:Gb0144975'],nmdc:bsm-11-pqjbp774,['biosample:SAMN06269039'],"Eutrophic lake water microbial communities from Lake Mendota, Wisconsin, USA - GEODES155 metaT",GEODES155 metaT
"Eutrophic lake microbial communities from Wisconsin, USA",['gold:Gb0144979'],nmdc:bsm-11-d18yfj56,['biosample:SAMN06269043'],"Eutrophic lake water microbial communities from Lake Mendota, Wisconsin, USA - GEODES161 metaT",GEODES161 metaT
"Eutrophic lake microbial communities from Wisconsin, USA",['gold:Gb0144980'],nmdc:bsm-11-h064bd42,['biosample:SAMN06269044'],"Eutrophic lake water microbial communities from Lake Mendota, Wisconsin, USA - GEODES162 metaT",GEODES162 metaT
"Lake water microbial communities from Wisconsin, USA",['gold:Gb0148835'],nmdc:bsm-11-7cyebv79,['biosample:SAMN07630517'],"Eutrophic lake water microbial communities from Lake Mendota, Wisconsin, USA - GEODES148 metaT",GEODES148 metaT
"Oligotrophic lake microbial communities from Wisconsin, USA",['gold:Gb0153605'],nmdc:bsm-11-6rkxme82,['biosample:SAMN08779180'],"Oligotrophic lake water microbial communities from Sparkling Lake, Wisconsin, USA - SP09_SKY_43",SP09_SKY_43
"Oligotrophic lake microbial communities from Wisconsin, USA",['gold:Gb0153607'],nmdc:bsm-11-39ggxp32,['biosample:SAMN08778331'],"Oligotrophic lake water microbial communities from Sparkling Lake, Wisconsin, USA - SP09_SKY_68",SP09_SKY_68
"Eutrophic lake microbial communities from Wisconsin, USA",['gold:Gb0145234'],nmdc:bsm-11-4agkft90,['biosample:SAMN06269061'],"Eutrophic lake water microbial communities from Lake Mendota, Wisconsin, USA - GEODES117 metaG",GEODES117 metaG
"Eutrophic lake microbial communities from Wisconsin, USA",['gold:Gb0144964'],nmdc:bsm-11-a8yjz495,['biosample:SAMN06265559'],"Eutrophic lake water microbial communities from Lake Mendota, Wisconsin, USA - GEODES141 metaT",GEODES141 metaT
"Oligotrophic lake microbial communities from Wisconsin, USA",['gold:Gb0145237'],nmdc:bsm-11-f59rh108,['biosample:SAMN06269064'],"Oligotrophic lake water microbial communities from Sparkling Lake, Wisconsin, USA - GEODES006 metaG",GEODES006 metaG
"Oligotrophic lake microbial communities from Wisconsin, USA",['gold:Gb0144907'],nmdc:bsm-11-6mmyx194,['biosample:SAMN06264894'],"Oligotrophic lake water microbial communities from Sparkling Lake, Wisconsin, USA - GEODES049 metaT",GEODES049 metaT
"Dystrophic lake microbial communities from Wisconsin, USA",['gold:Gb0144916'],nmdc:bsm-11-n3a77650,['biosample:SAMN06264893'],"Dystrophic lake water microbial communities from Trout Bog Lake, Wisconsin, USA - GEODES065 metaT",GEODES065 metaT
"Dystrophic lake microbial communities from Wisconsin, USA",['gold:Gb0144931'],nmdc:bsm-11-6xpbap29,['biosample:SAMN06265093'],"Dystrophic lake water microbial communities from Trout Bog Lake, Wisconsin, USA - GEODES085 metaT",GEODES085 metaT
"Oligotrophic lake microbial communities from Wisconsin, USA",['gold:Gb0144905'],nmdc:bsm-11-m2vzm712,['biosample:SAMN06264895'],"Oligotrophic lake water microbial communities from Sparkling Lake, Wisconsin, USA - GEODES046 metaT",GEODES046 metaT
"Dystrophic lake microbial communities from Wisconsin, USA",['gold:Gb0144914'],nmdc:bsm-11-egkt8x24,['biosample:SAMN06265116'],"Dystrophic lake water microbial communities from Trout Bog Lake, Wisconsin, USA - GEODES062 metaT",GEODES062 metaT
"Eutrophic lake microbial communities from Wisconsin, USA",['gold:Gb0144959'],nmdc:bsm-11-7m6nm602,['biosample:SAMN06265188'],"Eutrophic lake water microbial communities from Lake Mendota, Wisconsin, USA - GEODES134 metaT",GEODES134 metaT
"Eutrophic lake microbial communities from Wisconsin, USA",['gold:Gb0144967'],nmdc:bsm-11-kh61sg45,['biosample:SAMN06265125'],"Eutrophic lake water microbial communities from Lake Mendota, Wisconsin, USA - GEODES145 metaT",GEODES145 metaT
"Lake water microbial communities from Wisconsin, USA",['gold:Gb0148852'],nmdc:bsm-11-nmb20g86,['biosample:SAMN07630534'],"Eutrophic lake water microbial communities from Lake Mendota, Wisconsin, USA - GEODES160 metaT",GEODES160 metaT
"Lake water microbial communities from Wisconsin, USA",['gold:Gb0148833'],nmdc:bsm-11-ccgfn155,['biosample:SAMN07630515'],"Oligotrophic lake water microbial communities from Sparkling Lake, Wisconsin, USA - GEODES053 metaT",GEODES053 metaT
"Oligotrophic lake microbial communities from Wisconsin, USA",['gold:Gb0153604'],nmdc:bsm-11-h8s1yn47,['biosample:SAMN08779009'],"Oligotrophic lake water microbial communities from Sparkling Lake, Wisconsin, USA - SP09_SKY_41",SP09_SKY_41
"Oligotrophic lake microbial communities from Wisconsin, USA",['gold:Gb0153606'],nmdc:bsm-11-h41g1q44,['biosample:SAMN08779010'],"Oligotrophic lake water microbial communities from Sparkling Lake, Wisconsin, USA - SP09_SKY_50",SP09_SKY_50
"Dystrophic lake microbial communities from Wisconsin, USA",['gold:Gb0144913'],nmdc:bsm-11-374kh928,['biosample:SAMN06265074'],"Dystrophic lake water microbial communities from Trout Bog Lake, Wisconsin, USA - GEODES061 metaT",GEODES061 metaT
"Dystrophic lake microbial communities from Wisconsin, USA",['gold:Gb0144917'],nmdc:bsm-11-b3tssc72,['biosample:SAMN06265076'],"Dystrophic lake water microbial communities from Trout Bog Lake, Wisconsin, USA - GEODES066 metaT",GEODES066 metaT
"Dystrophic lake microbial communities from Wisconsin, USA",['gold:Gb0144944'],nmdc:bsm-11-f2pxs644,['biosample:SAMN06265085'],"Dystrophic lake water microbial communities from Trout Bog Lake, Wisconsin, USA - GEODES110 metaT",GEODES110 metaT
"Eutrophic lake microbial communities from Wisconsin, USA",['gold:Gb0144946'],nmdc:bsm-11-qct7w415,['biosample:SAMN06265086'],"Eutrophic lake water microbial communities from Lake Mendota, Wisconsin, USA - GEODES113 metaT",GEODES113 metaT
"Eutrophic lake microbial communities from Wisconsin, USA",['gold:Gb0144957'],nmdc:bsm-11-kthh9148,['biosample:SAMN06264888'],"Eutrophic lake water microbial communities from Lake Mendota, Wisconsin, USA - GEODES131 metaT",GEODES131 metaT
"Eutrophic lake microbial communities from Wisconsin, USA",['gold:Gb0144960'],nmdc:bsm-11-5tajwg77,['biosample:SAMN06265091'],"Eutrophic lake water microbial communities from Lake Mendota, Wisconsin, USA - GEODES135 metaT",GEODES135 metaT
"Oligotrophic lake microbial communities from Wisconsin, USA",['gold:Gb0144879'],nmdc:bsm-11-cagqxt86,['biosample:SAMN06269024'],"Oligotrophic lake water microbial communities from Sparkling Lake, Wisconsin, USA - GEODES011 metaT",GEODES011 metaT
"Oligotrophic lake microbial communities from Wisconsin, USA",['gold:Gb0144893'],nmdc:bsm-11-kc835820,['biosample:SAMN06264740'],"Oligotrophic lake water microbial communities from Sparkling Lake, Wisconsin, USA - GEODES031 metaT",GEODES031 metaT
"Oligotrophic lake microbial communities from Wisconsin, USA",['gold:Gb0144894'],nmdc:bsm-11-7wdrry70,['biosample:SAMN06265109'],"Oligotrophic lake water microbial communities from Sparkling Lake, Wisconsin, USA - GEODES032 metaT",GEODES032 metaT
"Oligotrophic lake microbial communities from Wisconsin, USA",['gold:Gb0144895'],nmdc:bsm-11-8smkxv71,['biosample:SAMN06265197'],"Oligotrophic lake water microbial communities from Sparkling Lake, Wisconsin, USA - GEODES033 metaT",GEODES033 metaT
"Oligotrophic lake microbial communities from Wisconsin, USA",['gold:Gb0144901'],nmdc:bsm-11-afg62k16,['biosample:SAMN06265113'],"Oligotrophic lake water microbial communities from Sparkling Lake, Wisconsin, USA - GEODES041 metaT",GEODES041 metaT
"Oligotrophic lake microbial communities from Wisconsin, USA",['gold:Gb0144904'],nmdc:bsm-11-vb6nnt31,['biosample:SAMN06265115'],"Oligotrophic lake water microbial communities from Sparkling Lake, Wisconsin, USA - GEODES045 metaT",GEODES045 metaT
"Eutrophic lake microbial communities from Wisconsin, USA",['gold:Gb0144969'],nmdc:bsm-11-qzmgm223,['biosample:SAMN06265126'],"Eutrophic lake water microbial communities from Lake Mendota, Wisconsin, USA - GEODES147 metaT",GEODES147 metaT
"Eutrophic lake microbial communities from Wisconsin, USA",['gold:Gb0144973'],nmdc:bsm-11-5xrr5q54,['biosample:SAMN06264369'],"Eutrophic lake water microbial communities from Lake Mendota, Wisconsin, USA - GEODES153 metaT",GEODES153 metaT
"Lake water microbial communities from Wisconsin, USA",['gold:Gb0148839'],nmdc:bsm-11-vj1np393,['biosample:SAMN07630521'],"Dystrophic lake water microbial communities from Trout Bog Lake, Wisconsin, USA - GEODES102 metaT",GEODES102 metaT
"Eutrophic lake microbial communities from Wisconsin, USA",['gold:Gb0144953'],nmdc:bsm-11-kh0h4260,['biosample:SAMN06264615'],"Eutrophic lake water microbial communities from Lake Mendota, Wisconsin, USA - GEODES126 metaT",GEODES126 metaT
"Eutrophic lake microbial communities from Wisconsin, USA",['gold:Gb0144961'],nmdc:bsm-11-yn5fsd54,['biosample:SAMN06265187'],"Eutrophic lake water microbial communities from Lake Mendota, Wisconsin, USA - GEODES137 metaT",GEODES137 metaT
"Oligotrophic lake microbial communities from Wisconsin, USA",['gold:Gb0144875'],nmdc:bsm-11-x1e5pc89,['biosample:SAMN06269020'],"Oligotrophic lake water microbial communities from Sparkling Lake, Wisconsin, USA - GEODES002 metaT",GEODES002 metaT
"Oligotrophic lake microbial communities from Wisconsin, USA",['gold:Gb0144876'],nmdc:bsm-11-646pxc16,['biosample:SAMN06269021'],"Oligotrophic lake water microbial communities from Sparkling Lake, Wisconsin, USA - GEODES003 metaT",GEODES003 metaT
"Oligotrophic lake microbial communities from Wisconsin, USA",['gold:Gb0144883'],nmdc:bsm-11-yt9w9g86,['biosample:SAMN06269028'],"Oligotrophic lake water microbial communities from Sparkling Lake, Wisconsin, USA - GEODES017 metaT",GEODES017 metaT
"Oligotrophic lake microbial communities from Wisconsin, USA",['gold:Gb0144885'],nmdc:bsm-11-q18c7459,['biosample:SAMN06269030'],"Oligotrophic lake water microbial communities from Sparkling Lake, Wisconsin, USA - GEODES020 metaT",GEODES020 metaT
"Oligotrophic lake microbial communities from Wisconsin, USA",['gold:Gb0144892'],nmdc:bsm-11-xtmbjj36,['biosample:SAMN06269037'],"Oligotrophic lake water microbial communities from Sparkling Lake, Wisconsin, USA - GEODES030 metaT",GEODES030 metaT
"Dystrophic lake microbial communities from Wisconsin, USA",['gold:Gb0144926'],nmdc:bsm-11-p0431834,['biosample:SAMN06264640'],"Dystrophic lake water microbial communities from Trout Bog Lake, Wisconsin, USA - GEODES078 metaT",GEODES078 metaT
"Eutrophic lake microbial communities from Wisconsin, USA",['gold:Gb0144971'],nmdc:bsm-11-0zddn388,['biosample:SAMN06265186'],"Eutrophic lake water microbial communities from Lake Mendota, Wisconsin, USA - GEODES150 metaT",GEODES150 metaT
"Lake water microbial communities from Wisconsin, USA",['gold:Gb0148841'],nmdc:bsm-11-w7eysn72,['biosample:SAMN07630523'],"Dystrophic lake water microbial communities from Trout Bog Lake, Wisconsin, USA - GEODES104 metaT",GEODES104 metaT
"Lake water microbial communities from Wisconsin, USA",['gold:Gb0148842'],nmdc:bsm-11-j3ggwb68,['biosample:SAMN07630524'],"Oligotrophic lake water microbial communities from Sparkling Lake, Wisconsin, USA - GEODES019 metaT",GEODES019 metaT
"Lake water microbial communities from Wisconsin, USA",['gold:Gb0148845'],nmdc:bsm-11-nzm5ke10,['biosample:SAMN07630527'],"Oligotrophic lake water microbial communities from Sparkling Lake, Wisconsin, USA - GEODES040 metaT",GEODES040 metaT
"Lake water microbial communities from Wisconsin, USA",['gold:Gb0148846'],nmdc:bsm-11-gk8c4a60,['biosample:SAMN07630528'],"Dystrophic lake water microbial communities from Trout Bog Lake, Wisconsin, USA - GEODES068 metaT",GEODES068 metaT
"Lake water microbial communities from Wisconsin, USA",['gold:Gb0148851'],nmdc:bsm-11-ngmk6f33,['biosample:SAMN07630533'],"Eutrophic lake water microbial communities from Lake Mendota, Wisconsin, USA - GEODES156 metaT",GEODES156 metaT
"Lake water microbial communities from Wisconsin, USA",['gold:Gb0148849'],nmdc:bsm-11-3edc4469,['biosample:SAMN07630531'],"Dystrophic lake water microbial communities from Trout Bog Lake, Wisconsin, USA - GEODES124 metaT",GEODES124 metaT
"Oligotrophic lake microbial communities from Wisconsin, USA",['gold:Gb0144906'],nmdc:bsm-11-6mxdjv44,['biosample:SAMN06265070'],"Oligotrophic lake water microbial communities from Sparkling Lake, Wisconsin, USA - GEODES047 metaT",GEODES047 metaT
"Dystrophic lake microbial communities from Wisconsin, USA",['gold:Gb0144910'],nmdc:bsm-11-j6jsec05,['biosample:SAMN06264643'],"Dystrophic lake water microbial communities from Trout Bog Lake, Wisconsin, USA - GEODES054 metaT",GEODES054 metaT
"Dystrophic lake microbial communities from Wisconsin, USA",['gold:Gb0144918'],nmdc:bsm-11-yz7sjb10,['biosample:SAMN06264892'],"Dystrophic lake water microbial communities from Trout Bog Lake, Wisconsin, USA - GEODES067 metaT",GEODES067 metaT
"Eutrophic lake microbial communities from Wisconsin, USA",['gold:Gb0144947'],nmdc:bsm-11-b2s8zr44,['biosample:SAMN06264616'],"Eutrophic lake water microbial communities from Lake Mendota, Wisconsin, USA - GEODES114 metaT",GEODES114 metaT
"Eutrophic lake microbial communities from Wisconsin, USA",['gold:Gb0144951'],nmdc:bsm-11-9y3wfd64,['biosample:SAMN06265089'],"Eutrophic lake water microbial communities from Lake Mendota, Wisconsin, USA - GEODES123 metaT",GEODES123 metaT
"Eutrophic lake microbial communities from Wisconsin, USA",['gold:Gb0144962'],nmdc:bsm-11-mytrs032,['biosample:SAMN06265092'],"Eutrophic lake water microbial communities from Lake Mendota, Wisconsin, USA - GEODES138 metaT",GEODES138 metaT
"Oligotrophic lake microbial communities from Wisconsin, USA",['gold:Gb0144874'],nmdc:bsm-11-qbm7gk40,['biosample:SAMN06269019'],"Oligotrophic lake water microbial communities from Sparkling Lake, Wisconsin, USA - GEODES001 metaT",GEODES001 metaT
"Oligotrophic lake microbial communities from Wisconsin, USA",['gold:Gb0144877'],nmdc:bsm-11-4742zx26,['biosample:SAMN06269022'],"Oligotrophic lake water microbial communities from Sparkling Lake, Wisconsin, USA - GEODES009 metaT",GEODES009 metaT
"Oligotrophic lake microbial communities from Wisconsin, USA",['gold:Gb0144888'],nmdc:bsm-11-bwc8ew09,['biosample:SAMN06269033'],"Oligotrophic lake water microbial communities from Sparkling Lake, Wisconsin, USA - GEODES023 metaT",GEODES023 metaT
"Oligotrophic lake microbial communities from Wisconsin, USA",['gold:Gb0144890'],nmdc:bsm-11-44ekce26,['biosample:SAMN06269035'],"Oligotrophic lake water microbial communities from Sparkling Lake, Wisconsin, USA - GEODES027 metaT",GEODES027 metaT
"Oligotrophic lake microbial communities from Wisconsin, USA",['gold:Gb0144898'],nmdc:bsm-11-6zqebn50,['biosample:SAMN06265111'],"Oligotrophic lake water microbial communities from Sparkling Lake, Wisconsin, USA - GEODES037 metaT",GEODES037 metaT
"Oligotrophic lake microbial communities from Wisconsin, USA",['gold:Gb0144900'],nmdc:bsm-11-7h2why86,['biosample:SAMN06264905'],"Oligotrophic lake water microbial communities from Sparkling Lake, Wisconsin, USA - GEODES039 metaT",GEODES039 metaT
"Dystrophic lake microbial communities from Wisconsin, USA",['gold:Gb0144920'],nmdc:bsm-11-yjdfe277,['biosample:SAMN06265117'],"Dystrophic lake water microbial communities from Trout Bog Lake, Wisconsin, USA - GEODES070 metaT",GEODES070 metaT
"Dystrophic lake microbial communities from Wisconsin, USA",['gold:Gb0144927'],nmdc:bsm-11-fvh06v60,['biosample:SAMN06265120'],"Dystrophic lake water microbial communities from Trout Bog Lake, Wisconsin, USA - GEODES079 metaT",GEODES079 metaT
"Eutrophic lake microbial communities from Wisconsin, USA",['gold:Gb0144958'],nmdc:bsm-11-4z1r3c62,['biosample:SAMN06265122'],"Eutrophic lake water microbial communities from Lake Mendota, Wisconsin, USA - GEODES133 metaT",GEODES133 metaT
"Lake water microbial communities from Wisconsin, USA",['gold:Gb0148837'],nmdc:bsm-11-rgvj9736,['biosample:SAMN07630519'],"Eutrophic lake water microbial communities from Lake Mendota, Wisconsin, USA - GEODES152 metaT",GEODES152 metaT
"Lake water microbial communities from Wisconsin, USA",['gold:Gb0148838'],nmdc:bsm-11-xy26cy51,['biosample:SAMN07630520'],"Dystrophic lake water microbial communities from Trout Bog Lake, Wisconsin, USA - GEODES101 metaT",GEODES101 metaT
"Oligotrophic lake microbial communities from Wisconsin, USA",['gold:Gb0144909'],nmdc:bsm-11-tqd03w73,['biosample:SAMN06265072'],"Oligotrophic lake water microbial communities from Sparkling Lake, Wisconsin, USA - GEODES051 metaT",GEODES051 metaT
"Eutrophic lake microbial communities from Wisconsin, USA",['gold:Gb0144950'],nmdc:bsm-11-8x3svb95,['biosample:SAMN06265088'],"Eutrophic lake water microbial communities from Lake Mendota, Wisconsin, USA - GEODES122 metaT",GEODES122 metaT
"Eutrophic lake microbial communities from Wisconsin, USA",['gold:Gb0144974'],nmdc:bsm-11-qzawtw86,['biosample:SAMN06269038'],"Eutrophic lake water microbial communities from Lake Mendota, Wisconsin, USA - GEODES154 metaT",GEODES154 metaT
"Oligotrophic lake microbial communities from Wisconsin, USA",['gold:Gb0144878'],nmdc:bsm-11-g67qjj97,['biosample:SAMN06269023'],"Oligotrophic lake water microbial communities from Sparkling Lake, Wisconsin, USA - GEODES010 metaT",GEODES010 metaT
"Oligotrophic lake microbial communities from Wisconsin, USA",['gold:Gb0144882'],nmdc:bsm-11-wdk4ky48,['biosample:SAMN06269027'],"Oligotrophic lake water microbial communities from Sparkling Lake, Wisconsin, USA - GEODES016 metaT",GEODES016 metaT
"Oligotrophic lake microbial communities from Wisconsin, USA",['gold:Gb0144884'],nmdc:bsm-11-q870t302,['biosample:SAMN06269029'],"Oligotrophic lake water microbial communities from Sparkling Lake, Wisconsin, USA - GEODES018 metaT",GEODES018 metaT
"Oligotrophic lake microbial communities from Wisconsin, USA",['gold:Gb0144886'],nmdc:bsm-11-3jnvb928,['biosample:SAMN06269031'],"Oligotrophic lake water microbial communities from Sparkling Lake, Wisconsin, USA - GEODES021 metaT",GEODES021 metaT
"Oligotrophic lake microbial communities from Wisconsin, USA",['gold:Gb0144889'],nmdc:bsm-11-tsd7z567,['biosample:SAMN06269034'],"Oligotrophic lake water microbial communities from Sparkling Lake, Wisconsin, USA - GEODES026 metaT",GEODES026 metaT
"Oligotrophic lake microbial communities from Wisconsin, USA",['gold:Gb0144891'],nmdc:bsm-11-c4d9zp83,['biosample:SAMN06269036'],"Oligotrophic lake water microbial communities from Sparkling Lake, Wisconsin, USA - GEODES028 metaT",GEODES028 metaT
"Dystrophic lake microbial communities from Wisconsin, USA",['gold:Gb0144921'],nmdc:bsm-11-b9yyvf42,['biosample:SAMN06265118'],"Dystrophic lake water microbial communities from Trout Bog Lake, Wisconsin, USA - GEODES071 metaT",GEODES071 metaT
"Dystrophic lake microbial communities from Wisconsin, USA",['gold:Gb0144923'],nmdc:bsm-11-pnrv7w92,['biosample:SAMN06264891'],"Dystrophic lake water microbial communities from Trout Bog Lake, Wisconsin, USA- GEODES074 metaT","Dystrophic lake water microbial communities from Trout Bog Lake, Wisconsin, USA- GEODES074 metaT"
"Eutrophic lake microbial communities from Wisconsin, USA",['gold:Gb0144978'],nmdc:bsm-11-tpxcn956,['biosample:SAMN06269042'],"Eutrophic lake water microbial communities from Lake Mendota, Wisconsin, USA - GEODES159 metaT",GEODES159 metaT
"Lake water microbial communities from Wisconsin, USA",['gold:Gb0148832'],nmdc:bsm-11-fn20g128,['biosample:SAMN07630514'],"Oligotrophic lake water microbial communities from Sparkling Lake, Wisconsin, USA - GEODES036 metaT",GEODES036 metaT
"Eutrophic lake microbial communities from Wisconsin, USA",['gold:Gb0144956'],nmdc:bsm-11-0br06j81,['biosample:SAMN06264371'],"Eutrophic lake water microbial communities from Lake Mendota, Wisconsin, USA - GEODES130 metaT",GEODES130 metaT
"Oligotrophic lake microbial communities from Wisconsin, USA",['gold:Gb0144880'],nmdc:bsm-11-186rqh54,['biosample:SAMN06269025'],"Oligotrophic lake water microbial communities from Sparkling Lake, Wisconsin, USA - GEODES014 metaT",GEODES014 metaT
"Oligotrophic lake microbial communities from Wisconsin, USA",['gold:Gb0144899'],nmdc:bsm-11-btz6yg89,['biosample:SAMN06265112'],"Oligotrophic lake water microbial communities from Sparkling Lake, Wisconsin, USA - GEODES038 metaT",GEODES038 metaT
"Dystrophic lake microbial communities from Wisconsin, USA",['gold:Gb0144919'],nmdc:bsm-11-mac4ny66,['biosample:SAMN06265196'],"Dystrophic lake water microbial communities from Trout Bog Lake, Wisconsin, USA - GEODES069 metaT",GEODES069 metaT
"Eutrophic lake microbial communities from Wisconsin, USA",['gold:Gb0144952'],nmdc:bsm-11-wx8j4g29,['biosample:SAMN06264889'],"Eutrophic lake water microbial communities from Lake Mendota, Wisconsin, USA - GEODES125 metaT",GEODES125 metaT
"Eutrophic lake microbial communities from Wisconsin, USA",['gold:Gb0144963'],nmdc:bsm-11-803whg09,['biosample:SAMN06265123'],"Eutrophic lake water microbial communities from Lake Mendota, Wisconsin, USA - GEODES139 metaT",GEODES139 metaT
"Eutrophic lake microbial communities from Wisconsin, USA",['gold:Gb0144976'],nmdc:bsm-11-ne7eez40,['biosample:SAMN06269040'],"Eutrophic lake water microbial communities from Lake Mendota, Wisconsin, USA - GEODES157 metaT",GEODES157 metaT
"Eutrophic lake microbial communities from Wisconsin, USA",['gold:Gb0144977'],nmdc:bsm-11-5q4zmg21,['biosample:SAMN06269041'],"Eutrophic lake water microbial communities from Lake Mendota, Wisconsin, USA - GEODES158 metaT",GEODES158 metaT
"Lake water microbial communities from Wisconsin, USA",['gold:Gb0148847'],nmdc:bsm-11-4s5apf45,['biosample:SAMN07630529'],"Dystrophic lake water microbial communities from Trout Bog Lake, Wisconsin, USA - GEODES072 metaT",GEODES072 metaT
"Lake water microbial communities from Wisconsin, USA",['gold:Gb0148853'],nmdc:bsm-11-8perqc97,['biosample:SAMN07630535'],"Eutrophic lake water microbial communities from Lake Mendota, Wisconsin, USA - GEODES164 metaT",GEODES164 metaT
