analysis_type,associated_studies,id,name,samp_name
"['metagenomics', 'natural organic matter', 'metabolomics']",['nmdc:sty-11-j5s51f30'],nmdc:bsm-11-r545d929,60846_2_TOP,60846_2_TOP
"['metagenomics', 'natural organic matter', 'metabolomics']",['nmdc:sty-11-j5s51f30'],nmdc:bsm-11-3gxmkt35,60846_5_TOP,60846_5_TOP
"['metagenomics', 'natural organic matter', 'metabolomics']",['nmdc:sty-11-j5s51f30'],nmdc:bsm-11-hbagyt36,60846_5_BTM,60846_5_BTM
"['metagenomics', 'natural organic matter', 'metabolomics']",['nmdc:sty-11-j5s51f30'],nmdc:bsm-11-y7vevc12,60846_7_TOP,60846_7_TOP
"['metagenomics', 'natural organic matter', 'metabolomics']",['nmdc:sty-11-j5s51f30'],nmdc:bsm-11-efd32t52,60846_12_TOP,60846_12_TOP
"['metagenomics', 'natural organic matter', 'metabolomics']",['nmdc:sty-11-j5s51f30'],nmdc:bsm-11-hr140144,60846_12_BTM,60846_12_BTM
"['metagenomics', 'natural organic matter', 'metabolomics']",['nmdc:sty-11-j5s51f30'],nmdc:bsm-11-qr2b2k15,60846_17_TOP,60846_17_TOP
"['metagenomics', 'natural organic matter', 'bulk chemistry']",['nmdc:sty-11-j5s51f30'],nmdc:bsm-11-4828jb36,60846_2_BTM,60846_2_BTM
"['metagenomics', 'natural organic matter', 'bulk chemistry']",['nmdc:sty-11-j5s51f30'],nmdc:bsm-11-26x8tg56,60846_7_BTM,60846_7_BTM
"['metagenomics', 'natural organic matter', 'bulk chemistry']",['nmdc:sty-11-j5s51f30'],nmdc:bsm-11-d1bfx194,60846_17_BTM,60846_17_BTM
"['metagenomics', 'natural organic matter', 'metabolomics']",['nmdc:sty-11-sqfdzc85'],nmdc:bsm-11-4s3knx85,60881_1_TOP,60881_1_TOP
"['metagenomics', 'natural organic matter', 'metabolomics']",['nmdc:sty-11-sqfdzc85'],nmdc:bsm-11-ydsqvv39,60881_1_BTM,60881_1_BTM
"['metagenomics', 'natural organic matter', 'metabolomics']",['nmdc:sty-11-sqfdzc85'],nmdc:bsm-11-rs5kjx19,60881_2_TOP,60881_2_TOP
"['metagenomics', 'natural organic matter', 'metabolomics']",['nmdc:sty-11-sqfdzc85'],nmdc:bsm-11-2bgdbr64,60881_2_BTM,60881_2_BTM
"['metagenomics', 'natural organic matter', 'metabolomics']",['nmdc:sty-11-sqfdzc85'],nmdc:bsm-11-1j2zwp66,60881_3_TOP,60881_3_TOP
"['metagenomics', 'natural organic matter', 'metabolomics']",['nmdc:sty-11-sqfdzc85'],nmdc:bsm-11-40exhw90,60881_3_BTM,60881_3_BTM
"['metagenomics', 'natural organic matter', 'metabolomics']",['nmdc:sty-11-sqfdzc85'],nmdc:bsm-11-03e00r49,60881_4_TOP,60881_4_TOP
"['metagenomics', 'natural organic matter', 'metabolomics']",['nmdc:sty-11-sqfdzc85'],nmdc:bsm-11-tnf8y875,60881_4_BTM,60881_4_BTM
"['metagenomics', 'natural organic matter', 'metabolomics']",['nmdc:sty-11-sqfdzc85'],nmdc:bsm-11-jgwzbt27,60881_5_TOP,60881_5_TOP
"['metagenomics', 'natural organic matter', 'metabolomics']",['nmdc:sty-11-sqfdzc85'],nmdc:bsm-11-bznks112,60881_5_BTM,60881_5_BTM
"['metagenomics', 'natural organic matter', 'metabolomics']",['nmdc:sty-11-sqfdzc85'],nmdc:bsm-11-bv6tv085,60881_6_TOP,60881_6_TOP
"['metagenomics', 'natural organic matter', 'metabolomics']",['nmdc:sty-11-sqfdzc85'],nmdc:bsm-11-9a8tgq19,60881_6_BTM,60881_6_BTM
"['metagenomics', 'natural organic matter', 'metabolomics']",['nmdc:sty-11-graz4n71'],nmdc:bsm-11-hd837a83,60920_1_TOP,60920_1_TOP
"['metagenomics', 'natural organic matter', 'metabolomics']",['nmdc:sty-11-graz4n71'],nmdc:bsm-11-a1n8m774,60920_1_BTM,60920_1_BTM
"['metagenomics', 'natural organic matter', 'metabolomics']",['nmdc:sty-11-graz4n71'],nmdc:bsm-11-rh9qzh71,60920_2_TOP,60920_2_TOP
"['metagenomics', 'natural organic matter', 'metabolomics']",['nmdc:sty-11-graz4n71'],nmdc:bsm-11-r9zdf051,60920_2_BTM,60920_2_BTM
"['metagenomics', 'natural organic matter', 'metabolomics']",['nmdc:sty-11-graz4n71'],nmdc:bsm-11-gzkzbg65,60920_3_TOP,60920_3_TOP
"['metagenomics', 'natural organic matter', 'metabolomics']",['nmdc:sty-11-graz4n71'],nmdc:bsm-11-js7fx643,60920_3_BTM,60920_3_BTM
"['metagenomics', 'natural organic matter', 'metabolomics']",['nmdc:sty-11-graz4n71'],nmdc:bsm-11-n9bkbd72,60920_4_TOP,60920_4_TOP
"['metagenomics', 'natural organic matter', 'metabolomics']",['nmdc:sty-11-graz4n71'],nmdc:bsm-11-t5bdp614,60920_4_BTM,60920_4_BTM
"['metagenomics', 'natural organic matter', 'metabolomics']",['nmdc:sty-11-graz4n71'],nmdc:bsm-11-az4q4459,60920_5_TOP,60920_5_TOP
"['metagenomics', 'natural organic matter', 'metabolomics']",['nmdc:sty-11-graz4n71'],nmdc:bsm-11-t9224y81,60920_6_TOP,60920_6_TOP
"['metagenomics', 'natural organic matter', 'metabolomics']",['nmdc:sty-11-graz4n71'],nmdc:bsm-11-f2s5qy43,60920_6_BTM,60920_6_BTM
"['metagenomics', 'natural organic matter', 'metabolomics']",['nmdc:sty-11-graz4n71'],nmdc:bsm-11-b1pbsr87,60920_7_TOP,60920_7_TOP
"['metagenomics', 'natural organic matter', 'metabolomics']",['nmdc:sty-11-graz4n71'],nmdc:bsm-11-vevzsa28,60920_8_TOP,60920_8_TOP
"['metagenomics', 'natural organic matter', 'metabolomics']",['nmdc:sty-11-graz4n71'],nmdc:bsm-11-w24nxz84,60920_8_BTM,60920_8_BTM
"['metagenomics', 'natural organic matter', 'metabolomics']",['nmdc:sty-11-graz4n71'],nmdc:bsm-11-p33zs385,60920_9_BTM,60920_9_BTM
"['metagenomics', 'natural organic matter', 'metabolomics']",['nmdc:sty-11-graz4n71'],nmdc:bsm-11-pq19kv96,60920_10_TOP,60920_10_TOP
"['metagenomics', 'natural organic matter', 'metabolomics']",['nmdc:sty-11-graz4n71'],nmdc:bsm-11-7dqfmc60,60920_11_TOP,60920_11_TOP
"['metagenomics', 'natural organic matter', 'bulk chemistry']",['nmdc:sty-11-graz4n71'],nmdc:bsm-11-1wwh5q40,60920_5_BTM,60920_5_BTM
"['metagenomics', 'natural organic matter', 'bulk chemistry']",['nmdc:sty-11-graz4n71'],nmdc:bsm-11-27z46k86,60920_9_TOP,60920_9_TOP
"['metagenomics', 'natural organic matter', 'metabolomics']",['nmdc:sty-11-2nfq1115'],nmdc:bsm-11-n2jgxf07,60921_2_BTM,60921_2_BTM
"['metabolomics', 'metagenomics', 'natural organic matter']",['nmdc:sty-11-2nfq1115'],nmdc:bsm-11-27nnkj09,60921_4_TOP,60921_4_TOP
"['metagenomics', 'natural organic matter', 'bulk chemistry']",['nmdc:sty-11-2nfq1115'],nmdc:bsm-11-wwdpxt52,60921_1_TOP,60921_1_TOP
"['metagenomics', 'natural organic matter', 'bulk chemistry']",['nmdc:sty-11-2nfq1115'],nmdc:bsm-11-wdw6a097,60921_1_BTM,60921_1_BTM
"['metagenomics', 'natural organic matter', 'bulk chemistry']",['nmdc:sty-11-2nfq1115'],nmdc:bsm-11-t7e8q581,60921_2_TOP,60921_2_TOP
"['metagenomics', 'natural organic matter', 'bulk chemistry']",['nmdc:sty-11-2nfq1115'],nmdc:bsm-11-7m2z1396,60921_3_TOP,60921_3_TOP
"['metagenomics', 'natural organic matter', 'bulk chemistry']",['nmdc:sty-11-2nfq1115'],nmdc:bsm-11-xaahg319,60921_3_BTM,60921_3_BTM
"['metagenomics', 'natural organic matter', 'bulk chemistry']",['nmdc:sty-11-2nfq1115'],nmdc:bsm-11-9q6yc161,60921_4_BTM,60921_4_BTM
"['metagenomics', 'natural organic matter', 'metabolomics']",['nmdc:sty-11-e4xh2s13'],nmdc:bsm-11-sgmrna53,60929_1_TOP,60929_1_TOP
"['metagenomics', 'natural organic matter', 'metabolomics']",['nmdc:sty-11-e4xh2s13'],nmdc:bsm-11-13r2e551,60929_2_TOP,60929_2_TOP
"['metagenomics', 'natural organic matter', 'metabolomics']",['nmdc:sty-11-e4xh2s13'],nmdc:bsm-11-bn083336,60929_3_TOP,60929_3_TOP
"['metagenomics', 'natural organic matter', 'bulk chemistry']",['nmdc:sty-11-e4xh2s13'],nmdc:bsm-11-wstxy626,60929_1_BTM,60929_1_BTM
"['metagenomics', 'natural organic matter', 'bulk chemistry']",['nmdc:sty-11-e4xh2s13'],nmdc:bsm-11-c5ax9c66,60929_2_BTM,60929_2_BTM
"['metagenomics', 'natural organic matter', 'metabolomics']",['nmdc:sty-11-egyk7286'],nmdc:bsm-11-7108q110,60940_1_TOP,60940_1_TOP
"['metagenomics', 'natural organic matter', 'metabolomics']",['nmdc:sty-11-egyk7286'],nmdc:bsm-11-dt8kyx12,60940_1_BTM,60940_1_BTM
"['metagenomics', 'natural organic matter', 'metabolomics']",['nmdc:sty-11-egyk7286'],nmdc:bsm-11-sa7v8d18,60940_2_TOP,60940_2_TOP
"['metagenomics', 'natural organic matter', 'metabolomics']",['nmdc:sty-11-egyk7286'],nmdc:bsm-11-hg28nc67,60940_2_BTM,60940_2_BTM
"['metagenomics', 'natural organic matter', 'metabolomics']",['nmdc:sty-11-egyk7286'],nmdc:bsm-11-3vy6w985,60940_3_TOP,60940_3_TOP
"['metagenomics', 'natural organic matter', 'metabolomics']",['nmdc:sty-11-egyk7286'],nmdc:bsm-11-pvmt8d73,60940_3_BTM,60940_3_BTM
"['metagenomics', 'natural organic matter', 'metabolomics']",['nmdc:sty-11-egyk7286'],nmdc:bsm-11-qvs0ps77,60940_4_TOP,60940_4_TOP
"['metagenomics', 'natural organic matter', 'metabolomics']",['nmdc:sty-11-egyk7286'],nmdc:bsm-11-18pxzb37,60940_4_BTM,60940_4_BTM
"['metagenomics', 'natural organic matter', 'metabolomics']",['nmdc:sty-11-egyk7286'],nmdc:bsm-11-5abm0018,60940_5_TOP,60940_5_TOP
"['metagenomics', 'natural organic matter', 'metabolomics']",['nmdc:sty-11-egyk7286'],nmdc:bsm-11-axzs3658,60940_5_BTM,60940_5_BTM
"['metagenomics', 'natural organic matter', 'metabolomics']",['nmdc:sty-11-egyk7286'],nmdc:bsm-11-mcg8py84,60940_6_TOP,60940_6_TOP
"['metagenomics', 'natural organic matter', 'metabolomics']",['nmdc:sty-11-egyk7286'],nmdc:bsm-11-4fq1e655,60940_6_BTM,60940_6_BTM
"['metagenomics', 'natural organic matter', 'bulk chemistry']",['nmdc:sty-11-t27nge78'],nmdc:bsm-11-hzqjez23,61078_1_TOP,61078_1_TOP
"['metagenomics', 'natural organic matter', 'bulk chemistry']",['nmdc:sty-11-t27nge78'],nmdc:bsm-11-rxdem987,61078_3_TOP,61078_3_TOP
"['metagenomics', 'natural organic matter', 'bulk chemistry']",['nmdc:sty-11-t27nge78'],nmdc:bsm-11-73z69021,61078_5_BTM,61078_5_BTM
"['metagenomics', 'natural organic matter', 'bulk chemistry']",['nmdc:sty-11-t27nge78'],nmdc:bsm-11-t80jky33,61078_6_TOP,61078_6_TOP
"['metagenomics', 'natural organic matter', 'bulk chemistry']",['nmdc:sty-11-t27nge78'],nmdc:bsm-11-cq2z5958,61078_8_TOP,61078_8_TOP
"['metagenomics', 'natural organic matter', 'bulk chemistry']",['nmdc:sty-11-t27nge78'],nmdc:bsm-11-qhwenp02,61078_9_TOP,61078_9_TOP
"['metagenomics', 'bulk chemistry', 'natural organic matter']",['nmdc:sty-11-t27nge78'],nmdc:bsm-11-nc8q3p46,61078_6_BTM,61078_6_BTM
"['natural organic matter', 'bulk chemistry']",['nmdc:sty-11-t27nge78'],nmdc:bsm-11-rsqk7d58,61078_1_BTM,61078_1_BTM
"['natural organic matter', 'bulk chemistry']",['nmdc:sty-11-t27nge78'],nmdc:bsm-11-d4d0hz51,61078_2_BTM,61078_2_BTM
"['natural organic matter', 'bulk chemistry']",['nmdc:sty-11-t27nge78'],nmdc:bsm-11-n3zhgr04,61078_2_TOP,61078_2_TOP
"['natural organic matter', 'bulk chemistry']",['nmdc:sty-11-t27nge78'],nmdc:bsm-11-wc6txr96,61078_3_BTM,61078_3_BTM
"['natural organic matter', 'bulk chemistry']",['nmdc:sty-11-t27nge78'],nmdc:bsm-11-4japjj36,61078_4_BTM,61078_4_BTM
"['natural organic matter', 'bulk chemistry']",['nmdc:sty-11-t27nge78'],nmdc:bsm-11-ee1p3109,61078_4_TOP,61078_4_TOP
"['natural organic matter', 'bulk chemistry']",['nmdc:sty-11-t27nge78'],nmdc:bsm-11-tt8pf064,61078_5_TOP,61078_5_TOP
"['natural organic matter', 'bulk chemistry']",['nmdc:sty-11-t27nge78'],nmdc:bsm-11-nxf90121,61078_7_BTM,61078_7_BTM
"['natural organic matter', 'bulk chemistry']",['nmdc:sty-11-t27nge78'],nmdc:bsm-11-5y9n7r02,61078_7_TOP,61078_7_TOP
"['natural organic matter', 'bulk chemistry']",['nmdc:sty-11-t27nge78'],nmdc:bsm-11-gzmd1745,61078_8_BTM,61078_8_BTM
"['natural organic matter', 'bulk chemistry']",['nmdc:sty-11-t27nge78'],nmdc:bsm-11-aaj82q72,61078_9_BTM,61078_9_BTM
"['metagenomics', 'natural organic matter', 'bulk chemistry']",['nmdc:sty-11-t9n4y608'],nmdc:bsm-11-qkkaxy15,61079_1_TOP,61079_1_TOP
"['metagenomics', 'natural organic matter', 'bulk chemistry']",['nmdc:sty-11-t9n4y608'],nmdc:bsm-11-n81em990,61079_1_BTM,61079_1_BTM
"['metagenomics', 'natural organic matter', 'bulk chemistry']",['nmdc:sty-11-t9n4y608'],nmdc:bsm-11-9vmajz21,61079_2_TOP,61079_2_TOP
"['metagenomics', 'natural organic matter', 'bulk chemistry']",['nmdc:sty-11-t9n4y608'],nmdc:bsm-11-9aq8n424,61079_2_BTM,61079_2_BTM
"['metagenomics', 'natural organic matter', 'bulk chemistry']",['nmdc:sty-11-t9n4y608'],nmdc:bsm-11-2egjr546,61079_3_TOP,61079_3_TOP
"['metagenomics', 'natural organic matter', 'bulk chemistry']",['nmdc:sty-11-t9n4y608'],nmdc:bsm-11-7af7md05,61079_4_TOP,61079_4_TOP
"['metagenomics', 'natural organic matter', 'bulk chemistry']",['nmdc:sty-11-t9n4y608'],nmdc:bsm-11-c91vjq02,61079_4_BTM,61079_4_BTM
"['metagenomics', 'natural organic matter', 'bulk chemistry']",['nmdc:sty-11-t9n4y608'],nmdc:bsm-11-rbr66d44,61079_5_TOP,61079_5_TOP
"['metagenomics', 'natural organic matter', 'bulk chemistry']",['nmdc:sty-11-t9n4y608'],nmdc:bsm-11-kgpz8j21,61079_5_BTM,61079_5_BTM
"['metagenomics', 'natural organic matter', 'bulk chemistry']",['nmdc:sty-11-t9n4y608'],nmdc:bsm-11-v8m92031,61079_6_TOP,61079_6_TOP
"['metagenomics', 'natural organic matter', 'bulk chemistry']",['nmdc:sty-11-t9n4y608'],nmdc:bsm-11-wf3qvn82,61079_7_TOP,61079_7_TOP
"['metagenomics', 'natural organic matter', 'bulk chemistry']",['nmdc:sty-11-t9n4y608'],nmdc:bsm-11-wm324524,61079_7_BTM,61079_7_BTM
"['metagenomics', 'natural organic matter', 'bulk chemistry']",['nmdc:sty-11-t9n4y608'],nmdc:bsm-11-aqam1634,61079_8_TOP,61079_8_TOP
"['metagenomics', 'natural organic matter', 'bulk chemistry']",['nmdc:sty-11-t9n4y608'],nmdc:bsm-11-g9pp1v98,61079_9_TOP,61079_9_TOP
"['metagenomics', 'bulk chemistry', 'natural organic matter']",['nmdc:sty-11-t9n4y608'],nmdc:bsm-11-6q7ayz64,61079_3_BTM,61079_3_BTM
"['metagenomics', 'bulk chemistry', 'natural organic matter']",['nmdc:sty-11-t9n4y608'],nmdc:bsm-11-6k45wx12,61079_8_BTM,61079_8_BTM
"['metagenomics', 'natural organic matter', 'bulk chemistry']",['nmdc:sty-11-xj0vbd08'],nmdc:bsm-11-h247bg82,61086_1_TOP,61086_1_TOP
"['metagenomics', 'natural organic matter', 'bulk chemistry']",['nmdc:sty-11-xj0vbd08'],nmdc:bsm-11-8j13af34,61086_1_BTM,61086_1_BTM
"['metagenomics', 'natural organic matter', 'bulk chemistry']",['nmdc:sty-11-xj0vbd08'],nmdc:bsm-11-9p537y39,61086_2_TOP,61086_2_TOP
"['metagenomics', 'natural organic matter', 'bulk chemistry']",['nmdc:sty-11-xj0vbd08'],nmdc:bsm-11-dawknv19,61086_3_TOP,61086_3_TOP
"['metagenomics', 'natural organic matter', 'bulk chemistry']",['nmdc:sty-11-xj0vbd08'],nmdc:bsm-11-78v0tt44,61086_4_TOP,61086_4_TOP
"['metagenomics', 'natural organic matter', 'bulk chemistry']",['nmdc:sty-11-xj0vbd08'],nmdc:bsm-11-zfdf4s58,61086_4_BTM,61086_4_BTM
"['metagenomics', 'natural organic matter', 'bulk chemistry']",['nmdc:sty-11-xj0vbd08'],nmdc:bsm-11-e72pdx18,61086_5_TOP,61086_5_TOP
"['metagenomics', 'natural organic matter', 'bulk chemistry']",['nmdc:sty-11-xj0vbd08'],nmdc:bsm-11-3tw5bt89,61086_5_BTM,61086_5_BTM
"['metagenomics', 'natural organic matter', 'bulk chemistry']",['nmdc:sty-11-xj0vbd08'],nmdc:bsm-11-nd03zk60,61086_6_TOP,61086_6_TOP
"['metagenomics', 'natural organic matter', 'bulk chemistry']",['nmdc:sty-11-xj0vbd08'],nmdc:bsm-11-n3pjs407,61086_6_BTM,61086_6_BTM
"['metagenomics', 'natural organic matter', 'bulk chemistry']",['nmdc:sty-11-xj0vbd08'],nmdc:bsm-11-tmg53533,61086_3_BTM,61086_3_BTM
"['natural organic matter', 'bulk chemistry']",['nmdc:sty-11-xj0vbd08'],nmdc:bsm-11-83p67x34,61086_2_BTM,61086_2_BTM
"['metagenomics', 'natural organic matter', 'bulk chemistry']",['nmdc:sty-11-gsmy7433'],nmdc:bsm-11-tv0szq45,61090_4_BTM,61090_4_BTM
"['metagenomics', 'natural organic matter', 'bulk chemistry']",['nmdc:sty-11-gsmy7433'],nmdc:bsm-11-sag0xz92,61090_5_TOP,61090_5_TOP
"['metagenomics', 'natural organic matter', 'bulk chemistry']",['nmdc:sty-11-gsmy7433'],nmdc:bsm-11-00ycj277,61090_1_TOP,61090_1_TOP
"['metagenomics', 'natural organic matter', 'bulk chemistry']",['nmdc:sty-11-gsmy7433'],nmdc:bsm-11-8jxymp71,61090_1_BTM,61090_1_BTM
"['metagenomics', 'natural organic matter', 'bulk chemistry']",['nmdc:sty-11-gsmy7433'],nmdc:bsm-11-64ac2115,61090_2_TOP,61090_2_TOP
"['metagenomics', 'natural organic matter', 'bulk chemistry']",['nmdc:sty-11-gsmy7433'],nmdc:bsm-11-rq975x68,61090_2_BTM,61090_2_BTM
"['metagenomics', 'natural organic matter', 'bulk chemistry']",['nmdc:sty-11-gsmy7433'],nmdc:bsm-11-8ape3053,61090_3_TOP,61090_3_TOP
"['metagenomics', 'natural organic matter', 'bulk chemistry']",['nmdc:sty-11-gsmy7433'],nmdc:bsm-11-qz7x8j65,61090_3_BTM,61090_3_BTM
"['metagenomics', 'natural organic matter', 'bulk chemistry']",['nmdc:sty-11-gsmy7433'],nmdc:bsm-11-tmr4t568,61090_5_BTM,61090_5_BTM
"['metagenomics', 'natural organic matter', 'bulk chemistry']",['nmdc:sty-11-gsmy7433'],nmdc:bsm-11-m0268z45,61090_4_TOP,61090_4_TOP
"['metagenomics', 'natural organic matter', 'bulk chemistry']",['nmdc:sty-11-frejx632'],nmdc:bsm-11-xtq7yz43,61104_1_TOP,61104_1_TOP
"['metagenomics', 'natural organic matter', 'bulk chemistry']",['nmdc:sty-11-frejx632'],nmdc:bsm-11-358bn152,61104_1_BTM,61104_1_BTM
"['metagenomics', 'bulk chemistry', 'natural organic matter']",['nmdc:sty-11-frejx632'],nmdc:bsm-11-zq9mq049,61104_2_TOP,61104_2_TOP
"['metagenomics', 'bulk chemistry', 'natural organic matter']",['nmdc:sty-11-frejx632'],nmdc:bsm-11-7dxrcy28,61104_2_BTM,61104_2_BTM
"['metagenomics', 'natural organic matter', 'bulk chemistry']",['nmdc:sty-11-sar92g54'],nmdc:bsm-11-6w9vg220,61111_1_TOP,61111_1_TOP
"['metagenomics', 'natural organic matter', 'bulk chemistry']",['nmdc:sty-11-sar92g54'],nmdc:bsm-11-vt9v0075,61111_1_BTM,61111_1_BTM
"['metagenomics', 'natural organic matter', 'bulk chemistry']",['nmdc:sty-11-sar92g54'],nmdc:bsm-11-f787yk12,61111_5_TOP,61111_5_TOP
"['metagenomics', 'natural organic matter', 'bulk chemistry']",['nmdc:sty-11-sar92g54'],nmdc:bsm-11-698m9v02,61111_6_TOP,61111_6_TOP
"['metagenomics', 'natural organic matter', 'bulk chemistry']",['nmdc:sty-11-sar92g54'],nmdc:bsm-11-pvqfbp53,61111_7_TOP,61111_7_TOP
"['metagenomics', 'natural organic matter', 'bulk chemistry']",['nmdc:sty-11-sar92g54'],nmdc:bsm-11-544jmf47,61111_8_TOP,61111_8_TOP
"['metagenomics', 'natural organic matter', 'bulk chemistry']",['nmdc:sty-11-sar92g54'],nmdc:bsm-11-cm1xg032,61111_8_BTM,61111_8_BTM
"['metagenomics', 'natural organic matter', 'bulk chemistry']",['nmdc:sty-11-sar92g54'],nmdc:bsm-11-4v67ay07,61111_2_TOP,61111_2_TOP
"['metagenomics', 'natural organic matter', 'bulk chemistry']",['nmdc:sty-11-sar92g54'],nmdc:bsm-11-42kspw07,61111_4_TOP,61111_4_TOP
"['metagenomics', 'natural organic matter', 'bulk chemistry']",['nmdc:sty-11-sar92g54'],nmdc:bsm-11-zvpk0r67,61111_2_BTM,61111_2_BTM
"['metagenomics', 'natural organic matter', 'bulk chemistry']",['nmdc:sty-11-sar92g54'],nmdc:bsm-11-p9r6a790,61111_3_TOP,61111_3_TOP
"['metagenomics', 'natural organic matter', 'bulk chemistry']",['nmdc:sty-11-sar92g54'],nmdc:bsm-11-0db1nz30,61111_3_BTM,61111_3_BTM
"['metagenomics', 'natural organic matter', 'bulk chemistry']",['nmdc:sty-11-sar92g54'],nmdc:bsm-11-rc647873,61111_4_BTM,61111_4_BTM
"['natural organic matter', 'bulk chemistry']",['nmdc:sty-11-sar92g54'],nmdc:bsm-11-wyrbkc96,61111_7_BTM,61111_7_BTM
"['metagenomics', 'natural organic matter', 'bulk chemistry']",['nmdc:sty-11-89dk7p71'],nmdc:bsm-11-f4b3m923,61115_2_BTM,61115_2_BTM
"['metagenomics', 'natural organic matter', 'bulk chemistry']",['nmdc:sty-11-89dk7p71'],nmdc:bsm-11-c9z9ew57,61115_5_TOP,61115_5_TOP
"['metagenomics', 'natural organic matter', 'bulk chemistry']",['nmdc:sty-11-89dk7p71'],nmdc:bsm-11-qewsn280,61115_5_BTM,61115_5_BTM
"['metagenomics', 'natural organic matter', 'bulk chemistry']",['nmdc:sty-11-89dk7p71'],nmdc:bsm-11-dvb7jv57,61115_6_BTM,61115_6_BTM
"['metagenomics', 'natural organic matter', 'bulk chemistry']",['nmdc:sty-11-89dk7p71'],nmdc:bsm-11-myaw7b21,61115_1_TOP,61115_1_TOP
"['metagenomics', 'natural organic matter', 'bulk chemistry']",['nmdc:sty-11-89dk7p71'],nmdc:bsm-11-nny87q11,61115_1_BTM,61115_1_BTM
"['metagenomics', 'natural organic matter', 'bulk chemistry']",['nmdc:sty-11-89dk7p71'],nmdc:bsm-11-rynm5608,61115_4_TOP,61115_4_TOP
"['metagenomics', 'natural organic matter', 'bulk chemistry']",['nmdc:sty-11-89dk7p71'],nmdc:bsm-11-064k3b08,61115_6_TOP,61115_6_TOP
"['metagenomics', 'natural organic matter', 'bulk chemistry']",['nmdc:sty-11-89dk7p71'],nmdc:bsm-11-betw6d45,61115_2_TOP,61115_2_TOP
"['natural organic matter', 'bulk chemistry']",['nmdc:sty-11-89dk7p71'],nmdc:bsm-11-b3dv2611,61115_3_BTM,61115_3_BTM
"['natural organic matter', 'bulk chemistry']",['nmdc:sty-11-89dk7p71'],nmdc:bsm-11-q93ssx04,61115_3_TOP,61115_3_TOP
"['natural organic matter', 'bulk chemistry']",['nmdc:sty-11-89dk7p71'],nmdc:bsm-11-bqj6cj96,61115_4_BTM,61115_4_BTM
"['metagenomics', 'natural organic matter', 'bulk chemistry']",['nmdc:sty-11-h2tz6141'],nmdc:bsm-11-04hpzd88,61251_2_TOP,61251_2_TOP
"['metagenomics', 'natural organic matter', 'bulk chemistry']",['nmdc:sty-11-h2tz6141'],nmdc:bsm-11-xrk1cz41,61251_4_TOP,61251_4_TOP
"['metagenomics', 'natural organic matter', 'bulk chemistry']",['nmdc:sty-11-h2tz6141'],nmdc:bsm-11-x6hb6k25,61251_4_BTM,61251_4_BTM
"['metagenomics', 'natural organic matter', 'bulk chemistry']",['nmdc:sty-11-h2tz6141'],nmdc:bsm-11-82rav492,61251_5_TOP,61251_5_TOP
"['metagenomics', 'natural organic matter', 'bulk chemistry']",['nmdc:sty-11-h2tz6141'],nmdc:bsm-11-rd619373,61251_7_BTM,61251_7_BTM
"['metagenomics', 'natural organic matter', 'bulk chemistry']",['nmdc:sty-11-h2tz6141'],nmdc:bsm-11-g60vke54,61251_5_BTM,61251_5_BTM
"['metagenomics', 'natural organic matter', 'bulk chemistry']",['nmdc:sty-11-prs2ev78'],nmdc:bsm-11-18c6rm85,61255_4_TOP,61255_4_TOP
"['metagenomics', 'natural organic matter', 'bulk chemistry']",['nmdc:sty-11-prs2ev78'],nmdc:bsm-11-28ygv379,61255_5_TOP,61255_5_TOP
"['metagenomics', 'natural organic matter', 'bulk chemistry']",['nmdc:sty-11-prs2ev78'],nmdc:bsm-11-yvrrs523,61255_6_TOP,61255_6_TOP
"['metagenomics', 'bulk chemistry', 'natural organic matter']",['nmdc:sty-11-prs2ev78'],nmdc:bsm-11-w06myc60,61255_7_BTM,61255_7_BTM
"['metagenomics', 'bulk chemistry', 'natural organic matter']",['nmdc:sty-11-prs2ev78'],nmdc:bsm-11-yvg9x391,61255_8_TOP,61255_8_TOP
"['metagenomics', 'bulk chemistry', 'natural organic matter']",['nmdc:sty-11-prs2ev78'],nmdc:bsm-11-f5b68v35,61255_9_TOP,61255_9_TOP
"['metagenomics', 'bulk chemistry', 'natural organic matter']",['nmdc:sty-11-prs2ev78'],nmdc:bsm-11-6qym3d04,61255_9_BTM,61255_9_BTM
"['metagenomics', 'bulk chemistry', 'natural organic matter']",['nmdc:sty-11-prs2ev78'],nmdc:bsm-11-9391w062,61255_7_TOP,61255_7_TOP
"['metagenomics', 'bulk chemistry', 'natural organic matter']",['nmdc:sty-11-prs2ev78'],nmdc:bsm-11-2ynekj50,61255_8_BTM,61255_8_BTM
"['metagenomics', 'natural organic matter', 'bulk chemistry']",['nmdc:sty-11-prs2ev78'],nmdc:bsm-11-vm2z5h81,61255_1_TOP,61255_1_TOP
"['metagenomics', 'natural organic matter', 'bulk chemistry']",['nmdc:sty-11-prs2ev78'],nmdc:bsm-11-hhrtje58,61255_1_BTM,61255_1_BTM
"['metagenomics', 'natural organic matter', 'bulk chemistry']",['nmdc:sty-11-prs2ev78'],nmdc:bsm-11-syaq6g69,61255_2_TOP,61255_2_TOP
"['metagenomics', 'natural organic matter', 'bulk chemistry']",['nmdc:sty-11-prs2ev78'],nmdc:bsm-11-8q91qx89,61255_2_BTM,61255_2_BTM
"['metagenomics', 'natural organic matter', 'bulk chemistry']",['nmdc:sty-11-prs2ev78'],nmdc:bsm-11-zfka2877,61255_3_TOP,61255_3_TOP
"['metagenomics', 'natural organic matter', 'bulk chemistry']",['nmdc:sty-11-2eteyx04'],nmdc:bsm-11-rdmr1693,61343_6_BTM,61343_6_BTM
"['metagenomics', 'natural organic matter', 'bulk chemistry']",['nmdc:sty-11-2eteyx04'],nmdc:bsm-11-zyaqp266,61343_7_TOP,61343_7_TOP
"['metagenomics', 'natural organic matter', 'bulk chemistry']",['nmdc:sty-11-2eteyx04'],nmdc:bsm-11-dfjrdq38,61343_1_TOP,61343_1_TOP
"['metagenomics', 'natural organic matter', 'bulk chemistry']",['nmdc:sty-11-2eteyx04'],nmdc:bsm-11-vrs8w977,61343_5_TOP,61343_5_TOP
"['metagenomics', 'natural organic matter', 'bulk chemistry']",['nmdc:sty-11-2eteyx04'],nmdc:bsm-11-7vpkz220,61343_6_TOP,61343_6_TOP
"['metagenomics', 'bulk chemistry', 'natural organic matter']",['nmdc:sty-11-typ7rs08'],nmdc:bsm-11-wryvft24,61257_1_TOP,61257_1_TOP
"['metagenomics', 'bulk chemistry', 'natural organic matter']",['nmdc:sty-11-typ7rs08'],nmdc:bsm-11-16cn9j10,61257_1_BTM,61257_1_BTM
"['metagenomics', 'bulk chemistry', 'natural organic matter']",['nmdc:sty-11-typ7rs08'],nmdc:bsm-11-wxjtfz15,61257_2_TOP,61257_2_TOP
"['metagenomics', 'bulk chemistry', 'natural organic matter']",['nmdc:sty-11-typ7rs08'],nmdc:bsm-11-9293cz35,61257_3_TOP,61257_3_TOP
"['metagenomics', 'bulk chemistry', 'natural organic matter']",['nmdc:sty-11-typ7rs08'],nmdc:bsm-11-9xtwve72,61257_3_BTM,61257_3_BTM
"['metagenomics', 'bulk chemistry', 'natural organic matter']",['nmdc:sty-11-typ7rs08'],nmdc:bsm-11-9rvxgn22,61257_4_TOP,61257_4_TOP
"['metagenomics', 'bulk chemistry', 'natural organic matter']",['nmdc:sty-11-typ7rs08'],nmdc:bsm-11-8tydx094,61257_5_TOP,61257_5_TOP
"['metagenomics', 'bulk chemistry', 'natural organic matter']",['nmdc:sty-11-typ7rs08'],nmdc:bsm-11-x1s3bn96,61257_6_TOP,61257_6_TOP
"['metagenomics', 'bulk chemistry', 'natural organic matter']",['nmdc:sty-11-typ7rs08'],nmdc:bsm-11-am7hn353,61257_6_BTM,61257_6_BTM
"['metagenomics', 'bulk chemistry', 'natural organic matter']",['nmdc:sty-11-typ7rs08'],nmdc:bsm-11-9d5ndr25,61257_7_TOP,61257_7_TOP
"['metagenomics', 'bulk chemistry', 'natural organic matter']",['nmdc:sty-11-typ7rs08'],nmdc:bsm-11-kvv3b709,61257_7_BTM,61257_7_BTM
"['metagenomics', 'bulk chemistry', 'natural organic matter']",['nmdc:sty-11-typ7rs08'],nmdc:bsm-11-pwf3ez68,61257_8_TOP,61257_8_TOP
"['metagenomics', 'bulk chemistry', 'natural organic matter']",['nmdc:sty-11-typ7rs08'],nmdc:bsm-11-3vvd0s71,61257_8_BTM,61257_8_BTM
"['metagenomics', 'bulk chemistry', 'natural organic matter']",['nmdc:sty-11-typ7rs08'],nmdc:bsm-11-a6pxbh89,61257_9_TOP,61257_9_TOP
"['metagenomics', 'bulk chemistry', 'natural organic matter']",['nmdc:sty-11-typ7rs08'],nmdc:bsm-11-737z0292,61257_9_BTM,61257_9_BTM
"['metagenomics', 'bulk chemistry', 'natural organic matter']",['nmdc:sty-11-zj2k5d60'],nmdc:bsm-11-jcqvfg26,61418_1_TOP,61418_1_TOP
"['metagenomics', 'bulk chemistry', 'natural organic matter']",['nmdc:sty-11-zj2k5d60'],nmdc:bsm-11-chqrt736,61418_9_TOP,61418_9_TOP
"['metagenomics', 'bulk chemistry', 'natural organic matter']",['nmdc:sty-11-zj2k5d60'],nmdc:bsm-11-z99nwj90,61418_2_TOP,61418_2_TOP
"['metagenomics', 'bulk chemistry', 'natural organic matter']",['nmdc:sty-11-zj2k5d60'],nmdc:bsm-11-zm5v5t15,61418_2_BTM,61418_2_BTM
"['metagenomics', 'bulk chemistry', 'natural organic matter']",['nmdc:sty-11-zj2k5d60'],nmdc:bsm-11-j2jdpv44,61418_9_BTM,61418_9_BTM
"['metagenomics', 'natural organic matter', 'bulk chemistry']",['nmdc:sty-11-zj2k5d60'],nmdc:bsm-11-b99tky85,61418_3_TOP,61418_3_TOP
"['metagenomics', 'natural organic matter', 'bulk chemistry']",['nmdc:sty-11-zj2k5d60'],nmdc:bsm-11-x5bewq19,61418_3_BTM,61418_3_BTM
"['metagenomics', 'natural organic matter', 'bulk chemistry']",['nmdc:sty-11-zj2k5d60'],nmdc:bsm-11-cx6sr505,61418_4_TOP,61418_4_TOP
"['metagenomics', 'natural organic matter', 'bulk chemistry']",['nmdc:sty-11-zj2k5d60'],nmdc:bsm-11-2qwxtq56,61418_5_TOP,61418_5_TOP
"['metagenomics', 'natural organic matter', 'bulk chemistry']",['nmdc:sty-11-zj2k5d60'],nmdc:bsm-11-yfgayt77,61418_6_TOP,61418_6_TOP
"['metagenomics', 'natural organic matter', 'bulk chemistry']",['nmdc:sty-11-zj2k5d60'],nmdc:bsm-11-cc87md09,61418_8_TOP,61418_8_TOP
"['metagenomics', 'bulk chemistry', 'natural organic matter']",['nmdc:sty-11-gvvemv98'],nmdc:bsm-11-5w7bbv90,61419_1_TOP,61419_1_TOP
"['metagenomics', 'bulk chemistry', 'natural organic matter']",['nmdc:sty-11-gvvemv98'],nmdc:bsm-11-9saavy14,61419_1_BTM,61419_1_BTM
"['metagenomics', 'bulk chemistry', 'natural organic matter']",['nmdc:sty-11-gvvemv98'],nmdc:bsm-11-65109x20,61419_2_TOP,61419_2_TOP
"['metagenomics', 'bulk chemistry', 'natural organic matter']",['nmdc:sty-11-gvvemv98'],nmdc:bsm-11-w3gwjf05,61419_4_TOP,61419_4_TOP
"['metagenomics', 'bulk chemistry', 'natural organic matter']",['nmdc:sty-11-gvvemv98'],nmdc:bsm-11-d8ej8z18,61419_5_BTM,61419_5_BTM
"['metagenomics', 'bulk chemistry', 'natural organic matter']",['nmdc:sty-11-gvvemv98'],nmdc:bsm-11-dbs0gg35,61419_6_TOP,61419_6_TOP
"['metagenomics', 'bulk chemistry', 'natural organic matter']",['nmdc:sty-11-gvvemv98'],nmdc:bsm-11-7rmz3b04,61419_6_BTM,61419_6_BTM
"['metagenomics', 'bulk chemistry', 'natural organic matter']",['nmdc:sty-11-gvvemv98'],nmdc:bsm-11-bth4mn20,61419_7_TOP,61419_7_TOP
"['metagenomics', 'bulk chemistry', 'natural organic matter']",['nmdc:sty-11-gvvemv98'],nmdc:bsm-11-sd5aq336,61419_8_TOP,61419_8_TOP
"['metagenomics', 'bulk chemistry', 'natural organic matter']",['nmdc:sty-11-gvvemv98'],nmdc:bsm-11-t6m5y834,61419_9_TOP,61419_9_TOP
"['metagenomics', 'bulk chemistry', 'natural organic matter']",['nmdc:sty-11-gvvemv98'],nmdc:bsm-11-f08xp794,61419_5_TOP,61419_5_TOP
"['metagenomics', 'bulk chemistry', 'natural organic matter']",['nmdc:sty-11-gvvemv98'],nmdc:bsm-11-qca9ed47,61419_7_BTM,61419_7_BTM
"['metagenomics', 'natural organic matter', 'bulk chemistry']",['nmdc:sty-11-gvvemv98'],nmdc:bsm-11-720bvd56,61419_8_BTM,61419_8_BTM
"['metagenomics', 'natural organic matter', 'bulk chemistry']",['nmdc:sty-11-mqtfzw83'],nmdc:bsm-11-y1x8wx83,61389_3_TOP,61389_3_TOP
"['metagenomics', 'natural organic matter', 'bulk chemistry']",['nmdc:sty-11-mqtfzw83'],nmdc:bsm-11-q04kgj52,61389_10_TOP,61389_10_TOP
"['metagenomics', 'natural organic matter', 'bulk chemistry']",['nmdc:sty-11-mqtfzw83'],nmdc:bsm-11-m220yr54,61389_10_BTM,61389_10_BTM
"['metagenomics', 'natural organic matter', 'bulk chemistry']",['nmdc:sty-11-mqtfzw83'],nmdc:bsm-11-sgz21147,61389_11_TOP,61389_11_TOP
"['metagenomics', 'natural organic matter', 'bulk chemistry']",['nmdc:sty-11-mqtfzw83'],nmdc:bsm-11-ys801261,61389_12_TOP,61389_12_TOP
"['metagenomics', 'natural organic matter', 'bulk chemistry']",['nmdc:sty-11-mqtfzw83'],nmdc:bsm-11-x6h8qw16,61389_13_TOP,61389_13_TOP
"['metagenomics', 'natural organic matter', 'bulk chemistry']",['nmdc:sty-11-mqtfzw83'],nmdc:bsm-11-zatz7p16,61389_15_TOP,61389_15_TOP
"['metagenomics', 'natural organic matter', 'bulk chemistry']",['nmdc:sty-11-mqtfzw83'],nmdc:bsm-11-m8mfcg46,61389_16_TOP,61389_16_TOP
"['metagenomics', 'natural organic matter', 'bulk chemistry']",['nmdc:sty-11-mqtfzw83'],nmdc:bsm-11-7e3n4338,61389_17_TOP,61389_17_TOP
"['metagenomics', 'natural organic matter', 'bulk chemistry']",['nmdc:sty-11-mqtfzw83'],nmdc:bsm-11-7dkvrq05,61389_18_TOP,61389_18_TOP
"['metagenomics', 'natural organic matter', 'bulk chemistry']",['nmdc:sty-11-mqtfzw83'],nmdc:bsm-11-at3c0236,61389_19_TOP,61389_19_TOP
"['metagenomics', 'natural organic matter', 'bulk chemistry']",['nmdc:sty-11-mqtfzw83'],nmdc:bsm-11-5n82xv97,61389_20_TOP,61389_20_TOP
"['metagenomics', 'natural organic matter', 'bulk chemistry']",['nmdc:sty-11-mqtfzw83'],nmdc:bsm-11-padt8040,61389_21_TOP,61389_21_TOP
"['metagenomics', 'natural organic matter', 'bulk chemistry']",['nmdc:sty-11-mqtfzw83'],nmdc:bsm-11-m3bg4207,61389_24_TOP,61389_24_TOP
"['metagenomics', 'natural organic matter', 'bulk chemistry']",['nmdc:sty-11-mqtfzw83'],nmdc:bsm-11-m0xhf112,61389_1_TOP,61389_1_TOP
"['metagenomics', 'natural organic matter', 'bulk chemistry']",['nmdc:sty-11-mqtfzw83'],nmdc:bsm-11-jfkgkv54,61389_2_TOP,61389_2_TOP
"['metagenomics', 'natural organic matter', 'bulk chemistry']",['nmdc:sty-11-mqtfzw83'],nmdc:bsm-11-rxdy5k69,61389_4_TOP,61389_4_TOP
"['metagenomics', 'natural organic matter', 'bulk chemistry']",['nmdc:sty-11-mqtfzw83'],nmdc:bsm-11-d6tcpy42,61389_4_BTM,61389_4_BTM
"['metagenomics', 'natural organic matter', 'bulk chemistry']",['nmdc:sty-11-mqtfzw83'],nmdc:bsm-11-4anc1006,61389_5_TOP,61389_5_TOP
"['metagenomics', 'natural organic matter', 'bulk chemistry']",['nmdc:sty-11-mqtfzw83'],nmdc:bsm-11-3cv7nz55,61389_5_BTM,61389_5_BTM
"['metagenomics', 'natural organic matter', 'bulk chemistry']",['nmdc:sty-11-mqtfzw83'],nmdc:bsm-11-y185zb74,61389_6_TOP,61389_6_TOP
"['metagenomics', 'natural organic matter', 'bulk chemistry']",['nmdc:sty-11-mqtfzw83'],nmdc:bsm-11-66nd3s49,61389_7_TOP,61389_7_TOP
"['metagenomics', 'natural organic matter', 'bulk chemistry']",['nmdc:sty-11-mqtfzw83'],nmdc:bsm-11-79sbsj02,61389_7_BTM,61389_7_BTM
"['metagenomics', 'natural organic matter', 'bulk chemistry']",['nmdc:sty-11-mqtfzw83'],nmdc:bsm-11-smz5kt14,61389_8_TOP,61389_8_TOP
"['metagenomics', 'natural organic matter', 'bulk chemistry']",['nmdc:sty-11-mqtfzw83'],nmdc:bsm-11-h5w0xn36,61389_9_TOP,61389_9_TOP
"['metagenomics', 'natural organic matter', 'bulk chemistry']",['nmdc:sty-11-mqtfzw83'],nmdc:bsm-11-eje8ah53,61389_14_TOP,61389_14_TOP
"['metagenomics', 'natural organic matter', 'bulk chemistry']",['nmdc:sty-11-mqtfzw83'],nmdc:bsm-11-d7bfsv98,61389_20_BTM,61389_20_BTM
"['metagenomics', 'natural organic matter', 'bulk chemistry']",['nmdc:sty-11-mqtfzw83'],nmdc:bsm-11-xjf36957,61389_22_TOP,61389_22_TOP
"['metagenomics', 'natural organic matter', 'bulk chemistry']",['nmdc:sty-11-mqtfzw83'],nmdc:bsm-11-abkhs779,61389_23_TOP,61389_23_TOP
"['metagenomics', 'natural organic matter', 'bulk chemistry']",['nmdc:sty-11-mqtfzw83'],nmdc:bsm-11-brgak256,61389_23_BTM,61389_23_BTM
"['metagenomics', 'natural organic matter', 'bulk chemistry']",['nmdc:sty-11-nmtnj115'],nmdc:bsm-11-vtasrw05,61412_4_TOP,61412_4_TOP
"['metagenomics', 'natural organic matter', 'bulk chemistry']",['nmdc:sty-11-nmtnj115'],nmdc:bsm-11-ajv68037,61412_6_TOP,61412_6_TOP
"['metagenomics', 'natural organic matter', 'bulk chemistry']",['nmdc:sty-11-nmtnj115'],nmdc:bsm-11-2swjm992,61412_8_TOP,61412_8_TOP
"['metagenomics', 'natural organic matter', 'bulk chemistry']",['nmdc:sty-11-nmtnj115'],nmdc:bsm-11-z3met523,61412_8_BTM,61412_8_BTM
"['metagenomics', 'natural organic matter', 'bulk chemistry']",['nmdc:sty-11-nmtnj115'],nmdc:bsm-11-xs2mt693,61412_1_BTM,61412_1_BTM
"['metagenomics', 'natural organic matter', 'bulk chemistry']",['nmdc:sty-11-nmtnj115'],nmdc:bsm-11-y8wb5e21,61412_2_TOP,61412_2_TOP
"['metagenomics', 'natural organic matter', 'bulk chemistry']",['nmdc:sty-11-nmtnj115'],nmdc:bsm-11-hpbkyw79,61412_2_BTM,61412_2_BTM
"['metagenomics', 'natural organic matter', 'bulk chemistry']",['nmdc:sty-11-nmtnj115'],nmdc:bsm-11-6za62892,61412_7_TOP,61412_7_TOP
"['metabolomics', 'metagenomics', 'natural organic matter']",['nmdc:sty-11-kq30gk16'],nmdc:bsm-11-2mbdf872,60880_1_TOP,60880_1_TOP
"['metabolomics', 'metagenomics', 'natural organic matter']",['nmdc:sty-11-kq30gk16'],nmdc:bsm-11-5vjamr09,60880_2_TOP,60880_2_TOP
"['metabolomics', 'metagenomics', 'natural organic matter']",['nmdc:sty-11-kq30gk16'],nmdc:bsm-11-t27vqt47,60880_3_TOP,60880_3_TOP
"['metabolomics', 'metagenomics', 'natural organic matter']",['nmdc:sty-11-kq30gk16'],nmdc:bsm-11-939ej177,60880_4_BTM,60880_4_BTM
"['metagenomics', 'natural organic matter', 'bulk chemistry']",['nmdc:sty-11-kq30gk16'],nmdc:bsm-11-eejbkc73,60880_4_TOP,60880_4_TOP
"['metagenomics', 'natural organic matter', 'bulk chemistry']",['nmdc:sty-11-kq30gk16'],nmdc:bsm-11-pp31dx51,60880_1_BTM,60880_1_BTM
"['metagenomics', 'natural organic matter', 'bulk chemistry']",['nmdc:sty-11-kq30gk16'],nmdc:bsm-11-6ccma634,60880_5_TOP,60880_5_TOP
"['metagenomics', 'natural organic matter', 'bulk chemistry']",['nmdc:sty-11-kq30gk16'],nmdc:bsm-11-p8dkr741,60880_5_BTM,60880_5_BTM
"['metagenomics', 'natural organic matter', 'bulk chemistry']",['nmdc:sty-11-kq30gk16'],nmdc:bsm-11-2vp4nd49,60880_6_TOP,60880_6_TOP
"['metagenomics', 'natural organic matter', 'bulk chemistry']",['nmdc:sty-11-kq30gk16'],nmdc:bsm-11-a14anh64,60880_6_BTM,60880_6_BTM
"['natural organic matter', 'bulk chemistry']",['nmdc:sty-11-kq30gk16'],nmdc:bsm-11-s41v0f79,60880_2_BTM,60880_2_BTM
"['natural organic matter', 'bulk chemistry']",['nmdc:sty-11-kq30gk16'],nmdc:bsm-11-866ak216,60880_3_BTM,60880_3_BTM
"['metagenomics', 'natural organic matter', 'metabolomics']",['nmdc:sty-11-w4tp3f29'],nmdc:bsm-11-6td2nm05,60923_8_TOP,60923_8_TOP
"['metagenomics', 'natural organic matter', 'metabolomics']",['nmdc:sty-11-w4tp3f29'],nmdc:bsm-11-qb3m3164,60923_8_BTM,60923_8_BTM
"['metagenomics', 'natural organic matter', 'metabolomics']",['nmdc:sty-11-w4tp3f29'],nmdc:bsm-11-zk87rj83,60923_9_TOP,60923_9_TOP
"['metagenomics', 'natural organic matter', 'metabolomics']",['nmdc:sty-11-w4tp3f29'],nmdc:bsm-11-4598j016,60923_10_TOP,60923_10_TOP
"['metagenomics', 'natural organic matter', 'metabolomics']",['nmdc:sty-11-w4tp3f29'],nmdc:bsm-11-3p4q9s24,60923_10_BTM,60923_10_BTM
"['metagenomics', 'natural organic matter', 'metabolomics']",['nmdc:sty-11-w4tp3f29'],nmdc:bsm-11-7x79mg62,60923_11_TOP,60923_11_TOP
"['metagenomics', 'natural organic matter', 'metabolomics']",['nmdc:sty-11-w4tp3f29'],nmdc:bsm-11-sngh0d75,60923_12_TOP,60923_12_TOP
"['metagenomics', 'natural organic matter', 'metabolomics']",['nmdc:sty-11-w4tp3f29'],nmdc:bsm-11-ck686d84,60923_13_TOP,60923_13_TOP
"['metagenomics', 'natural organic matter', 'metabolomics']",['nmdc:sty-11-w4tp3f29'],nmdc:bsm-11-yqscch07,60923_14_TOP,60923_14_TOP
"['metagenomics', 'natural organic matter', 'metabolomics']",['nmdc:sty-11-w4tp3f29'],nmdc:bsm-11-nt8jv985,60923_15_TOP,60923_15_TOP
"['metagenomics', 'natural organic matter', 'metabolomics']",['nmdc:sty-11-w4tp3f29'],nmdc:bsm-11-md1zcz76,60923_15_BTM,60923_15_BTM
"['metagenomics', 'natural organic matter', 'metabolomics']",['nmdc:sty-11-w4tp3f29'],nmdc:bsm-11-yqht8070,60923_16_TOP,60923_16_TOP
"['metagenomics', 'natural organic matter', 'metabolomics']",['nmdc:sty-11-w4tp3f29'],nmdc:bsm-11-cgxt5442,60923_16_BTM,60923_16_BTM
"['metagenomics', 'natural organic matter', 'metabolomics']",['nmdc:sty-11-w4tp3f29'],nmdc:bsm-11-k62cnz39,60923_17_TOP,60923_17_TOP
"['metagenomics', 'natural organic matter', 'metabolomics']",['nmdc:sty-11-w4tp3f29'],nmdc:bsm-11-31qgat38,60923_17_BTM,60923_17_BTM
"['metagenomics', 'natural organic matter', 'metabolomics']",['nmdc:sty-11-w4tp3f29'],nmdc:bsm-11-4fy4ee20,60923_18_TOP,60923_18_TOP
"['metagenomics', 'natural organic matter', 'metabolomics']",['nmdc:sty-11-w4tp3f29'],nmdc:bsm-11-bgq1sh57,60923_18_BTM,60923_18_BTM
"['metagenomics', 'natural organic matter', 'metabolomics']",['nmdc:sty-11-w4tp3f29'],nmdc:bsm-11-6799hx33,60923_19_TOP,60923_19_TOP
"['metagenomics', 'natural organic matter', 'metabolomics']",['nmdc:sty-11-w4tp3f29'],nmdc:bsm-11-4gv37a07,60923_19_BTM,60923_19_BTM
"['metagenomics', 'natural organic matter', 'metabolomics']",['nmdc:sty-11-w4tp3f29'],nmdc:bsm-11-nynnec13,60923_20_TOP,60923_20_TOP
"['metagenomics', 'natural organic matter', 'metabolomics']",['nmdc:sty-11-w4tp3f29'],nmdc:bsm-11-94gy3937,60923_20_BTM,60923_20_BTM
"['metagenomics', 'natural organic matter', 'metabolomics']",['nmdc:sty-11-w4tp3f29'],nmdc:bsm-11-886pkh28,60923_21_TOP,60923_21_TOP
"['metagenomics', 'natural organic matter', 'metabolomics']",['nmdc:sty-11-w4tp3f29'],nmdc:bsm-11-jqw92624,60923_21_BTM,60923_21_BTM
"['metabolomics', 'metagenomics', 'natural organic matter']",['nmdc:sty-11-w4tp3f29'],nmdc:bsm-11-920kpn04,60923_6_BTM,60923_6_BTM
"['metagenomics', 'natural organic matter', 'bulk chemistry']",['nmdc:sty-11-w4tp3f29'],nmdc:bsm-11-yt63wa34,60923_9_BTM,60923_9_BTM
"['metagenomics', 'natural organic matter', 'bulk chemistry']",['nmdc:sty-11-w4tp3f29'],nmdc:bsm-11-cemf6c90,60923_11_BTM,60923_11_BTM
"['metagenomics', 'natural organic matter', 'bulk chemistry']",['nmdc:sty-11-w4tp3f29'],nmdc:bsm-11-xajpcq62,60923_12_BTM,60923_12_BTM
"['metagenomics', 'natural organic matter', 'bulk chemistry']",['nmdc:sty-11-w4tp3f29'],nmdc:bsm-11-x57kpq54,60923_13_BTM,60923_13_BTM
"['metagenomics', 'natural organic matter', 'bulk chemistry']",['nmdc:sty-11-w4tp3f29'],nmdc:bsm-11-g1acwr86,60923_14_BTM,60923_14_BTM
"['metagenomics', 'natural organic matter', 'bulk chemistry']",['nmdc:sty-11-w4tp3f29'],nmdc:bsm-11-yarccp75,60923_1_TOP,60923_1_TOP
"['metagenomics', 'natural organic matter', 'bulk chemistry']",['nmdc:sty-11-w4tp3f29'],nmdc:bsm-11-drbpkb58,60923_2_TOP,60923_2_TOP
"['metagenomics', 'natural organic matter', 'bulk chemistry']",['nmdc:sty-11-w4tp3f29'],nmdc:bsm-11-z8ve6g64,60923_2_BTM,60923_2_BTM
"['metagenomics', 'natural organic matter', 'bulk chemistry']",['nmdc:sty-11-w4tp3f29'],nmdc:bsm-11-8wv3sf12,60923_3_TOP,60923_3_TOP
"['metagenomics', 'natural organic matter', 'bulk chemistry']",['nmdc:sty-11-w4tp3f29'],nmdc:bsm-11-de24zv13,60923_3_BTM,60923_3_BTM
"['metagenomics', 'natural organic matter', 'bulk chemistry']",['nmdc:sty-11-w4tp3f29'],nmdc:bsm-11-xavsg426,60923_4_TOP,60923_4_TOP
"['metagenomics', 'natural organic matter', 'bulk chemistry']",['nmdc:sty-11-w4tp3f29'],nmdc:bsm-11-5fjw6z87,60923_4_BTM,60923_4_BTM
"['metagenomics', 'natural organic matter', 'bulk chemistry']",['nmdc:sty-11-w4tp3f29'],nmdc:bsm-11-ezpyrs72,60923_5_TOP,60923_5_TOP
"['metagenomics', 'natural organic matter', 'bulk chemistry']",['nmdc:sty-11-w4tp3f29'],nmdc:bsm-11-8qv5pe69,60923_5_BTM,60923_5_BTM
"['metagenomics', 'natural organic matter', 'bulk chemistry']",['nmdc:sty-11-w4tp3f29'],nmdc:bsm-11-w76zc983,60923_6_TOP,60923_6_TOP
"['metagenomics', 'natural organic matter', 'bulk chemistry']",['nmdc:sty-11-w4tp3f29'],nmdc:bsm-11-71pphw07,60923_7_TOP,60923_7_TOP
"['natural organic matter', 'bulk chemistry']",['nmdc:sty-11-w4tp3f29'],nmdc:bsm-11-xwr0ac68,60923_1_BTM,60923_1_BTM
"['natural organic matter', 'bulk chemistry']",['nmdc:sty-11-w4tp3f29'],nmdc:bsm-11-8mzebh25,60923_7_BTM,60923_7_BTM
"['metagenomics', 'natural organic matter', 'bulk chemistry']",['nmdc:sty-11-vrhht152'],nmdc:bsm-11-4abqf802,61051_1_TOP,61051_1_TOP
"['metagenomics', 'natural organic matter', 'bulk chemistry']",['nmdc:sty-11-vrhht152'],nmdc:bsm-11-r1y0e694,61051_1_BTM,61051_1_BTM
"['metagenomics', 'natural organic matter', 'bulk chemistry']",['nmdc:sty-11-vrhht152'],nmdc:bsm-11-1q9ahf80,61051_2_TOP,61051_2_TOP
"['metagenomics', 'natural organic matter', 'bulk chemistry']",['nmdc:sty-11-vrhht152'],nmdc:bsm-11-p4fdcz42,61051_2_BTM,61051_2_BTM
"['metagenomics', 'natural organic matter', 'bulk chemistry']",['nmdc:sty-11-vrhht152'],nmdc:bsm-11-qsvs3b74,61051_3_TOP,61051_3_TOP
"['metagenomics', 'natural organic matter', 'bulk chemistry']",['nmdc:sty-11-vrhht152'],nmdc:bsm-11-dw3y3d79,61051_3_BTM,61051_3_BTM
"['metagenomics', 'natural organic matter', 'bulk chemistry']",['nmdc:sty-11-vrhht152'],nmdc:bsm-11-mgmzj371,61051_4_TOP,61051_4_TOP
"['metagenomics', 'natural organic matter', 'bulk chemistry']",['nmdc:sty-11-vrhht152'],nmdc:bsm-11-sesavv60,61051_4_BTM,61051_4_BTM
"['metagenomics', 'natural organic matter', 'bulk chemistry']",['nmdc:sty-11-vrhht152'],nmdc:bsm-11-4ydap141,61051_5_TOP,61051_5_TOP
"['metagenomics', 'natural organic matter', 'bulk chemistry']",['nmdc:sty-11-vrhht152'],nmdc:bsm-11-srsy2x04,61051_5_BTM,61051_5_BTM
"['metagenomics', 'natural organic matter', 'bulk chemistry']",['nmdc:sty-11-vrhht152'],nmdc:bsm-11-h9acfs29,61051_6_TOP,61051_6_TOP
"['metagenomics', 'natural organic matter', 'bulk chemistry']",['nmdc:sty-11-vrhht152'],nmdc:bsm-11-5kbse224,61051_6_BTM,61051_6_BTM
"['metagenomics', 'natural organic matter', 'bulk chemistry']",['nmdc:sty-11-vrhht152'],nmdc:bsm-11-dwmxe918,61051_7_TOP,61051_7_TOP
"['metagenomics', 'natural organic matter', 'bulk chemistry']",['nmdc:sty-11-vrhht152'],nmdc:bsm-11-0y6v3x80,61051_7_BTM,61051_7_BTM
"['metagenomics', 'natural organic matter', 'bulk chemistry']",['nmdc:sty-11-vrhht152'],nmdc:bsm-11-r999gs19,61051_8_TOP,61051_8_TOP
"['metagenomics', 'natural organic matter', 'bulk chemistry']",['nmdc:sty-11-vrhht152'],nmdc:bsm-11-cc7c9n80,61051_8_BTM,61051_8_BTM
"['metagenomics', 'natural organic matter', 'bulk chemistry']",['nmdc:sty-11-vrhht152'],nmdc:bsm-11-ypaz8z68,61051_9_TOP,61051_9_TOP
"['metagenomics', 'natural organic matter', 'bulk chemistry']",['nmdc:sty-11-vrhht152'],nmdc:bsm-11-1q2a1e77,61051_9_BTM,61051_9_BTM
"['metagenomics', 'metabolomics', 'natural organic matter']",['nmdc:sty-11-ygdm6368'],nmdc:bsm-11-zta1hy24,60886_1_TOP,60886_1_TOP
"['metagenomics', 'metabolomics', 'natural organic matter']",['nmdc:sty-11-ygdm6368'],nmdc:bsm-11-ynb8k575,60886_1_BTM,60886_1_BTM
"['metagenomics', 'metabolomics', 'natural organic matter']",['nmdc:sty-11-ygdm6368'],nmdc:bsm-11-prmpqc17,60886_2_TOP,60886_2_TOP
"['metagenomics', 'metabolomics', 'natural organic matter']",['nmdc:sty-11-ygdm6368'],nmdc:bsm-11-zxb6qr14,60886_2_BTM,60886_2_BTM
"['metagenomics', 'metabolomics', 'natural organic matter']",['nmdc:sty-11-ygdm6368'],nmdc:bsm-11-frmj3f12,60886_3_TOP,60886_3_TOP
"['metagenomics', 'metabolomics', 'natural organic matter']",['nmdc:sty-11-ygdm6368'],nmdc:bsm-11-xvyz1e29,60886_3_BTM,60886_3_BTM
"['metagenomics', 'metabolomics', 'natural organic matter']",['nmdc:sty-11-ygdm6368'],nmdc:bsm-11-3s3gvn13,60886_4_TOP,60886_4_TOP
"['metagenomics', 'metabolomics', 'natural organic matter']",['nmdc:sty-11-ygdm6368'],nmdc:bsm-11-epczt773,60886_4_BTM,60886_4_BTM
"['metagenomics', 'metabolomics', 'natural organic matter']",['nmdc:sty-11-ygdm6368'],nmdc:bsm-11-s3e2ex68,60886_5_TOP,60886_5_TOP
"['metagenomics', 'metabolomics', 'natural organic matter']",['nmdc:sty-11-ygdm6368'],nmdc:bsm-11-vga2jz16,60886_5_BTM,60886_5_BTM
"['metagenomics', 'metabolomics', 'natural organic matter']",['nmdc:sty-11-ygdm6368'],nmdc:bsm-11-6nsqhw29,60886_6_TOP,60886_6_TOP
"['metagenomics', 'metabolomics', 'natural organic matter']",['nmdc:sty-11-ygdm6368'],nmdc:bsm-11-c1s6dp89,60886_6_BTM,60886_6_BTM
"['metagenomics', 'metabolomics', 'natural organic matter']",['nmdc:sty-11-hrb0ym41'],nmdc:bsm-11-xk1gw136,60933_1_TOP,60933_1_TOP
"['metagenomics', 'metabolomics', 'natural organic matter']",['nmdc:sty-11-hrb0ym41'],nmdc:bsm-11-p1rg8185,60933_2_TOP,60933_2_TOP
"['metagenomics', 'metabolomics', 'natural organic matter']",['nmdc:sty-11-hrb0ym41'],nmdc:bsm-11-rn3ztg26,60933_2_BTM,60933_2_BTM
"['metagenomics', 'metabolomics', 'natural organic matter']",['nmdc:sty-11-hrb0ym41'],nmdc:bsm-11-3dva3q42,60933_3_TOP,60933_3_TOP
"['metagenomics', 'metabolomics', 'natural organic matter']",['nmdc:sty-11-hrb0ym41'],nmdc:bsm-11-13bjmx86,60933_3_BTM,60933_3_BTM
"['metagenomics', 'metabolomics', 'natural organic matter']",['nmdc:sty-11-hrb0ym41'],nmdc:bsm-11-pywjet65,60933_4_TOP,60933_4_TOP
"['metagenomics', 'metabolomics', 'natural organic matter']",['nmdc:sty-11-hrb0ym41'],nmdc:bsm-11-6z2ztq51,60933_4_BTM,60933_4_BTM
"['metagenomics', 'metabolomics', 'natural organic matter']",['nmdc:sty-11-hrb0ym41'],nmdc:bsm-11-7rtk1z76,60933_5_TOP,60933_5_TOP
"['metagenomics', 'metabolomics', 'natural organic matter']",['nmdc:sty-11-hrb0ym41'],nmdc:bsm-11-zke8tq38,60933_5_BTM,60933_5_BTM
"['metagenomics', 'metabolomics', 'natural organic matter']",['nmdc:sty-11-hrb0ym41'],nmdc:bsm-11-9hw25z73,60933_6_TOP,60933_6_TOP
"['metagenomics', 'metabolomics', 'natural organic matter']",['nmdc:sty-11-hrb0ym41'],nmdc:bsm-11-7d43c036,60933_6_BTM,60933_6_BTM
"['metagenomics', 'metabolomics', 'natural organic matter']",['nmdc:sty-11-hrb0ym41'],nmdc:bsm-11-n7st8t76,60933_7_TOP,60933_7_TOP
"['metagenomics', 'metabolomics', 'natural organic matter']",['nmdc:sty-11-hrb0ym41'],nmdc:bsm-11-1hbrcz12,60933_7_BTM,60933_7_BTM
"['metagenomics', 'metabolomics', 'natural organic matter']",['nmdc:sty-11-hrb0ym41'],nmdc:bsm-11-87vzm356,60933_8_TOP,60933_8_TOP
"['metagenomics', 'metabolomics', 'natural organic matter']",['nmdc:sty-11-hrb0ym41'],nmdc:bsm-11-2wwn6q78,60933_9_TOP,60933_9_TOP
"['metagenomics', 'metabolomics', 'natural organic matter']",['nmdc:sty-11-hrb0ym41'],nmdc:bsm-11-1g34vd94,60933_10_TOP,60933_10_TOP
"['metabolomics', 'metagenomics', 'natural organic matter']",['nmdc:sty-11-hrb0ym41'],nmdc:bsm-11-0d7jqm05,60933_11_TOP,60933_11_TOP
"['metabolomics', 'metagenomics', 'natural organic matter']",['nmdc:sty-11-hrb0ym41'],nmdc:bsm-11-0mrh8a04,60933_11_BTM,60933_11_BTM
"['metabolomics', 'metagenomics', 'natural organic matter']",['nmdc:sty-11-hrb0ym41'],nmdc:bsm-11-k2v6we66,60933_12_TOP,60933_12_TOP
"['metabolomics', 'metagenomics', 'natural organic matter']",['nmdc:sty-11-hrb0ym41'],nmdc:bsm-11-abn6e039,60933_12_BTM,60933_12_BTM
"['metabolomics', 'metagenomics', 'natural organic matter']",['nmdc:sty-11-hrb0ym41'],nmdc:bsm-11-q1qph338,60933_13_TOP,60933_13_TOP
"['metabolomics', 'metagenomics', 'natural organic matter']",['nmdc:sty-11-hrb0ym41'],nmdc:bsm-11-syvfmf69,60933_13_BTM,60933_13_BTM
"['metabolomics', 'metagenomics', 'natural organic matter']",['nmdc:sty-11-hrb0ym41'],nmdc:bsm-11-27vjb865,60933_14_TOP,60933_14_TOP
"['metabolomics', 'metagenomics', 'natural organic matter']",['nmdc:sty-11-hrb0ym41'],nmdc:bsm-11-vdrxw629,60933_14_BTM,60933_14_BTM
"['metabolomics', 'metagenomics', 'natural organic matter']",['nmdc:sty-11-hrb0ym41'],nmdc:bsm-11-x0f7km04,60933_15_TOP,60933_15_TOP
"['metabolomics', 'metagenomics', 'natural organic matter']",['nmdc:sty-11-hrb0ym41'],nmdc:bsm-11-jf2ajs16,60933_15_BTM,60933_15_BTM
"['metabolomics', 'metagenomics', 'natural organic matter']",['nmdc:sty-11-hrb0ym41'],nmdc:bsm-11-xdnfxa02,60933_16_TOP,60933_16_TOP
"['metabolomics', 'metagenomics', 'natural organic matter']",['nmdc:sty-11-hrb0ym41'],nmdc:bsm-11-apzept82,60933_16_BTM,60933_16_BTM
"['metabolomics', 'metagenomics', 'natural organic matter']",['nmdc:sty-11-hrb0ym41'],nmdc:bsm-11-951zby59,60933_17_TOP,60933_17_TOP
"['metabolomics', 'metagenomics', 'natural organic matter']",['nmdc:sty-11-hrb0ym41'],nmdc:bsm-11-fkyzkq80,60933_17_BTM,60933_17_BTM
"['metabolomics', 'metagenomics', 'natural organic matter']",['nmdc:sty-11-hrb0ym41'],nmdc:bsm-11-35y2vd49,60933_18_TOP,60933_18_TOP
"['metabolomics', 'metagenomics', 'natural organic matter']",['nmdc:sty-11-hrb0ym41'],nmdc:bsm-11-jedmbg95,60933_18_BTM,60933_18_BTM
"['metabolomics', 'metagenomics', 'natural organic matter']",['nmdc:sty-11-hrb0ym41'],nmdc:bsm-11-9ypxen30,60933_19_TOP,60933_19_TOP
"['metabolomics', 'metagenomics', 'natural organic matter']",['nmdc:sty-11-hrb0ym41'],nmdc:bsm-11-mqz7tj25,60933_19_BTM,60933_19_BTM
"['metabolomics', 'metagenomics', 'natural organic matter']",['nmdc:sty-11-hrb0ym41'],nmdc:bsm-11-ancrqc19,60933_20_TOP,60933_20_TOP
"['metabolomics', 'metagenomics', 'natural organic matter']",['nmdc:sty-11-hrb0ym41'],nmdc:bsm-11-689kqb07,60933_20_BTM,60933_20_BTM
"['metagenomics', 'metabolomics', 'natural organic matter']",['nmdc:sty-11-5dxs3k72'],nmdc:bsm-11-qa0jpr97,60942_4_TOP,60942_4_TOP
"['metagenomics', 'metabolomics', 'natural organic matter']",['nmdc:sty-11-5dxs3k72'],nmdc:bsm-11-qc35jp03,60942_4_BTM,60942_4_BTM
"['metagenomics', 'metabolomics', 'natural organic matter']",['nmdc:sty-11-5dxs3k72'],nmdc:bsm-11-rzefwb42,60942_6_TOP,60942_6_TOP
"['metagenomics', 'metabolomics', 'natural organic matter']",['nmdc:sty-11-5dxs3k72'],nmdc:bsm-11-cnz9t034,60942_1_TOP,60942_1_TOP
"['metagenomics', 'metabolomics', 'natural organic matter']",['nmdc:sty-11-5dxs3k72'],nmdc:bsm-11-6bp4az05,60942_3_TOP,60942_3_TOP
"['metagenomics', 'metabolomics', 'natural organic matter']",['nmdc:sty-11-5dxs3k72'],nmdc:bsm-11-4593y256,60942_3_BTM,60942_3_BTM
"['metagenomics', 'natural organic matter', 'bulk chemistry']",['nmdc:sty-11-5dxs3k72'],nmdc:bsm-11-q9mg6b87,60942_5_TOP,60942_5_TOP
"['metagenomics', 'natural organic matter', 'bulk chemistry']",['nmdc:sty-11-5dxs3k72'],nmdc:bsm-11-5n815f77,60942_5_BTM,60942_5_BTM
"['metagenomics', 'natural organic matter', 'bulk chemistry']",['nmdc:sty-11-5dxs3k72'],nmdc:bsm-11-40fwmc66,60942_6_BTM,60942_6_BTM
"['metagenomics', 'natural organic matter', 'bulk chemistry']",['nmdc:sty-11-5dxs3k72'],nmdc:bsm-11-jvxy3212,60942_1_BTM,60942_1_BTM
"['metagenomics', 'natural organic matter', 'bulk chemistry']",['nmdc:sty-11-5dxs3k72'],nmdc:bsm-11-4z6nm386,60942_2_TOP,60942_2_TOP
"['metagenomics', 'natural organic matter', 'bulk chemistry']",['nmdc:sty-11-5dxs3k72'],nmdc:bsm-11-cb5czh24,60942_2_BTM,60942_2_BTM
"['metabolomics', 'metagenomics', 'natural organic matter']",['nmdc:sty-11-wyvany77'],nmdc:bsm-11-941b4102,61049_1_TOP,61049_1_TOP
"['metabolomics', 'metagenomics', 'natural organic matter']",['nmdc:sty-11-wyvany77'],nmdc:bsm-11-54ykm752,61049_10_TOP,61049_10_TOP
"['metabolomics', 'metagenomics', 'natural organic matter']",['nmdc:sty-11-wyvany77'],nmdc:bsm-11-cm751c22,61049_11_TOP,61049_11_TOP
"['metabolomics', 'metagenomics', 'natural organic matter']",['nmdc:sty-11-wyvany77'],nmdc:bsm-11-tnj8qx70,61049_11_BTM,61049_11_BTM
"['metabolomics', 'metagenomics', 'natural organic matter']",['nmdc:sty-11-wyvany77'],nmdc:bsm-11-4nnvz318,61049_2_TOP,61049_2_TOP
"['metabolomics', 'metagenomics', 'natural organic matter']",['nmdc:sty-11-wyvany77'],nmdc:bsm-11-y256v537,61049_3_TOP,61049_3_TOP
"['metabolomics', 'metagenomics', 'natural organic matter']",['nmdc:sty-11-wyvany77'],nmdc:bsm-11-rtvwxh69,61049_3_BTM,61049_3_BTM
"['metabolomics', 'metagenomics', 'natural organic matter']",['nmdc:sty-11-wyvany77'],nmdc:bsm-11-5vh1aa87,61049_4_TOP,61049_4_TOP
"['metabolomics', 'metagenomics', 'natural organic matter']",['nmdc:sty-11-wyvany77'],nmdc:bsm-11-1btvb924,61049_5_TOP,61049_5_TOP
"['metabolomics', 'metagenomics', 'natural organic matter']",['nmdc:sty-11-wyvany77'],nmdc:bsm-11-hgx46x70,61049_6_TOP,61049_6_TOP
"['metabolomics', 'metagenomics', 'natural organic matter']",['nmdc:sty-11-wyvany77'],nmdc:bsm-11-ah50gd02,61049_6_BTM,61049_6_BTM
"['metabolomics', 'metagenomics', 'natural organic matter']",['nmdc:sty-11-wyvany77'],nmdc:bsm-11-qw6s9t11,61049_7_TOP,61049_7_TOP
"['metabolomics', 'metagenomics', 'natural organic matter']",['nmdc:sty-11-wyvany77'],nmdc:bsm-11-b9906r34,61049_8_BTM,61049_8_BTM
"['metabolomics', 'metagenomics', 'natural organic matter']",['nmdc:sty-11-wyvany77'],nmdc:bsm-11-19244570,61049_9_TOP,61049_9_TOP
"['metagenomics', 'natural organic matter', 'bulk chemistry']",['nmdc:sty-11-wyvany77'],nmdc:bsm-11-05mdkh17,61049_19_TOP,61049_19_TOP
"['metagenomics', 'natural organic matter', 'bulk chemistry']",['nmdc:sty-11-wyvany77'],nmdc:bsm-11-qq3hc637,61049_20_TOP,61049_20_TOP
"['metagenomics', 'natural organic matter', 'bulk chemistry']",['nmdc:sty-11-wyvany77'],nmdc:bsm-11-dkvnxt72,61049_18_TOP,61049_18_TOP
"['metagenomics', 'natural organic matter', 'bulk chemistry']",['nmdc:sty-11-wyvany77'],nmdc:bsm-11-mx0jjk39,61049_18_BTM,61049_18_BTM
"['metagenomics', 'bulk chemistry', 'natural organic matter']",['nmdc:sty-11-wyvany77'],nmdc:bsm-11-rxfwxp31,61049_21_TOP,61049_21_TOP
"['metagenomics', 'bulk chemistry', 'natural organic matter']",['nmdc:sty-11-wyvany77'],nmdc:bsm-11-xgz3fc84,61049_21_BTM,61049_21_BTM
"['metagenomics', 'bulk chemistry', 'natural organic matter']",['nmdc:sty-11-wyvany77'],nmdc:bsm-11-9qx74368,61049_14_TOP,61049_14_TOP
"['metagenomics', 'natural organic matter', 'bulk chemistry']",['nmdc:sty-11-wyvany77'],nmdc:bsm-11-wn4rxx38,61049_4_BTM,61049_4_BTM
"['metagenomics', 'natural organic matter', 'bulk chemistry']",['nmdc:sty-11-wyvany77'],nmdc:bsm-11-cef9rs92,61049_7_BTM,61049_7_BTM
"['metagenomics', 'natural organic matter', 'bulk chemistry']",['nmdc:sty-11-wyvany77'],nmdc:bsm-11-vfmjwx35,61049_9_BTM,61049_9_BTM
"['metagenomics', 'natural organic matter', 'bulk chemistry']",['nmdc:sty-11-wyvany77'],nmdc:bsm-11-vc8xkk08,61049_12_TOP,61049_12_TOP
"['metagenomics', 'natural organic matter', 'bulk chemistry']",['nmdc:sty-11-wyvany77'],nmdc:bsm-11-an628f34,61049_12_BTM,61049_12_BTM
"['metagenomics', 'natural organic matter', 'bulk chemistry']",['nmdc:sty-11-wyvany77'],nmdc:bsm-11-sxhpej47,61049_2_BTM,61049_2_BTM
"['metagenomics', 'natural organic matter', 'bulk chemistry']",['nmdc:sty-11-wyvany77'],nmdc:bsm-11-ma5bz206,61049_10_BTM,61049_10_BTM
"['metagenomics', 'natural organic matter', 'bulk chemistry']",['nmdc:sty-11-wyvany77'],nmdc:bsm-11-07b95859,61049_8_TOP,61049_8_TOP
"['metagenomics', 'natural organic matter', 'bulk chemistry']",['nmdc:sty-11-wyvany77'],nmdc:bsm-11-eem0d635,61049_24_TOP,61049_24_TOP
"['metagenomics', 'natural organic matter', 'bulk chemistry']",['nmdc:sty-11-wyvany77'],nmdc:bsm-11-0ta8f150,61049_24_BTM,61049_24_BTM
"['metagenomics', 'natural organic matter', 'bulk chemistry']",['nmdc:sty-11-wyvany77'],nmdc:bsm-11-j2bqtd32,61049_22_TOP,61049_22_TOP
"['metagenomics', 'natural organic matter', 'bulk chemistry']",['nmdc:sty-11-wyvany77'],nmdc:bsm-11-jnxmza95,61049_22_BTM,61049_22_BTM
"['natural organic matter', 'bulk chemistry']",['nmdc:sty-11-wyvany77'],nmdc:bsm-11-4nk38680,61049_1_BTM,61049_1_BTM
"['natural organic matter', 'bulk chemistry']",['nmdc:sty-11-wyvany77'],nmdc:bsm-11-e9ca4m59,61049_13_BTM,61049_13_BTM
"['natural organic matter', 'bulk chemistry']",['nmdc:sty-11-wyvany77'],nmdc:bsm-11-d3ty8j15,61049_5_BTM,61049_5_BTM
"['metabolomics', 'metagenomics', 'natural organic matter']",['nmdc:sty-11-q3tmtg70'],nmdc:bsm-11-t9rs4r83,60932_1_TOP,60932_1_TOP
"['metabolomics', 'metagenomics', 'natural organic matter']",['nmdc:sty-11-q3tmtg70'],nmdc:bsm-11-eghj3s55,60932_1_BTM,60932_1_BTM
"['metabolomics', 'metagenomics', 'natural organic matter']",['nmdc:sty-11-q3tmtg70'],nmdc:bsm-11-te4pw950,60932_2_TOP,60932_2_TOP
"['metabolomics', 'metagenomics', 'natural organic matter']",['nmdc:sty-11-q3tmtg70'],nmdc:bsm-11-1wvswr68,60932_2_BTM,60932_2_BTM
"['metabolomics', 'metagenomics', 'natural organic matter']",['nmdc:sty-11-q3tmtg70'],nmdc:bsm-11-bng5qs79,60932_3_TOP,60932_3_TOP
"['metabolomics', 'metagenomics', 'natural organic matter']",['nmdc:sty-11-q3tmtg70'],nmdc:bsm-11-cwyc6p58,60932_4_TOP,60932_4_TOP
"['metabolomics', 'metagenomics', 'natural organic matter']",['nmdc:sty-11-q3tmtg70'],nmdc:bsm-11-35hcx775,60932_4_BTM,60932_4_BTM
"['metabolomics', 'metagenomics', 'natural organic matter']",['nmdc:sty-11-q3tmtg70'],nmdc:bsm-11-dqq7a656,60932_5_TOP,60932_5_TOP
"['metabolomics', 'metagenomics', 'natural organic matter']",['nmdc:sty-11-q3tmtg70'],nmdc:bsm-11-cassjt43,60932_5_BTM,60932_5_BTM
"['metabolomics', 'metagenomics', 'natural organic matter']",['nmdc:sty-11-q3tmtg70'],nmdc:bsm-11-fhz04x18,60932_6_TOP,60932_6_TOP
"['metagenomics', 'natural organic matter', 'bulk chemistry']",['nmdc:sty-11-q3tmtg70'],nmdc:bsm-11-t482pe76,60932_6_BTM,60932_6_BTM
"['metagenomics', 'natural organic matter', 'bulk chemistry']",['nmdc:sty-11-q3tmtg70'],nmdc:bsm-11-8mc07y60,60932_3_BTM,60932_3_BTM
"['metabolomics', 'metagenomics', 'natural organic matter']",['nmdc:sty-11-100ar157'],nmdc:bsm-11-pfe5kz26,60938_1_TOP,60938_1_TOP
"['metabolomics', 'metagenomics', 'natural organic matter']",['nmdc:sty-11-100ar157'],nmdc:bsm-11-zeq2dn27,60938_1_BTM,60938_1_BTM
"['metabolomics', 'metagenomics', 'natural organic matter']",['nmdc:sty-11-100ar157'],nmdc:bsm-11-76wdhf89,60938_2_TOP,60938_2_TOP
"['metabolomics', 'metagenomics', 'natural organic matter']",['nmdc:sty-11-100ar157'],nmdc:bsm-11-7rvzdq65,60938_3_TOP,60938_3_TOP
"['metabolomics', 'metagenomics', 'natural organic matter']",['nmdc:sty-11-100ar157'],nmdc:bsm-11-sbp1kn62,60938_3_BTM,60938_3_BTM
"['metabolomics', 'metagenomics', 'natural organic matter']",['nmdc:sty-11-100ar157'],nmdc:bsm-11-hphxs123,60938_4_TOP,60938_4_TOP
"['metabolomics', 'metagenomics', 'natural organic matter']",['nmdc:sty-11-100ar157'],nmdc:bsm-11-7rb06p48,60938_4_BTM,60938_4_BTM
"['metabolomics', 'metagenomics', 'natural organic matter']",['nmdc:sty-11-100ar157'],nmdc:bsm-11-c4k60540,60938_5_TOP,60938_5_TOP
"['metabolomics', 'metagenomics', 'natural organic matter']",['nmdc:sty-11-100ar157'],nmdc:bsm-11-r095s137,60938_5_BTM,60938_5_BTM
"['metabolomics', 'metagenomics', 'natural organic matter']",['nmdc:sty-11-100ar157'],nmdc:bsm-11-nyqtyb09,60938_6_TOP,60938_6_TOP
"['metabolomics', 'metagenomics', 'natural organic matter']",['nmdc:sty-11-100ar157'],nmdc:bsm-11-btnka575,60938_6_BTM,60938_6_BTM
"['metagenomics', 'natural organic matter', 'bulk chemistry']",['nmdc:sty-11-100ar157'],nmdc:bsm-11-3qqrvy97,60938_2_BTM,60938_2_BTM
"['metabolomics', 'metagenomics', 'natural organic matter']",['nmdc:sty-11-172vbw04'],nmdc:bsm-11-m4kdmg08,60946_1_TOP,60946_1_TOP
"['metabolomics', 'metagenomics', 'natural organic matter']",['nmdc:sty-11-172vbw04'],nmdc:bsm-11-6kgp3e60,60946_1_BTM,60946_1_BTM
"['metabolomics', 'metagenomics', 'natural organic matter']",['nmdc:sty-11-172vbw04'],nmdc:bsm-11-w7a2v965,60946_2_TOP,60946_2_TOP
"['metagenomics', 'natural organic matter', 'bulk chemistry']",['nmdc:sty-11-172vbw04'],nmdc:bsm-11-2mzwjp41,60946_2_BTM,60946_2_BTM
"['metagenomics', 'natural organic matter', 'bulk chemistry']",['nmdc:sty-11-cjhggh77'],nmdc:bsm-11-bam3re75,61093_7_TOP,61093_7_TOP
"['metagenomics', 'natural organic matter', 'bulk chemistry']",['nmdc:sty-11-9axgph81'],nmdc:bsm-11-5f23j759,61254_9_TOP,61254_9_TOP
"['metagenomics', 'natural organic matter', 'bulk chemistry']",['nmdc:sty-11-9axgph81'],nmdc:bsm-11-93k86d86,61254_1_TOP,61254_1_TOP
"['metagenomics', 'natural organic matter', 'bulk chemistry']",['nmdc:sty-11-9axgph81'],nmdc:bsm-11-31qtmh07,61254_1_BTM,61254_1_BTM
"['metagenomics', 'natural organic matter', 'bulk chemistry']",['nmdc:sty-11-9axgph81'],nmdc:bsm-11-apq4hb49,61254_2_TOP,61254_2_TOP
"['metagenomics', 'natural organic matter', 'bulk chemistry']",['nmdc:sty-11-9axgph81'],nmdc:bsm-11-gc7wcd61,61254_2_BTM,61254_2_BTM
"['metagenomics', 'natural organic matter', 'bulk chemistry']",['nmdc:sty-11-9axgph81'],nmdc:bsm-11-1j3yf917,61254_3_TOP,61254_3_TOP
"['metagenomics', 'natural organic matter', 'bulk chemistry']",['nmdc:sty-11-9axgph81'],nmdc:bsm-11-20qp1h66,61254_3_BTM,61254_3_BTM
"['metagenomics', 'natural organic matter', 'bulk chemistry']",['nmdc:sty-11-9axgph81'],nmdc:bsm-11-fepjh941,61254_4_TOP,61254_4_TOP
"['metagenomics', 'natural organic matter', 'bulk chemistry']",['nmdc:sty-11-9axgph81'],nmdc:bsm-11-f385aa27,61254_4_BTM,61254_4_BTM
"['metagenomics', 'natural organic matter', 'bulk chemistry']",['nmdc:sty-11-9axgph81'],nmdc:bsm-11-7fbnmw05,61254_5_TOP,61254_5_TOP
"['metagenomics', 'natural organic matter', 'bulk chemistry']",['nmdc:sty-11-9axgph81'],nmdc:bsm-11-m06gf681,61254_5_BTM,61254_5_BTM
"['metagenomics', 'natural organic matter', 'bulk chemistry']",['nmdc:sty-11-9axgph81'],nmdc:bsm-11-cyb8eh55,61254_6_TOP,61254_6_TOP
"['metagenomics', 'natural organic matter', 'bulk chemistry']",['nmdc:sty-11-9axgph81'],nmdc:bsm-11-scnz8d90,61254_6_BTM,61254_6_BTM
"['metagenomics', 'natural organic matter', 'bulk chemistry']",['nmdc:sty-11-9axgph81'],nmdc:bsm-11-jy36tc10,61254_7_TOP,61254_7_TOP
"['metagenomics', 'natural organic matter', 'bulk chemistry']",['nmdc:sty-11-9axgph81'],nmdc:bsm-11-bqw39494,61254_7_BTM,61254_7_BTM
"['metagenomics', 'natural organic matter', 'bulk chemistry']",['nmdc:sty-11-9axgph81'],nmdc:bsm-11-yfecm295,61254_8_TOP,61254_8_TOP
"['metagenomics', 'natural organic matter', 'bulk chemistry']",['nmdc:sty-11-9axgph81'],nmdc:bsm-11-xrq97b83,61254_8_BTM,61254_8_BTM
"['metagenomics', 'natural organic matter', 'bulk chemistry']",['nmdc:sty-11-fxak8m83'],nmdc:bsm-11-s35rb273,61258_1_TOP,61258_1_TOP
"['metagenomics', 'natural organic matter', 'bulk chemistry']",['nmdc:sty-11-fxak8m83'],nmdc:bsm-11-jd2mw069,61258_1_BTM,61258_1_BTM
"['metagenomics', 'natural organic matter', 'bulk chemistry']",['nmdc:sty-11-fxak8m83'],nmdc:bsm-11-gk42ax55,61258_2_TOP,61258_2_TOP
"['metagenomics', 'natural organic matter', 'bulk chemistry']",['nmdc:sty-11-fxak8m83'],nmdc:bsm-11-7586ra86,61258_2_BTM,61258_2_BTM
"['metagenomics', 'natural organic matter', 'bulk chemistry']",['nmdc:sty-11-fxak8m83'],nmdc:bsm-11-e6scp472,61258_4_TOP,61258_4_TOP
"['metagenomics', 'natural organic matter', 'bulk chemistry']",['nmdc:sty-11-fxak8m83'],nmdc:bsm-11-v0kk5z60,61258_4_BTM,61258_4_BTM
"['metagenomics', 'natural organic matter', 'bulk chemistry']",['nmdc:sty-11-ynr22a68'],nmdc:bsm-11-dzamtz52,61414_5_TOP,61414_5_TOP
"['metagenomics', 'natural organic matter', 'bulk chemistry']",['nmdc:sty-11-ynr22a68'],nmdc:bsm-11-3rfq8d35,61414_6_TOP,61414_6_TOP
"['metagenomics', 'natural organic matter', 'bulk chemistry']",['nmdc:sty-11-ynr22a68'],nmdc:bsm-11-08qqv698,61414_7_TOP,61414_7_TOP
"['metagenomics', 'natural organic matter', 'bulk chemistry']",['nmdc:sty-11-ynr22a68'],nmdc:bsm-11-xfypek52,61414_8_TOP,61414_8_TOP
"['metagenomics', 'natural organic matter', 'bulk chemistry']",['nmdc:sty-11-ynr22a68'],nmdc:bsm-11-pm1heh43,61414_8_BTM,61414_8_BTM
