id,name,samp_name,analysis_type
nmdc:bsm-11-32std723,BLAN_032-M-31.5-18.5-20190702-ga1,BLAN_032-M-31.5-18.5-20190702-ga1,['metagenomics']
nmdc:bsm-11-r4d0xe83,SERC_044-M-3-36-20190723-ga4,SERC_044-M-3-36-20190723-ga4,['metagenomics']
nmdc:bsm-11-hn2hpr36,OSBS_031-M-6.5-6-20190701-ga2,OSBS_031-M-6.5-6-20190701-ga2,['metagenomics']
nmdc:bsm-11-9dp2sw44,STEI_053-M-7-39.5-20190618-ga1,STEI_053-M-7-39.5-20190618-ga1,['metagenomics']
nmdc:bsm-11-8js7j347,TREE_041-M-5.5-30-20190617-ga2,TREE_041-M-5.5-30-20190617-ga2,['metagenomics']
nmdc:bsm-11-9a0gcs33,KONZ_042-M-15.5-37-20190716-ga2,KONZ_042-M-15.5-37-20190716-ga2,['metagenomics']
nmdc:bsm-11-838zcw86,GRSM_055-M-12-2-20190716-ga2,GRSM_055-M-12-2-20190716-ga2,['metagenomics']
nmdc:bsm-11-9sf4nk22,MLBS_067-M-2-9.5-20190820-ga2,MLBS_067-M-2-9.5-20190820-ga2,['metagenomics']
nmdc:bsm-11-v32czv66,TALL_044-M-32-9-20190617-ga2,TALL_044-M-32-9-20190617-ga2,['metagenomics']
nmdc:bsm-11-drgkcz68,NOGP_065-M-26.5-15.5-20190709-ga2,NOGP_065-M-26.5-15.5-20190709-ga2,['metagenomics']
nmdc:bsm-11-kegkxd64,DCFS_067-M-31-4.5-20190724-ga2,DCFS_067-M-31-4.5-20190724-ga2,['metagenomics']
nmdc:bsm-11-wn9j1v94,CPER_046-M-21-3-20190624-ga3,CPER_046-M-21-3-20190624-ga3,['metagenomics']
nmdc:bsm-11-k1chks69,RMNP_043-M-32-30.5-20190725-ga2,RMNP_043-M-32-30.5-20190725-ga2,['metagenomics']
nmdc:bsm-11-54k4eb27,NIWO_043-M-10-1.5-20190805-ga5,NIWO_043-M-10-1.5-20190805-ga5,['metagenomics']
nmdc:bsm-11-7pg22p26,WREF_072-M-17.5-38-20190618-ga2,WREF_072-M-17.5-38-20190618-ga2,['metagenomics']
nmdc:bsm-11-nz264m07,ABBY_070-M-17.5-2-20190702-ga2,ABBY_070-M-17.5-2-20190702-ga2,['metagenomics']
nmdc:bsm-11-y902ym53,SOAP_045-M-37-16-20190529-ga5,SOAP_045-M-37-16-20190529-ga5,['metagenomics']
nmdc:bsm-11-xjd8t932,EMSL 1 ABBY_A_PRE_NotGr_NA_NA,EMSL 1 ABBY_A_PRE_NotGr_NA_NA,"['metabolomics', 'metaproteomics', 'natural organic matter']"
nmdc:bsm-11-pmcm6s22,EMSL 2 BARR_Oaf_PRE_NotGr_NA_NA,EMSL 2 BARR_Oaf_PRE_NotGr_NA_NA,"['metabolomics', 'metaproteomics', 'natural organic matter']"
nmdc:bsm-11-dgpxax84,EMSL 3 BLAN_Ap1_PRE_NotGr_NA_NA,EMSL 3 BLAN_Ap1_PRE_NotGr_NA_NA,"['metabolomics', 'metaproteomics', 'natural organic matter']"
nmdc:bsm-11-447q1c62,EMSL 4 BONA_Oea_PRE_NotGr_NA_NA,EMSL 4 BONA_Oea_PRE_NotGr_NA_NA,"['metabolomics', 'metaproteomics', 'natural organic matter']"
nmdc:bsm-11-hb183j67,EMSL 5 CLBJ_A1_PRE_NotGr_NA_NA,EMSL 5 CLBJ_A1_PRE_NotGr_NA_NA,"['metabolomics', 'metaproteomics', 'natural organic matter']"
nmdc:bsm-11-kfxsah36,EMSL 6 CPER_A1_PRE_NotGr_NA_NA,EMSL 6 CPER_A1_PRE_NotGr_NA_NA,"['metabolomics', 'metaproteomics', 'natural organic matter']"
nmdc:bsm-11-jv4z8645,EMSL 7 DCFS_A1_PRE_NotGr_NA_NA,EMSL 7 DCFS_A1_PRE_NotGr_NA_NA,"['metabolomics', 'metaproteomics', 'natural organic matter']"
nmdc:bsm-11-2a214q05,EMSL 8 DELA_A_PRE_NotGr_NA_NA,EMSL 8 DELA_A_PRE_NotGr_NA_NA,"['metabolomics', 'metaproteomics', 'natural organic matter']"
nmdc:bsm-11-1fcma647,EMSL 9 DSNY_A_PRE_NotGr_NA_NA,EMSL 9 DSNY_A_PRE_NotGr_NA_NA,"['metabolomics', 'metaproteomics', 'natural organic matter']"
nmdc:bsm-11-v9wwsa76,EMSL 10 GRSM_A_PRE_NotGr_NA_NA,EMSL 10 GRSM_A_PRE_NotGr_NA_NA,"['metabolomics', 'metaproteomics', 'natural organic matter']"
nmdc:bsm-11-57n0am19,EMSL 11 HEAL_Oae_PRE_NotGr_NA_NA,EMSL 11 HEAL_Oae_PRE_NotGr_NA_NA,"['metabolomics', 'metaproteomics', 'natural organic matter']"
nmdc:bsm-11-x6051v50,EMSL 12 JORN_Ak_PRE_NotGr_NA_NA,EMSL 12 JORN_Ak_PRE_NotGr_NA_NA,"['metabolomics', 'metaproteomics', 'natural organic matter']"
nmdc:bsm-11-czpa0a23,EMSL 13 KONZ_A1_PRE_NotGr_NA_NA,EMSL 13 KONZ_A1_PRE_NotGr_NA_NA,"['metabolomics', 'metaproteomics', 'natural organic matter']"
nmdc:bsm-11-kypvs876,EMSL 14 MLBS_A_PRE_NotGr_NA_NA,EMSL 14 MLBS_A_PRE_NotGr_NA_NA,"['metabolomics', 'metaproteomics', 'natural organic matter']"
nmdc:bsm-11-37ythp65,EMSL 15 MOAB_A_PRE_NotGr_NA_NA,EMSL 15 MOAB_A_PRE_NotGr_NA_NA,"['metabolomics', 'metaproteomics', 'natural organic matter']"
nmdc:bsm-11-z2299p05,EMSL 16 NGPR_A_PRE_NotGr_NA_NA,EMSL 16 NGPR_A_PRE_NotGr_NA_NA,"['metabolomics', 'metaproteomics', 'natural organic matter']"
nmdc:bsm-11-188dzv79,EMSL 17 NIWO_A_PRE_NotGr_NA_NA,EMSL 17 NIWO_A_PRE_NotGr_NA_NA,"['metabolomics', 'metaproteomics', 'natural organic matter']"
nmdc:bsm-11-cxebp875,EMSL 18 OSBS_A_PRE_NotGr_NA_NA,EMSL 18 OSBS_A_PRE_NotGr_NA_NA,"['metabolomics', 'metaproteomics', 'natural organic matter']"
nmdc:bsm-11-v9e14793,EMSL 19 RMNP_A1_PRE_NotGr_NA_NA,EMSL 19 RMNP_A1_PRE_NotGr_NA_NA,"['metabolomics', 'metaproteomics', 'natural organic matter']"
nmdc:bsm-11-s5hdh733,EMSL 20 SERC_A_PRE_NotGr_NA_NA,EMSL 20 SERC_A_PRE_NotGr_NA_NA,"['metabolomics', 'metaproteomics', 'natural organic matter']"
nmdc:bsm-11-bbsdg778,EMSL 21 SJER_A_PRE_NotGr_NA_NA,EMSL 21 SJER_A_PRE_NotGr_NA_NA,"['metabolomics', 'metaproteomics', 'natural organic matter']"
nmdc:bsm-11-zz785q05,EMSL 22 SOAP_A_PRE_NotGr_NA_NA,EMSL 22 SOAP_A_PRE_NotGr_NA_NA,"['metabolomics', 'metaproteomics', 'natural organic matter']"
nmdc:bsm-11-m7137540,EMSL 23 STEI_A1_PRE_NotGr_NA_NA,EMSL 23 STEI_A1_PRE_NotGr_NA_NA,"['metabolomics', 'metaproteomics', 'natural organic matter']"
nmdc:bsm-11-t7eq2555,EMSL 24 TALL_A1_PRE_NotGr_NA_NA,EMSL 24 TALL_A1_PRE_NotGr_NA_NA,"['metabolomics', 'metaproteomics', 'natural organic matter']"
nmdc:bsm-11-5pr0md39,EMSL 25 TREE_A1_PRE_NotGr_NA_NA,EMSL 25 TREE_A1_PRE_NotGr_NA_NA,"['metabolomics', 'metaproteomics', 'natural organic matter']"
nmdc:bsm-11-3tk5be27,EMSL 26 UNDE_A_PRE_NotGr_NA_NA,EMSL 26 UNDE_A_PRE_NotGr_NA_NA,"['metabolomics', 'metaproteomics', 'natural organic matter']"
nmdc:bsm-11-81nkhg93,EMSL 27 WREF_A1_PRE_NotGr_NA_NA,EMSL 27 WREF_A1_PRE_NotGr_NA_NA,"['metabolomics', 'metaproteomics', 'natural organic matter']"
nmdc:bsm-11-t2j2tb83,EMSL 37 ABBY_A_POST_NotGr_MST_33,EMSL 37 ABBY_A_POST_NotGr_MST_33,"['metabolomics', 'metaproteomics', 'natural organic matter']"
nmdc:bsm-11-g55mqq95,EMSL 38 BARR_Oaf_POST_NotGr_MST_33,EMSL 38 BARR_Oaf_POST_NotGr_MST_33,"['metabolomics', 'metaproteomics', 'natural organic matter']"
nmdc:bsm-11-0n65yd98,EMSL 39 BLAN_Ap1_POST_NotGr_MST_33,EMSL 39 BLAN_Ap1_POST_NotGr_MST_33,"['metabolomics', 'metaproteomics', 'natural organic matter']"
nmdc:bsm-11-89sqhh96,EMSL 40 BONA_Oea_POST_NotGr_MST_33,EMSL 40 BONA_Oea_POST_NotGr_MST_33,"['metabolomics', 'metaproteomics', 'natural organic matter']"
nmdc:bsm-11-2cj4cf88,EMSL 41 CLBJ_A1_POST_NotGr_MST_33,EMSL 41 CLBJ_A1_POST_NotGr_MST_33,"['metabolomics', 'metaproteomics', 'natural organic matter']"
nmdc:bsm-11-9hpkqy23,EMSL 42 CPER_A1_POST_NotGr_MST_33,EMSL 42 CPER_A1_POST_NotGr_MST_33,"['metabolomics', 'metaproteomics', 'natural organic matter']"
nmdc:bsm-11-mzz92d33,EMSL 43 DCFS_A1_POST_NotGr_MST_33,EMSL 43 DCFS_A1_POST_NotGr_MST_33,"['metabolomics', 'metaproteomics', 'natural organic matter']"
nmdc:bsm-11-zjb1z714,EMSL 44 DELA_A_POST_NotGr_MST_33,EMSL 44 DELA_A_POST_NotGr_MST_33,"['metabolomics', 'metaproteomics', 'natural organic matter']"
nmdc:bsm-11-8bg8gj60,EMSL 45 DSNY_A_POST_NotGr_MST_33,EMSL 45 DSNY_A_POST_NotGr_MST_33,"['metabolomics', 'metaproteomics', 'natural organic matter']"
nmdc:bsm-11-262q3j19,EMSL 46 GRSM_A_POST_NotGr_MST_33,EMSL 46 GRSM_A_POST_NotGr_MST_33,"['metabolomics', 'metaproteomics', 'natural organic matter']"
nmdc:bsm-11-56ck4y26,EMSL 47 HEAL_Oae_POST_NotGr_MST_33,EMSL 47 HEAL_Oae_POST_NotGr_MST_33,"['metabolomics', 'metaproteomics', 'natural organic matter']"
nmdc:bsm-11-ypsg5973,EMSL 48 JORN_Ak_POST_NotGr_MST_33,EMSL 48 JORN_Ak_POST_NotGr_MST_33,"['metabolomics', 'metaproteomics', 'natural organic matter']"
nmdc:bsm-11-8e8v8k74,EMSL 49 KONZ_A1_POST_NotGr_MST_33,EMSL 49 KONZ_A1_POST_NotGr_MST_33,"['metabolomics', 'metaproteomics', 'natural organic matter']"
nmdc:bsm-11-0vgkpt58,EMSL 50 MLBS_A_POST_NotGr_MST_33,EMSL 50 MLBS_A_POST_NotGr_MST_33,"['metabolomics', 'metaproteomics', 'natural organic matter']"
nmdc:bsm-11-aw9xpa90,EMSL 51 MOAB_A_POST_NotGr_MST_33,EMSL 51 MOAB_A_POST_NotGr_MST_33,"['metabolomics', 'metaproteomics', 'natural organic matter']"
nmdc:bsm-11-v2kqzp11,EMSL 52 NGPR_A_POST_NotGr_MST_33,EMSL 52 NGPR_A_POST_NotGr_MST_33,"['metabolomics', 'metaproteomics', 'natural organic matter']"
nmdc:bsm-11-1mgzn748,EMSL 53 NIWO_A_POST_NotGr_MST_33,EMSL 53 NIWO_A_POST_NotGr_MST_33,"['metabolomics', 'metaproteomics', 'natural organic matter']"
nmdc:bsm-11-6m5pgr13,EMSL 54 OSBS_A_POST_NotGr_MST_33,EMSL 54 OSBS_A_POST_NotGr_MST_33,"['metabolomics', 'metaproteomics', 'natural organic matter']"
nmdc:bsm-11-7dmzve23,EMSL 55 RMNP_A1_POST_NotGr_MST_33,EMSL 55 RMNP_A1_POST_NotGr_MST_33,"['metabolomics', 'metaproteomics', 'natural organic matter']"
nmdc:bsm-11-zd1wbz45,EMSL 56 SERC_A_POST_NotGr_MST_33,EMSL 56 SERC_A_POST_NotGr_MST_33,"['metabolomics', 'metaproteomics', 'natural organic matter']"
nmdc:bsm-11-ddcg6623,EMSL 57 SJER_A_POST_NotGr_MST_33,EMSL 57 SJER_A_POST_NotGr_MST_33,"['metabolomics', 'metaproteomics', 'natural organic matter']"
nmdc:bsm-11-ybyjz464,EMSL 58 SOAP_A_POST_NotGr_MST_33,EMSL 58 SOAP_A_POST_NotGr_MST_33,"['metabolomics', 'metaproteomics', 'natural organic matter']"
nmdc:bsm-11-kvxpkn12,EMSL 59 STEI_A1_POST_NotGr_MST_33,EMSL 59 STEI_A1_POST_NotGr_MST_33,"['metabolomics', 'metaproteomics', 'natural organic matter']"
nmdc:bsm-11-bm3k2w07,EMSL 60 TALL_A1_POST_NotGr_MST_33,EMSL 60 TALL_A1_POST_NotGr_MST_33,"['metabolomics', 'metaproteomics', 'natural organic matter']"
nmdc:bsm-11-8qr96b28,EMSL 61 TREE_A1_POST_NotGr_MST_33,EMSL 61 TREE_A1_POST_NotGr_MST_33,"['metabolomics', 'metaproteomics', 'natural organic matter']"
nmdc:bsm-11-8gy0dx46,EMSL 62 UNDE_A_POST_NotGr_MST_33,EMSL 62 UNDE_A_POST_NotGr_MST_33,"['metabolomics', 'metaproteomics', 'natural organic matter']"
nmdc:bsm-11-bm60ch89,EMSL 63 WREF_A1_POST_NotGr_MST_33,EMSL 63 WREF_A1_POST_NotGr_MST_33,"['metabolomics', 'metaproteomics', 'natural organic matter']"
nmdc:bsm-11-3ekzh153,EMSL 64 ABBY_A_POST_NotGr_MST+5_33,EMSL 64 ABBY_A_POST_NotGr_MST+5_33,"['metabolomics', 'metaproteomics', 'natural organic matter']"
nmdc:bsm-11-kag46n94,EMSL 65 BARR_Oaf_POST_NotGr_MST+5_33,EMSL 65 BARR_Oaf_POST_NotGr_MST+5_33,"['metabolomics', 'metaproteomics', 'natural organic matter']"
nmdc:bsm-11-kh27cs78,EMSL 66 BLAN_Ap1_POST_NotGr_MST+5_33,EMSL 66 BLAN_Ap1_POST_NotGr_MST+5_33,"['metabolomics', 'metaproteomics', 'natural organic matter']"
nmdc:bsm-11-x462mz30,EMSL 67 BONA_Oea_POST_NotGr_MST+5_33,EMSL 67 BONA_Oea_POST_NotGr_MST+5_33,"['metabolomics', 'metaproteomics', 'natural organic matter']"
nmdc:bsm-11-ea81mj44,EMSL 68 CLBJ_A1_POST_NotGr_MST+5_33,EMSL 68 CLBJ_A1_POST_NotGr_MST+5_33,"['metabolomics', 'metaproteomics', 'natural organic matter']"
nmdc:bsm-11-fs0nam69,EMSL 69 CPER_A1_POST_NotGr_MST+5_33,EMSL 69 CPER_A1_POST_NotGr_MST+5_33,"['metabolomics', 'metaproteomics', 'natural organic matter']"
nmdc:bsm-11-mt7hs697,EMSL 70 DCFS_A1_POST_NotGr_MST+5_33,EMSL 70 DCFS_A1_POST_NotGr_MST+5_33,"['metabolomics', 'metaproteomics', 'natural organic matter']"
nmdc:bsm-11-hmwb5933,EMSL 71 DELA_A_POST_NotGr_MST+5_33,EMSL 71 DELA_A_POST_NotGr_MST+5_33,"['metabolomics', 'metaproteomics', 'natural organic matter']"
nmdc:bsm-11-pywm3v18,EMSL 72 DSNY_A_POST_NotGr_MST+5_33,EMSL 72 DSNY_A_POST_NotGr_MST+5_33,"['metabolomics', 'metaproteomics', 'natural organic matter']"
nmdc:bsm-11-rgvr4244,EMSL 73 GRSM_A_POST_NotGr_MST+5_33,EMSL 73 GRSM_A_POST_NotGr_MST+5_33,"['metabolomics', 'metaproteomics', 'natural organic matter']"
nmdc:bsm-11-0545zh73,EMSL 74 HEAL_Oae_POST_NotGr_MST+5_33,EMSL 74 HEAL_Oae_POST_NotGr_MST+5_33,"['metabolomics', 'metaproteomics', 'natural organic matter']"
nmdc:bsm-11-w1s6zj21,EMSL 75 JORN_Ak_POST_NotGr_MST+5_33,EMSL 75 JORN_Ak_POST_NotGr_MST+5_33,"['metabolomics', 'metaproteomics', 'natural organic matter']"
nmdc:bsm-11-rn50jw68,EMSL 76 KONZ_A1_POST_NotGr_MST+5_33,EMSL 76 KONZ_A1_POST_NotGr_MST+5_33,"['metabolomics', 'metaproteomics', 'natural organic matter']"
nmdc:bsm-11-pw5qbt83,EMSL 77 MLBS_A_POST_NotGr_MST+5_33,EMSL 77 MLBS_A_POST_NotGr_MST+5_33,"['metabolomics', 'metaproteomics', 'natural organic matter']"
nmdc:bsm-11-f744kg86,EMSL 78 MOAB_A_POST_NotGr_MST+5_33,EMSL 78 MOAB_A_POST_NotGr_MST+5_33,"['metabolomics', 'metaproteomics', 'natural organic matter']"
nmdc:bsm-11-feb57406,EMSL 79 NGPR_A_POST_NotGr_MST+5_33,EMSL 79 NGPR_A_POST_NotGr_MST+5_33,"['metabolomics', 'metaproteomics', 'natural organic matter']"
nmdc:bsm-11-srrzgw96,EMSL 80 NIWO_A_POST_NotGr_MST+5_33,EMSL 80 NIWO_A_POST_NotGr_MST+5_33,"['metabolomics', 'metaproteomics', 'natural organic matter']"
nmdc:bsm-11-k3ms3q32,EMSL 81 OSBS_A_POST_NotGr_MST+5_33,EMSL 81 OSBS_A_POST_NotGr_MST+5_33,"['metabolomics', 'metaproteomics', 'natural organic matter']"
nmdc:bsm-11-jexdz609,EMSL 82 RMNP_A1_POST_NotGr_MST+5_33,EMSL 82 RMNP_A1_POST_NotGr_MST+5_33,"['metabolomics', 'metaproteomics', 'natural organic matter']"
nmdc:bsm-11-2aew5811,EMSL 83 SERC_A_POST_NotGr_MST+5_33,EMSL 83 SERC_A_POST_NotGr_MST+5_33,"['metabolomics', 'metaproteomics', 'natural organic matter']"
nmdc:bsm-11-1nkycf30,EMSL 84 SJER_A_POST_NotGr_MST+5_33,EMSL 84 SJER_A_POST_NotGr_MST+5_33,"['metabolomics', 'metaproteomics', 'natural organic matter']"
nmdc:bsm-11-anhff417,EMSL 85 SOAP_A_POST_NotGr_MST+5_33,EMSL 85 SOAP_A_POST_NotGr_MST+5_33,"['metabolomics', 'metaproteomics', 'natural organic matter']"
nmdc:bsm-11-jwsqte26,EMSL 86 STEI_A1_POST_NotGr_MST+5_33,EMSL 86 STEI_A1_POST_NotGr_MST+5_33,"['metabolomics', 'metaproteomics', 'natural organic matter']"
nmdc:bsm-11-f3ebmn35,EMSL 87 TALL_A1_POST_NotGr_MST+5_33,EMSL 87 TALL_A1_POST_NotGr_MST+5_33,"['metabolomics', 'metaproteomics', 'natural organic matter']"
nmdc:bsm-11-ha7xvb59,EMSL 88 TREE_A1_POST_NotGr_MST+5_33,EMSL 88 TREE_A1_POST_NotGr_MST+5_33,"['metabolomics', 'metaproteomics', 'natural organic matter']"
nmdc:bsm-11-c71sq339,EMSL 89 UNDE_A_POST_NotGr_MST+5_33,EMSL 89 UNDE_A_POST_NotGr_MST+5_33,"['metabolomics', 'metaproteomics', 'natural organic matter']"
nmdc:bsm-11-g8qs8k06,EMSL 90 WREF_A1_POST_NotGr_MST+5_33,EMSL 90 WREF_A1_POST_NotGr_MST+5_33,"['metabolomics', 'metaproteomics', 'natural organic matter']"
