raw_data_identifier,biosample_id,biosample_name,material_processing_protocol_id,match_confidence,processedsample_placeholder
60009_Miesel_ABBY_22_Pro_f01_4July23_Arwen_WBEH-23-03-03.raw,nmdc:bsm-11-xjd8t932,EMSL 1 ABBY_A_PRE_NotGr_NA_NA,Proteomics,high,ProcessedSample8_Prot
60009_Miesel_ABBY_22_Pro_f02_4July23_Arwen_WBEH-23-03-03.raw,nmdc:bsm-11-xjd8t932,EMSL 1 ABBY_A_PRE_NotGr_NA_NA,Proteomics,high,ProcessedSample9_Prot
60009_Miesel_ABBY_22_Pro_f03_4July23_Arwen_WBEH-23-03-03.raw,nmdc:bsm-11-xjd8t932,EMSL 1 ABBY_A_PRE_NotGr_NA_NA,Proteomics,high,ProcessedSample10_Prot
60009_Miesel_ABBY_22_Pro_f04_4July23_Arwen_WBEH-23-03-03.raw,nmdc:bsm-11-xjd8t932,EMSL 1 ABBY_A_PRE_NotGr_NA_NA,Proteomics,high,ProcessedSample11_Prot
60009_Miesel_ABBY_22_Pro_f05_4July23_Arwen_WBEH-23-03-03.raw,nmdc:bsm-11-xjd8t932,EMSL 1 ABBY_A_PRE_NotGr_NA_NA,Proteomics,high,ProcessedSample12_Prot
60009_Miesel_ABBY_22_Pro_f06_4July23_Arwen_WBEH-23-03-03.raw,nmdc:bsm-11-xjd8t932,EMSL 1 ABBY_A_PRE_NotGr_NA_NA,Proteomics,high,ProcessedSample13_Prot
60009_Miesel_ABBY_whole_22_02Oct23_Pippin_WBEH-23-05-17.raw,nmdc:bsm-11-xjd8t932,EMSL 1 ABBY_A_PRE_NotGr_NA_NA,Proteomics,high,ProcessedSample7_Prot
60009_Miesel_BARR_25_Pro_f01_12July23_Arwen_WBEH-23-03-03.raw,nmdc:bsm-11-pmcm6s22,EMSL 2 BARR_Oaf_PRE_NotGr_NA_NA,Proteomics,high,ProcessedSample8_Prot
60009_Miesel_BARR_25_Pro_f02_12July23_Arwen_WBEH-23-03-03.raw,nmdc:bsm-11-pmcm6s22,EMSL 2 BARR_Oaf_PRE_NotGr_NA_NA,Proteomics,high,ProcessedSample9_Prot
60009_Miesel_BARR_25_Pro_f03_12July23_Arwen_WBEH-23-03-03.raw,nmdc:bsm-11-pmcm6s22,EMSL 2 BARR_Oaf_PRE_NotGr_NA_NA,Proteomics,high,ProcessedSample10_Prot
60009_Miesel_BARR_25_Pro_f04_12July23_Arwen_WBEH-23-03-03.raw,nmdc:bsm-11-pmcm6s22,EMSL 2 BARR_Oaf_PRE_NotGr_NA_NA,Proteomics,high,ProcessedSample11_Prot
60009_Miesel_BARR_25_Pro_f05_12July23_Arwen_WBEH-23-03-03.raw,nmdc:bsm-11-pmcm6s22,EMSL 2 BARR_Oaf_PRE_NotGr_NA_NA,Proteomics,high,ProcessedSample12_Prot
60009_Miesel_BARR_25_Pro_f06_12July23_Arwen_WBEH-23-03-03.raw,nmdc:bsm-11-pmcm6s22,EMSL 2 BARR_Oaf_PRE_NotGr_NA_NA,Proteomics,high,ProcessedSample13_Prot
60009_Miesel_BARR_whole_25_02Oct23_Pippin_WBEH-23-05-17.raw,nmdc:bsm-11-pmcm6s22,EMSL 2 BARR_Oaf_PRE_NotGr_NA_NA,Proteomics,high,ProcessedSample7_Prot
60009_Miesel_BLAN_07_Pro_f01_16Jun23_Arwen_WBEH-unknown.raw,nmdc:bsm-11-dgpxax84,EMSL 3 BLAN_Ap1_PRE_NotGr_NA_NA,Proteomics,high,ProcessedSample8_Prot
60009_Miesel_BLAN_07_Pro_f02_16Jun23_Arwen_WBEH-unknown.raw,nmdc:bsm-11-dgpxax84,EMSL 3 BLAN_Ap1_PRE_NotGr_NA_NA,Proteomics,high,ProcessedSample9_Prot
60009_Miesel_BLAN_07_Pro_f03_16Jun23_Arwen_WBEH-unknown.raw,nmdc:bsm-11-dgpxax84,EMSL 3 BLAN_Ap1_PRE_NotGr_NA_NA,Proteomics,high,ProcessedSample10_Prot
60009_Miesel_BLAN_07_Pro_f04_16Jun23_Arwen_WBEH-unknown.raw,nmdc:bsm-11-dgpxax84,EMSL 3 BLAN_Ap1_PRE_NotGr_NA_NA,Proteomics,high,ProcessedSample11_Prot
60009_Miesel_BLAN_07_Pro_f05_16Jun23_Arwen_WBEH-unknown.raw,nmdc:bsm-11-dgpxax84,EMSL 3 BLAN_Ap1_PRE_NotGr_NA_NA,Proteomics,high,ProcessedSample12_Prot
60009_Miesel_BLAN_07_Pro_f06_16Jun23_Arwen_WBEH-unknown.raw,nmdc:bsm-11-dgpxax84,EMSL 3 BLAN_Ap1_PRE_NotGr_NA_NA,Proteomics,high,ProcessedSample13_Prot
60009_Miesel_BLAN_whole_07_30Sep23_Pippin_WBEH-23-05-17.raw,nmdc:bsm-11-dgpxax84,EMSL 3 BLAN_Ap1_PRE_NotGr_NA_NA,Proteomics,high,ProcessedSample7_Prot
60009_Miesel_BONA_26_Pro_f01_12July23_Arwen_WBEH-23-03-03.raw,nmdc:bsm-11-447q1c62,EMSL 4 BONA_Oea_PRE_NotGr_NA_NA,Proteomics,high,ProcessedSample8_Prot
60009_Miesel_BONA_26_Pro_f02_12July23_Arwen_WBEH-23-03-03.raw,nmdc:bsm-11-447q1c62,EMSL 4 BONA_Oea_PRE_NotGr_NA_NA,Proteomics,high,ProcessedSample9_Prot
60009_Miesel_BONA_26_Pro_f03_12July23_Arwen_WBEH-23-03-03.raw,nmdc:bsm-11-447q1c62,EMSL 4 BONA_Oea_PRE_NotGr_NA_NA,Proteomics,high,ProcessedSample10_Prot
60009_Miesel_BONA_26_Pro_f04_12July23_Arwen_WBEH-23-03-03.raw,nmdc:bsm-11-447q1c62,EMSL 4 BONA_Oea_PRE_NotGr_NA_NA,Proteomics,high,ProcessedSample11_Prot
60009_Miesel_BONA_26_Pro_f05_12July23_Arwen_WBEH-23-03-03.raw,nmdc:bsm-11-447q1c62,EMSL 4 BONA_Oea_PRE_NotGr_NA_NA,Proteomics,high,ProcessedSample12_Prot
60009_Miesel_BONA_26_Pro_f06_12July23_Arwen_WBEH-23-03-03.raw,nmdc:bsm-11-447q1c62,EMSL 4 BONA_Oea_PRE_NotGr_NA_NA,Proteomics,high,ProcessedSample13_Prot
60009_Miesel_BONA_whole_26_02Oct23_Pippin_WBEH-23-05-17.raw,nmdc:bsm-11-447q1c62,EMSL 4 BONA_Oea_PRE_NotGr_NA_NA,Proteomics,high,ProcessedSample7_Prot
60009_Miesel_CLBJ_06_Pro_f01_16Jun23_Arwen_WBEH-unknown.raw,nmdc:bsm-11-hb183j67,EMSL 5 CLBJ_A1_PRE_NotGr_NA_NA,Proteomics,high,ProcessedSample8_Prot
60009_Miesel_CLBJ_06_Pro_f02_16Jun23_Arwen_WBEH-unknown.raw,nmdc:bsm-11-hb183j67,EMSL 5 CLBJ_A1_PRE_NotGr_NA_NA,Proteomics,high,ProcessedSample9_Prot
60009_Miesel_CLBJ_06_Pro_f03_16Jun23_Arwen_WBEH-unknown.raw,nmdc:bsm-11-hb183j67,EMSL 5 CLBJ_A1_PRE_NotGr_NA_NA,Proteomics,high,ProcessedSample10_Prot
60009_Miesel_CLBJ_06_Pro_f04_16Jun23_Arwen_WBEH-unknown.raw,nmdc:bsm-11-hb183j67,EMSL 5 CLBJ_A1_PRE_NotGr_NA_NA,Proteomics,high,ProcessedSample11_Prot
60009_Miesel_CLBJ_06_Pro_f05_16Jun23_Arwen_WBEH-unknown.raw,nmdc:bsm-11-hb183j67,EMSL 5 CLBJ_A1_PRE_NotGr_NA_NA,Proteomics,high,ProcessedSample12_Prot
60009_Miesel_CLBJ_06_Pro_f06_16Jun23_Arwen_WBEH-unknown.raw,nmdc:bsm-11-hb183j67,EMSL 5 CLBJ_A1_PRE_NotGr_NA_NA,Proteomics,high,ProcessedSample13_Prot
60009_Miesel_CLBJ_whole_06_30Sep23_Pippin_WBEH-23-05-17.raw,nmdc:bsm-11-hb183j67,EMSL 5 CLBJ_A1_PRE_NotGr_NA_NA,Proteomics,high,ProcessedSample7_Prot
60009_Miesel_CPER_04_Pro_f01_12Jun23_Arwen_WBEH-unknown.raw,nmdc:bsm-11-kfxsah36,EMSL 6 CPER_A1_PRE_NotGr_NA_NA,Proteomics,high,ProcessedSample8_Prot
60009_Miesel_CPER_04_Pro_f02_12Jun23_Arwen_WBEH-unknown.raw,nmdc:bsm-11-kfxsah36,EMSL 6 CPER_A1_PRE_NotGr_NA_NA,Proteomics,high,ProcessedSample9_Prot
60009_Miesel_CPER_04_Pro_f03_12Jun23_Arwen_WBEH-unknown.raw,nmdc:bsm-11-kfxsah36,EMSL 6 CPER_A1_PRE_NotGr_NA_NA,Proteomics,high,ProcessedSample10_Prot
60009_Miesel_CPER_04_Pro_f04_12Jun23_Arwen_WBEH-unknown.raw,nmdc:bsm-11-kfxsah36,EMSL 6 CPER_A1_PRE_NotGr_NA_NA,Proteomics,high,ProcessedSample11_Prot
60009_Miesel_CPER_04_Pro_f05_12Jun23_Arwen_WBEH-unknown.raw,nmdc:bsm-11-kfxsah36,EMSL 6 CPER_A1_PRE_NotGr_NA_NA,Proteomics,high,ProcessedSample12_Prot
60009_Miesel_CPER_04_Pro_f06_12Jun23_Arwen_WBEH-unknown.raw,nmdc:bsm-11-kfxsah36,EMSL 6 CPER_A1_PRE_NotGr_NA_NA,Proteomics,high,ProcessedSample13_Prot
60009_Miesel_CPER_extra_04_f01_25Aug23_Pippin_WBEH-23-05-17.raw,nmdc:bsm-11-kfxsah36,EMSL 6 CPER_A1_PRE_NotGr_NA_NA,Proteomics,high,ProcessedSample17_Prot
60009_Miesel_CPER_extra_04_f02_25Aug23_Pippin_WBEH-23-05-17.raw,nmdc:bsm-11-kfxsah36,EMSL 6 CPER_A1_PRE_NotGr_NA_NA,Proteomics,high,ProcessedSample18_Prot
60009_Miesel_CPER_extra_04_f03_25Aug23_Pippin_WBEH-23-05-17.raw,nmdc:bsm-11-kfxsah36,EMSL 6 CPER_A1_PRE_NotGr_NA_NA,Proteomics,high,ProcessedSample19_Prot
60009_Miesel_CPER_extra_04_f04_25Aug23_Pippin_WBEH-23-05-17.raw,nmdc:bsm-11-kfxsah36,EMSL 6 CPER_A1_PRE_NotGr_NA_NA,Proteomics,high,ProcessedSample20_Prot
60009_Miesel_CPER_extra_04_f05_25Aug23_Pippin_WBEH-23-05-17.raw,nmdc:bsm-11-kfxsah36,EMSL 6 CPER_A1_PRE_NotGr_NA_NA,Proteomics,high,ProcessedSample21_Prot
60009_Miesel_CPER_extra_04_f06_25Aug23_Pippin_WBEH-23-05-17.raw,nmdc:bsm-11-kfxsah36,EMSL 6 CPER_A1_PRE_NotGr_NA_NA,Proteomics,high,ProcessedSample22_Prot
60009_Miesel_CPER_extra_04_KCL_f01_06Sep23_Pippin_WBEH-23-05-17.raw,nmdc:bsm-11-kfxsah36,EMSL 6 CPER_A1_PRE_NotGr_NA_NA,Proteomics,high,ProcessedSample23_Prot
60009_Miesel_CPER_extra_04_KCL_f02_06Sep23_Pippin_WBEH-23-05-17.raw,nmdc:bsm-11-kfxsah36,EMSL 6 CPER_A1_PRE_NotGr_NA_NA,Proteomics,high,ProcessedSample24_Prot
60009_Miesel_CPER_extra_04_KCL_f03_06Sep23_Pippin_WBEH-23-05-17.raw,nmdc:bsm-11-kfxsah36,EMSL 6 CPER_A1_PRE_NotGr_NA_NA,Proteomics,high,ProcessedSample25_Prot
60009_Miesel_CPER_extra_04_KCL_f04_06Sep23_Pippin_WBEH-23-05-17.raw,nmdc:bsm-11-kfxsah36,EMSL 6 CPER_A1_PRE_NotGr_NA_NA,Proteomics,high,ProcessedSample26_Prot
60009_Miesel_CPER_extra_04_KCL_f05_06Sep23_Pippin_WBEH-23-05-17.raw,nmdc:bsm-11-kfxsah36,EMSL 6 CPER_A1_PRE_NotGr_NA_NA,Proteomics,high,ProcessedSample27_Prot
60009_Miesel_CPER_extra_04_KCL_f06_06Sep23_Pippin_WBEH-23-05-17.raw,nmdc:bsm-11-kfxsah36,EMSL 6 CPER_A1_PRE_NotGr_NA_NA,Proteomics,high,ProcessedSample28_Prot
60009_Miesel_CPER_whole_04_30Sep23_Pippin_WBEH-23-05-17.raw,nmdc:bsm-11-kfxsah36,EMSL 6 CPER_A1_PRE_NotGr_NA_NA,Proteomics,high,ProcessedSample7_Prot
60009_Miesel_DCFS_21_Pro_f01_4July23_Arwen_WBEH-23-03-03.raw,nmdc:bsm-11-jv4z8645,EMSL 7 DCFS_A1_PRE_NotGr_NA_NA,Proteomics,high,ProcessedSample8_Prot
60009_Miesel_DCFS_21_Pro_f02_4July23_Arwen_WBEH-23-03-03.raw,nmdc:bsm-11-jv4z8645,EMSL 7 DCFS_A1_PRE_NotGr_NA_NA,Proteomics,high,ProcessedSample9_Prot
60009_Miesel_DCFS_21_Pro_f03_4July23_Arwen_WBEH-23-03-03.raw,nmdc:bsm-11-jv4z8645,EMSL 7 DCFS_A1_PRE_NotGr_NA_NA,Proteomics,high,ProcessedSample10_Prot
60009_Miesel_DCFS_21_Pro_f04_4July23_Arwen_WBEH-23-03-03.raw,nmdc:bsm-11-jv4z8645,EMSL 7 DCFS_A1_PRE_NotGr_NA_NA,Proteomics,high,ProcessedSample11_Prot
60009_Miesel_DCFS_21_Pro_f05_4July23_Arwen_WBEH-23-03-03.raw,nmdc:bsm-11-jv4z8645,EMSL 7 DCFS_A1_PRE_NotGr_NA_NA,Proteomics,high,ProcessedSample12_Prot
60009_Miesel_DCFS_21_Pro_f06_4July23_Arwen_WBEH-23-03-03.raw,nmdc:bsm-11-jv4z8645,EMSL 7 DCFS_A1_PRE_NotGr_NA_NA,Proteomics,high,ProcessedSample13_Prot
60009_Miesel_DCFS_whole_21_02Oct23_Pippin_WBEH-23-05-17.raw,nmdc:bsm-11-jv4z8645,EMSL 7 DCFS_A1_PRE_NotGr_NA_NA,Proteomics,high,ProcessedSample7_Prot
60009_Miesel_DELA_08_Pro_f01_16Jun23_Arwen_WBEH-unknown.raw,nmdc:bsm-11-2a214q05,EMSL 8 DELA_A_PRE_NotGr_NA_NA,Proteomics,high,ProcessedSample8_Prot
60009_Miesel_DELA_08_Pro_f02_16Jun23_Arwen_WBEH-unknown.raw,nmdc:bsm-11-2a214q05,EMSL 8 DELA_A_PRE_NotGr_NA_NA,Proteomics,high,ProcessedSample9_Prot
60009_Miesel_DELA_08_Pro_f03_16Jun23_Arwen_WBEH-unknown.raw,nmdc:bsm-11-2a214q05,EMSL 8 DELA_A_PRE_NotGr_NA_NA,Proteomics,high,ProcessedSample10_Prot
60009_Miesel_DELA_08_Pro_f04_16Jun23_Arwen_WBEH-unknown.raw,nmdc:bsm-11-2a214q05,EMSL 8 DELA_A_PRE_NotGr_NA_NA,Proteomics,high,ProcessedSample11_Prot
60009_Miesel_DELA_08_Pro_f05_16Jun23_Arwen_WBEH-unknown.raw,nmdc:bsm-11-2a214q05,EMSL 8 DELA_A_PRE_NotGr_NA_NA,Proteomics,high,ProcessedSample12_Prot
60009_Miesel_DELA_08_Pro_f06_16Jun23_Arwen_WBEH-unknown.raw,nmdc:bsm-11-2a214q05,EMSL 8 DELA_A_PRE_NotGr_NA_NA,Proteomics,high,ProcessedSample13_Prot
60009_Miesel_DELA_whole_08_30Sep23_Pippin_WBEH-23-05-17.raw,nmdc:bsm-11-2a214q05,EMSL 8 DELA_A_PRE_NotGr_NA_NA,Proteomics,high,ProcessedSample7_Prot
60009_Miesel_DSNY_09_Pro_f01_22Jun23_Arwen_WBEH-23-03-03.raw,nmdc:bsm-11-1fcma647,EMSL 9 DSNY_A_PRE_NotGr_NA_NA,Proteomics,high,ProcessedSample8_Prot
60009_Miesel_DSNY_09_Pro_f02_22Jun23_Arwen_WBEH-23-03-03.raw,nmdc:bsm-11-1fcma647,EMSL 9 DSNY_A_PRE_NotGr_NA_NA,Proteomics,high,ProcessedSample9_Prot
60009_Miesel_DSNY_09_Pro_f03_22Jun23_Arwen_WBEH-23-03-03.raw,nmdc:bsm-11-1fcma647,EMSL 9 DSNY_A_PRE_NotGr_NA_NA,Proteomics,high,ProcessedSample10_Prot
60009_Miesel_DSNY_09_Pro_f04_22Jun23_Arwen_WBEH-23-03-03.raw,nmdc:bsm-11-1fcma647,EMSL 9 DSNY_A_PRE_NotGr_NA_NA,Proteomics,high,ProcessedSample11_Prot
60009_Miesel_DSNY_09_Pro_f05_22Jun23_Arwen_WBEH-23-03-03.raw,nmdc:bsm-11-1fcma647,EMSL 9 DSNY_A_PRE_NotGr_NA_NA,Proteomics,high,ProcessedSample12_Prot
60009_Miesel_DSNY_09_Pro_f06_22Jun23_Arwen_WBEH-23-03-03.raw,nmdc:bsm-11-1fcma647,EMSL 9 DSNY_A_PRE_NotGr_NA_NA,Proteomics,high,ProcessedSample13_Prot
60009_Miesel_DSNY_whole_09_30Sep23_Pippin_WBEH-23-05-17.raw,nmdc:bsm-11-1fcma647,EMSL 9 DSNY_A_PRE_NotGr_NA_NA,Proteomics,high,ProcessedSample7_Prot
60009_Miesel_GRSM_20_Pro_f01_30Jun23_Arwen_WBEH-23-03-03.raw,nmdc:bsm-11-v9wwsa76,EMSL 10 GRSM_A_PRE_NotGr_NA_NA,Proteomics,high,ProcessedSample8_Prot
60009_Miesel_GRSM_20_Pro_f02_30Jun23_Arwen_WBEH-23-03-03.raw,nmdc:bsm-11-v9wwsa76,EMSL 10 GRSM_A_PRE_NotGr_NA_NA,Proteomics,high,ProcessedSample9_Prot
60009_Miesel_GRSM_20_Pro_f03_30Jun23_Arwen_WBEH-23-03-03.raw,nmdc:bsm-11-v9wwsa76,EMSL 10 GRSM_A_PRE_NotGr_NA_NA,Proteomics,high,ProcessedSample10_Prot
60009_Miesel_GRSM_20_Pro_f04_30Jun23_Arwen_WBEH-23-03-03.raw,nmdc:bsm-11-v9wwsa76,EMSL 10 GRSM_A_PRE_NotGr_NA_NA,Proteomics,high,ProcessedSample11_Prot
60009_Miesel_GRSM_20_Pro_f05_30Jun23_Arwen_WBEH-23-03-03.raw,nmdc:bsm-11-v9wwsa76,EMSL 10 GRSM_A_PRE_NotGr_NA_NA,Proteomics,high,ProcessedSample12_Prot
60009_Miesel_GRSM_20_Pro_f06_30Jun23_Arwen_WBEH-23-03-03.raw,nmdc:bsm-11-v9wwsa76,EMSL 10 GRSM_A_PRE_NotGr_NA_NA,Proteomics,high,ProcessedSample13_Prot
60009_Miesel_GRSM_whole_20_02Oct23_Pippin_WBEH-23-05-17.raw,nmdc:bsm-11-v9wwsa76,EMSL 10 GRSM_A_PRE_NotGr_NA_NA,Proteomics,high,ProcessedSample7_Prot
60009_Miesel_HEAL_27_Pro_f01_12July23_Arwen_WBEH-23-03-03.raw,nmdc:bsm-11-57n0am19,EMSL 11 HEAL_Oae_PRE_NotGr_NA_NA,Proteomics,high,ProcessedSample8_Prot
60009_Miesel_HEAL_27_Pro_f02_12July23_Arwen_WBEH-23-03-03.raw,nmdc:bsm-11-57n0am19,EMSL 11 HEAL_Oae_PRE_NotGr_NA_NA,Proteomics,high,ProcessedSample9_Prot
60009_Miesel_HEAL_27_Pro_f03_12July23_Arwen_WBEH-23-03-03.raw,nmdc:bsm-11-57n0am19,EMSL 11 HEAL_Oae_PRE_NotGr_NA_NA,Proteomics,high,ProcessedSample10_Prot
60009_Miesel_HEAL_27_Pro_f04_12July23_Arwen_WBEH-23-03-03.raw,nmdc:bsm-11-57n0am19,EMSL 11 HEAL_Oae_PRE_NotGr_NA_NA,Proteomics,high,ProcessedSample11_Prot
60009_Miesel_HEAL_27_Pro_f05_12July23_Arwen_WBEH-23-03-03.raw,nmdc:bsm-11-57n0am19,EMSL 11 HEAL_Oae_PRE_NotGr_NA_NA,Proteomics,high,ProcessedSample12_Prot
60009_Miesel_HEAL_27_Pro_f06_12July23_Arwen_WBEH-23-03-03.raw,nmdc:bsm-11-57n0am19,EMSL 11 HEAL_Oae_PRE_NotGr_NA_NA,Proteomics,high,ProcessedSample13_Prot
60009_Miesel_HEAL_whole_27_02Oct23_Pippin_WBEH-23-05-17.raw,nmdc:bsm-11-57n0am19,EMSL 11 HEAL_Oae_PRE_NotGr_NA_NA,Proteomics,high,ProcessedSample7_Prot
60009_Miesel_JORN_01_Pro_f01_12Jun23_Arwen_WBEH-unknown.raw,nmdc:bsm-11-x6051v50,EMSL 12 JORN_Ak_PRE_NotGr_NA_NA,Proteomics,high,ProcessedSample8_Prot
60009_Miesel_JORN_01_Pro_f02_12Jun23_Arwen_WBEH-unknown.raw,nmdc:bsm-11-x6051v50,EMSL 12 JORN_Ak_PRE_NotGr_NA_NA,Proteomics,high,ProcessedSample9_Prot
60009_Miesel_JORN_01_Pro_f03_12Jun23_Arwen_WBEH-unknown.raw,nmdc:bsm-11-x6051v50,EMSL 12 JORN_Ak_PRE_NotGr_NA_NA,Proteomics,high,ProcessedSample10_Prot
60009_Miesel_JORN_01_Pro_f04_12Jun23_Arwen_WBEH-unknown.raw,nmdc:bsm-11-x6051v50,EMSL 12 JORN_Ak_PRE_NotGr_NA_NA,Proteomics,high,ProcessedSample11_Prot
60009_Miesel_JORN_01_Pro_f05_12Jun23_Arwen_WBEH-unknown.raw,nmdc:bsm-11-x6051v50,EMSL 12 JORN_Ak_PRE_NotGr_NA_NA,Proteomics,high,ProcessedSample12_Prot
60009_Miesel_JORN_01_Pro_f06_12Jun23_Arwen_WBEH-unknown.raw,nmdc:bsm-11-x6051v50,EMSL 12 JORN_Ak_PRE_NotGr_NA_NA,Proteomics,high,ProcessedSample13_Prot
60009_Miesel_JORN_extra_01_f01_25Aug23_Pippin_WBEH-23-05-17.raw,nmdc:bsm-11-x6051v50,EMSL 12 JORN_Ak_PRE_NotGr_NA_NA,Proteomics,high,ProcessedSample17_Prot
60009_Miesel_JORN_extra_01_f02_25Aug23_Pippin_WBEH-23-05-17.raw,nmdc:bsm-11-x6051v50,EMSL 12 JORN_Ak_PRE_NotGr_NA_NA,Proteomics,high,ProcessedSample18_Prot
60009_Miesel_JORN_extra_01_f03_25Aug23_Pippin_WBEH-23-05-17.raw,nmdc:bsm-11-x6051v50,EMSL 12 JORN_Ak_PRE_NotGr_NA_NA,Proteomics,high,ProcessedSample19_Prot
60009_Miesel_JORN_extra_01_f04_25Aug23_Pippin_WBEH-23-05-17.raw,nmdc:bsm-11-x6051v50,EMSL 12 JORN_Ak_PRE_NotGr_NA_NA,Proteomics,high,ProcessedSample20_Prot
60009_Miesel_JORN_extra_01_f05_25Aug23_Pippin_WBEH-23-05-17.raw,nmdc:bsm-11-x6051v50,EMSL 12 JORN_Ak_PRE_NotGr_NA_NA,Proteomics,high,ProcessedSample21_Prot
60009_Miesel_JORN_extra_01_f06_25Aug23_Pippin_WBEH-23-05-17.raw,nmdc:bsm-11-x6051v50,EMSL 12 JORN_Ak_PRE_NotGr_NA_NA,Proteomics,high,ProcessedSample22_Prot
60009_Miesel_JORN_extra_01_KCL_f01_06Sep23_Pippin_WBEH-23-05-17.raw,nmdc:bsm-11-x6051v50,EMSL 12 JORN_Ak_PRE_NotGr_NA_NA,Proteomics,high,ProcessedSample23_Prot
60009_Miesel_JORN_extra_01_KCL_f02_06Sep23_Pippin_WBEH-23-05-17.raw,nmdc:bsm-11-x6051v50,EMSL 12 JORN_Ak_PRE_NotGr_NA_NA,Proteomics,high,ProcessedSample24_Prot
60009_Miesel_JORN_extra_01_KCL_f03_06Sep23_Pippin_WBEH-23-05-17.raw,nmdc:bsm-11-x6051v50,EMSL 12 JORN_Ak_PRE_NotGr_NA_NA,Proteomics,high,ProcessedSample25_Prot
60009_Miesel_JORN_extra_01_KCL_f04_06Sep23_Pippin_WBEH-23-05-17.raw,nmdc:bsm-11-x6051v50,EMSL 12 JORN_Ak_PRE_NotGr_NA_NA,Proteomics,high,ProcessedSample26_Prot
60009_Miesel_JORN_extra_01_KCL_f05_06Sep23_Pippin_WBEH-23-05-17.raw,nmdc:bsm-11-x6051v50,EMSL 12 JORN_Ak_PRE_NotGr_NA_NA,Proteomics,high,ProcessedSample27_Prot
60009_Miesel_JORN_extra_01_KCL_f06_06Sep23_Pippin_WBEH-23-05-17.raw,nmdc:bsm-11-x6051v50,EMSL 12 JORN_Ak_PRE_NotGr_NA_NA,Proteomics,high,ProcessedSample28_Prot
60009_Miesel_JORN_whole_01_30Sep23_Pippin_WBEH-23-05-17.raw,nmdc:bsm-11-x6051v50,EMSL 12 JORN_Ak_PRE_NotGr_NA_NA,Proteomics,high,ProcessedSample7_Prot
60009_Miesel_KONZ_11_Pro_f01_22Jun23_Arwen_WBEH-23-03-03.raw,nmdc:bsm-11-czpa0a23,EMSL 13 KONZ_A1_PRE_NotGr_NA_NA,Proteomics,high,ProcessedSample8_Prot
60009_Miesel_KONZ_11_Pro_f02_22Jun23_Arwen_WBEH-23-03-03.raw,nmdc:bsm-11-czpa0a23,EMSL 13 KONZ_A1_PRE_NotGr_NA_NA,Proteomics,high,ProcessedSample9_Prot
60009_Miesel_KONZ_11_Pro_f03_22Jun23_Arwen_WBEH-23-03-03.raw,nmdc:bsm-11-czpa0a23,EMSL 13 KONZ_A1_PRE_NotGr_NA_NA,Proteomics,high,ProcessedSample10_Prot
60009_Miesel_KONZ_11_Pro_f04_22Jun23_Arwen_WBEH-23-03-03.raw,nmdc:bsm-11-czpa0a23,EMSL 13 KONZ_A1_PRE_NotGr_NA_NA,Proteomics,high,ProcessedSample11_Prot
60009_Miesel_KONZ_11_Pro_f05_22Jun23_Arwen_WBEH-23-03-03.raw,nmdc:bsm-11-czpa0a23,EMSL 13 KONZ_A1_PRE_NotGr_NA_NA,Proteomics,high,ProcessedSample12_Prot
60009_Miesel_KONZ_11_Pro_f06_22Jun23_Arwen_WBEH-23-03-03.raw,nmdc:bsm-11-czpa0a23,EMSL 13 KONZ_A1_PRE_NotGr_NA_NA,Proteomics,high,ProcessedSample13_Prot
60009_Miesel_KONZ_whole_11_30Sep23_Pippin_WBEH-23-05-17.raw,nmdc:bsm-11-czpa0a23,EMSL 13 KONZ_A1_PRE_NotGr_NA_NA,Proteomics,high,ProcessedSample7_Prot
60009_Miesel_MLBS_24_Pro_f01_4July23_Arwen_WBEH-23-03-03.raw,nmdc:bsm-11-kypvs876,EMSL 14 MLBS_A_PRE_NotGr_NA_NA,Proteomics,high,ProcessedSample8_Prot
60009_Miesel_MLBS_24_Pro_f02_4July23_Arwen_WBEH-23-03-03.raw,nmdc:bsm-11-kypvs876,EMSL 14 MLBS_A_PRE_NotGr_NA_NA,Proteomics,high,ProcessedSample9_Prot
60009_Miesel_MLBS_24_Pro_f03_4July23_Arwen_WBEH-23-03-03.raw,nmdc:bsm-11-kypvs876,EMSL 14 MLBS_A_PRE_NotGr_NA_NA,Proteomics,high,ProcessedSample10_Prot
60009_Miesel_MLBS_24_Pro_f04_4July23_Arwen_WBEH-23-03-03.raw,nmdc:bsm-11-kypvs876,EMSL 14 MLBS_A_PRE_NotGr_NA_NA,Proteomics,high,ProcessedSample11_Prot
60009_Miesel_MLBS_24_Pro_f05_4July23_Arwen_WBEH-23-03-03.raw,nmdc:bsm-11-kypvs876,EMSL 14 MLBS_A_PRE_NotGr_NA_NA,Proteomics,high,ProcessedSample12_Prot
60009_Miesel_MLBS_24_Pro_f06_4July23_Arwen_WBEH-23-03-03.raw,nmdc:bsm-11-kypvs876,EMSL 14 MLBS_A_PRE_NotGr_NA_NA,Proteomics,high,ProcessedSample13_Prot
60009_Miesel_MLBS_whole_24_02Oct23_Pippin_WBEH-23-05-17.raw,nmdc:bsm-11-kypvs876,EMSL 14 MLBS_A_PRE_NotGr_NA_NA,Proteomics,high,ProcessedSample7_Prot
60009_Miesel_MOAB_02_Pro_f01_12Jun23_Arwen_WBEH-unknown.raw,nmdc:bsm-11-37ythp65,EMSL 15 MOAB_A_PRE_NotGr_NA_NA,Proteomics,high,ProcessedSample8_Prot
60009_Miesel_MOAB_02_Pro_f02_12Jun23_Arwen_WBEH-unknown.raw,nmdc:bsm-11-37ythp65,EMSL 15 MOAB_A_PRE_NotGr_NA_NA,Proteomics,high,ProcessedSample9_Prot
60009_Miesel_MOAB_02_Pro_f03_12Jun23_Arwen_WBEH-unknown.raw,nmdc:bsm-11-37ythp65,EMSL 15 MOAB_A_PRE_NotGr_NA_NA,Proteomics,high,ProcessedSample10_Prot
60009_Miesel_MOAB_02_Pro_f04_12Jun23_Arwen_WBEH-unknown.raw,nmdc:bsm-11-37ythp65,EMSL 15 MOAB_A_PRE_NotGr_NA_NA,Proteomics,high,ProcessedSample11_Prot
60009_Miesel_MOAB_02_Pro_f05_12Jun23_Arwen_WBEH-unknown.raw,nmdc:bsm-11-37ythp65,EMSL 15 MOAB_A_PRE_NotGr_NA_NA,Proteomics,high,ProcessedSample12_Prot
60009_Miesel_MOAB_02_Pro_f06_12Jun23_Arwen_WBEH-unknown.raw,nmdc:bsm-11-37ythp65,EMSL 15 MOAB_A_PRE_NotGr_NA_NA,Proteomics,high,ProcessedSample13_Prot
60009_Miesel_MOAB_extra_02_f01_25Aug23_Pippin_WBEH-23-05-17.raw,nmdc:bsm-11-37ythp65,EMSL 15 MOAB_A_PRE_NotGr_NA_NA,Proteomics,high,ProcessedSample17_Prot
60009_Miesel_MOAB_extra_02_f02_25Aug23_Pippin_WBEH-23-05-17.raw,nmdc:bsm-11-37ythp65,EMSL 15 MOAB_A_PRE_NotGr_NA_NA,Proteomics,high,ProcessedSample18_Prot
60009_Miesel_MOAB_extra_02_f03_25Aug23_Pippin_WBEH-23-05-17.raw,nmdc:bsm-11-37ythp65,EMSL 15 MOAB_A_PRE_NotGr_NA_NA,Proteomics,high,ProcessedSample19_Prot
60009_Miesel_MOAB_extra_02_f04_25Aug23_Pippin_WBEH-23-05-17.raw,nmdc:bsm-11-37ythp65,EMSL 15 MOAB_A_PRE_NotGr_NA_NA,Proteomics,high,ProcessedSample20_Prot
60009_Miesel_MOAB_extra_02_f05_25Aug23_Pippin_WBEH-23-05-17.raw,nmdc:bsm-11-37ythp65,EMSL 15 MOAB_A_PRE_NotGr_NA_NA,Proteomics,high,ProcessedSample21_Prot
60009_Miesel_MOAB_extra_02_f06_25Aug23_Pippin_WBEH-23-05-17.raw,nmdc:bsm-11-37ythp65,EMSL 15 MOAB_A_PRE_NotGr_NA_NA,Proteomics,high,ProcessedSample22_Prot
60009_Miesel_MOAB_extra_02_KCL_f01_06Sep23_Pippin_WBEH-23-05-17.raw,nmdc:bsm-11-37ythp65,EMSL 15 MOAB_A_PRE_NotGr_NA_NA,Proteomics,high,ProcessedSample23_Prot
60009_Miesel_MOAB_extra_02_KCL_f02_06Sep23_Pippin_WBEH-23-05-17.raw,nmdc:bsm-11-37ythp65,EMSL 15 MOAB_A_PRE_NotGr_NA_NA,Proteomics,high,ProcessedSample24_Prot
60009_Miesel_MOAB_extra_02_KCL_f03_06Sep23_Pippin_WBEH-23-05-17.raw,nmdc:bsm-11-37ythp65,EMSL 15 MOAB_A_PRE_NotGr_NA_NA,Proteomics,high,ProcessedSample25_Prot
60009_Miesel_MOAB_extra_02_KCL_f04_06Sep23_Pippin_WBEH-23-05-17.raw,nmdc:bsm-11-37ythp65,EMSL 15 MOAB_A_PRE_NotGr_NA_NA,Proteomics,high,ProcessedSample26_Prot
60009_Miesel_MOAB_extra_02_KCL_f05_06Sep23_Pippin_WBEH-23-05-17.raw,nmdc:bsm-11-37ythp65,EMSL 15 MOAB_A_PRE_NotGr_NA_NA,Proteomics,high,ProcessedSample27_Prot
60009_Miesel_MOAB_extra_02_KCL_f06_06Sep23_Pippin_WBEH-23-05-17.raw,nmdc:bsm-11-37ythp65,EMSL 15 MOAB_A_PRE_NotGr_NA_NA,Proteomics,high,ProcessedSample28_Prot
60009_Miesel_MOAB_whole_02_30Sep23_Pippin_WBEH-23-05-17.raw,nmdc:bsm-11-37ythp65,EMSL 15 MOAB_A_PRE_NotGr_NA_NA,Proteomics,high,ProcessedSample7_Prot
60009_Miesel_NGPR_12_Pro_f01_22Jun23_Arwen_WBEH-23-03-03.raw,nmdc:bsm-11-z2299p05,EMSL 16 NGPR_A_PRE_NotGr_NA_NA,Proteomics,high,ProcessedSample8_Prot
60009_Miesel_NGPR_12_Pro_f02_22Jun23_Arwen_WBEH-23-03-03.raw,nmdc:bsm-11-z2299p05,EMSL 16 NGPR_A_PRE_NotGr_NA_NA,Proteomics,high,ProcessedSample9_Prot
60009_Miesel_NGPR_12_Pro_f03_22Jun23_Arwen_WBEH-23-03-03.raw,nmdc:bsm-11-z2299p05,EMSL 16 NGPR_A_PRE_NotGr_NA_NA,Proteomics,high,ProcessedSample10_Prot
60009_Miesel_NGPR_12_Pro_f04_22Jun23_Arwen_WBEH-23-03-03.raw,nmdc:bsm-11-z2299p05,EMSL 16 NGPR_A_PRE_NotGr_NA_NA,Proteomics,high,ProcessedSample11_Prot
60009_Miesel_NGPR_12_Pro_f05_22Jun23_Arwen_WBEH-23-03-03.raw,nmdc:bsm-11-z2299p05,EMSL 16 NGPR_A_PRE_NotGr_NA_NA,Proteomics,high,ProcessedSample12_Prot
60009_Miesel_NGPR_12_Pro_f06_22Jun23_Arwen_WBEH-23-03-03.raw,nmdc:bsm-11-z2299p05,EMSL 16 NGPR_A_PRE_NotGr_NA_NA,Proteomics,high,ProcessedSample13_Prot
60009_Miesel_NGPR_whole_12_30Sep23_Pippin_WBEH-23-05-17.raw,nmdc:bsm-11-z2299p05,EMSL 16 NGPR_A_PRE_NotGr_NA_NA,Proteomics,high,ProcessedSample7_Prot
60009_Miesel_NIWO_23_Pro_f01_4July23_Arwen_WBEH-23-03-03.raw,nmdc:bsm-11-188dzv79,EMSL 17 NIWO_A_PRE_NotGr_NA_NA,Proteomics,high,ProcessedSample8_Prot
60009_Miesel_NIWO_23_Pro_f02_4July23_Arwen_WBEH-23-03-03.raw,nmdc:bsm-11-188dzv79,EMSL 17 NIWO_A_PRE_NotGr_NA_NA,Proteomics,high,ProcessedSample9_Prot
60009_Miesel_NIWO_23_Pro_f03_4July23_Arwen_WBEH-23-03-03.raw,nmdc:bsm-11-188dzv79,EMSL 17 NIWO_A_PRE_NotGr_NA_NA,Proteomics,high,ProcessedSample10_Prot
60009_Miesel_NIWO_23_Pro_f04_4July23_Arwen_WBEH-23-03-03.raw,nmdc:bsm-11-188dzv79,EMSL 17 NIWO_A_PRE_NotGr_NA_NA,Proteomics,high,ProcessedSample11_Prot
60009_Miesel_NIWO_23_Pro_f05_4July23_Arwen_WBEH-23-03-03.raw,nmdc:bsm-11-188dzv79,EMSL 17 NIWO_A_PRE_NotGr_NA_NA,Proteomics,high,ProcessedSample12_Prot
60009_Miesel_NIWO_23_Pro_f06_4July23_Arwen_WBEH-23-03-03.raw,nmdc:bsm-11-188dzv79,EMSL 17 NIWO_A_PRE_NotGr_NA_NA,Proteomics,high,ProcessedSample13_Prot
60009_Miesel_NIWO_whole_23_02Oct23_Pippin_WBEH-23-05-17.raw,nmdc:bsm-11-188dzv79,EMSL 17 NIWO_A_PRE_NotGr_NA_NA,Proteomics,high,ProcessedSample7_Prot
60009_Miesel_OSBS_05_Pro_f01_16Jun23_Arwen_WBEH-unknown.raw,nmdc:bsm-11-cxebp875,EMSL 18 OSBS_A_PRE_NotGr_NA_NA,Proteomics,high,ProcessedSample8_Prot
60009_Miesel_OSBS_05_Pro_f02_16Jun23_Arwen_WBEH-unknown.raw,nmdc:bsm-11-cxebp875,EMSL 18 OSBS_A_PRE_NotGr_NA_NA,Proteomics,high,ProcessedSample9_Prot
60009_Miesel_OSBS_05_Pro_f03_16Jun23_Arwen_WBEH-unknown.raw,nmdc:bsm-11-cxebp875,EMSL 18 OSBS_A_PRE_NotGr_NA_NA,Proteomics,high,ProcessedSample10_Prot
60009_Miesel_OSBS_05_Pro_f04_16Jun23_Arwen_WBEH-unknown.raw,nmdc:bsm-11-cxebp875,EMSL 18 OSBS_A_PRE_NotGr_NA_NA,Proteomics,high,ProcessedSample11_Prot
60009_Miesel_OSBS_05_Pro_f05_16Jun23_Arwen_WBEH-unknown.raw,nmdc:bsm-11-cxebp875,EMSL 18 OSBS_A_PRE_NotGr_NA_NA,Proteomics,high,ProcessedSample12_Prot
60009_Miesel_OSBS_05_Pro_f06_16Jun23_Arwen_WBEH-unknown.raw,nmdc:bsm-11-cxebp875,EMSL 18 OSBS_A_PRE_NotGr_NA_NA,Proteomics,high,ProcessedSample13_Prot
60009_Miesel_OSBS_extra_05_KCL_f01_13Sep23_Pippin_WBEH-23-05-17.raw,nmdc:bsm-11-cxebp875,EMSL 18 OSBS_A_PRE_NotGr_NA_NA,Proteomics,high,ProcessedSample23_Prot
60009_Miesel_OSBS_extra_05_KCL_f02_13Sep23_Pippin_WBEH-23-05-17.raw,nmdc:bsm-11-cxebp875,EMSL 18 OSBS_A_PRE_NotGr_NA_NA,Proteomics,high,ProcessedSample24_Prot
60009_Miesel_OSBS_extra_05_KCL_f03_13Sep23_Pippin_WBEH-23-05-17.raw,nmdc:bsm-11-cxebp875,EMSL 18 OSBS_A_PRE_NotGr_NA_NA,Proteomics,high,ProcessedSample25_Prot
60009_Miesel_OSBS_extra_05_KCL_f04_13Sep23_Pippin_WBEH-23-05-17.raw,nmdc:bsm-11-cxebp875,EMSL 18 OSBS_A_PRE_NotGr_NA_NA,Proteomics,high,ProcessedSample26_Prot
60009_Miesel_OSBS_extra_05_KCL_f05_13Sep23_Pippin_WBEH-23-05-17.raw,nmdc:bsm-11-cxebp875,EMSL 18 OSBS_A_PRE_NotGr_NA_NA,Proteomics,high,ProcessedSample27_Prot
60009_Miesel_OSBS_extra_05_KCL_f06_13Sep23_Pippin_WBEH-23-05-17.raw,nmdc:bsm-11-cxebp875,EMSL 18 OSBS_A_PRE_NotGr_NA_NA,Proteomics,high,ProcessedSample28_Prot
60009_Miesel_OSBS_whole_05_30Sep23_Pippin_WBEH-23-05-17.raw,nmdc:bsm-11-cxebp875,EMSL 18 OSBS_A_PRE_NotGr_NA_NA,Proteomics,high,ProcessedSample7_Prot
60009_Miesel_RMNP_10_Pro_f01_22Jun23_Arwen_WBEH-23-03-03.raw,nmdc:bsm-11-v9e14793,EMSL 19 RMNP_A1_PRE_NotGr_NA_NA,Proteomics,high,ProcessedSample8_Prot
60009_Miesel_RMNP_10_Pro_f02_22Jun23_Arwen_WBEH-23-03-03.raw,nmdc:bsm-11-v9e14793,EMSL 19 RMNP_A1_PRE_NotGr_NA_NA,Proteomics,high,ProcessedSample9_Prot
60009_Miesel_RMNP_10_Pro_f03_22Jun23_Arwen_WBEH-23-03-03.raw,nmdc:bsm-11-v9e14793,EMSL 19 RMNP_A1_PRE_NotGr_NA_NA,Proteomics,high,ProcessedSample10_Prot
60009_Miesel_RMNP_10_Pro_f04_22Jun23_Arwen_WBEH-23-03-03.raw,nmdc:bsm-11-v9e14793,EMSL 19 RMNP_A1_PRE_NotGr_NA_NA,Proteomics,high,ProcessedSample11_Prot
60009_Miesel_RMNP_10_Pro_f05_22Jun23_Arwen_WBEH-23-03-03.raw,nmdc:bsm-11-v9e14793,EMSL 19 RMNP_A1_PRE_NotGr_NA_NA,Proteomics,high,ProcessedSample12_Prot
60009_Miesel_RMNP_10_Pro_f06_22Jun23_Arwen_WBEH-23-03-03.raw,nmdc:bsm-11-v9e14793,EMSL 19 RMNP_A1_PRE_NotGr_NA_NA,Proteomics,high,ProcessedSample13_Prot
60009_Miesel_RMNP_whole_10_30Sep23_Pippin_WBEH-23-05-17.raw,nmdc:bsm-11-v9e14793,EMSL 19 RMNP_A1_PRE_NotGr_NA_NA,Proteomics,high,ProcessedSample7_Prot
60009_Miesel_SERC_16_Pro_f01_26Jun23_Arwen_WBEH-23-03-03.raw,nmdc:bsm-11-s5hdh733,EMSL 20 SERC_A_PRE_NotGr_NA_NA,Proteomics,high,ProcessedSample8_Prot
60009_Miesel_SERC_16_Pro_f02_26Jun23_Arwen_WBEH-23-03-03.raw,nmdc:bsm-11-s5hdh733,EMSL 20 SERC_A_PRE_NotGr_NA_NA,Proteomics,high,ProcessedSample9_Prot
60009_Miesel_SERC_16_Pro_f03_26Jun23_Arwen_WBEH-23-03-03.raw,nmdc:bsm-11-s5hdh733,EMSL 20 SERC_A_PRE_NotGr_NA_NA,Proteomics,high,ProcessedSample10_Prot
60009_Miesel_SERC_16_Pro_f04_26Jun23_Arwen_WBEH-23-03-03.raw,nmdc:bsm-11-s5hdh733,EMSL 20 SERC_A_PRE_NotGr_NA_NA,Proteomics,high,ProcessedSample11_Prot
60009_Miesel_SERC_16_Pro_f05_26Jun23_Arwen_WBEH-23-03-03.raw,nmdc:bsm-11-s5hdh733,EMSL 20 SERC_A_PRE_NotGr_NA_NA,Proteomics,high,ProcessedSample12_Prot
60009_Miesel_SERC_16_Pro_f06_26Jun23_Arwen_WBEH-23-03-03.raw,nmdc:bsm-11-s5hdh733,EMSL 20 SERC_A_PRE_NotGr_NA_NA,Proteomics,high,ProcessedSample13_Prot
60009_Miesel_SERC_whole_16_02Oct23_Pippin_WBEH-23-05-17.raw,nmdc:bsm-11-s5hdh733,EMSL 20 SERC_A_PRE_NotGr_NA_NA,Proteomics,high,ProcessedSample7_Prot
60009_Miesel_SJER_03_Pro_f01_12Jun23_Arwen_WBEH-unknown.raw,nmdc:bsm-11-bbsdg778,EMSL 21 SJER_A_PRE_NotGr_NA_NA,Proteomics,high,ProcessedSample8_Prot
60009_Miesel_SJER_03_Pro_f02_12Jun23_Arwen_WBEH-unknown.raw,nmdc:bsm-11-bbsdg778,EMSL 21 SJER_A_PRE_NotGr_NA_NA,Proteomics,high,ProcessedSample9_Prot
60009_Miesel_SJER_03_Pro_f03_12Jun23_Arwen_WBEH-unknown.raw,nmdc:bsm-11-bbsdg778,EMSL 21 SJER_A_PRE_NotGr_NA_NA,Proteomics,high,ProcessedSample10_Prot
60009_Miesel_SJER_03_Pro_f04_12Jun23_Arwen_WBEH-unknown.raw,nmdc:bsm-11-bbsdg778,EMSL 21 SJER_A_PRE_NotGr_NA_NA,Proteomics,high,ProcessedSample11_Prot
60009_Miesel_SJER_03_Pro_f05_12Jun23_Arwen_WBEH-unknown.raw,nmdc:bsm-11-bbsdg778,EMSL 21 SJER_A_PRE_NotGr_NA_NA,Proteomics,high,ProcessedSample12_Prot
60009_Miesel_SJER_03_Pro_f06_12Jun23_Arwen_WBEH-unknown.raw,nmdc:bsm-11-bbsdg778,EMSL 21 SJER_A_PRE_NotGr_NA_NA,Proteomics,high,ProcessedSample13_Prot
60009_Miesel_SJER_extra_03_f01_25Aug23_Pippin_WBEH-23-05-17.raw,nmdc:bsm-11-bbsdg778,EMSL 21 SJER_A_PRE_NotGr_NA_NA,Proteomics,high,ProcessedSample17_Prot
60009_Miesel_SJER_extra_03_f02_25Aug23_Pippin_WBEH-23-05-17.raw,nmdc:bsm-11-bbsdg778,EMSL 21 SJER_A_PRE_NotGr_NA_NA,Proteomics,high,ProcessedSample18_Prot
60009_Miesel_SJER_extra_03_f03_25Aug23_Pippin_WBEH-23-05-17.raw,nmdc:bsm-11-bbsdg778,EMSL 21 SJER_A_PRE_NotGr_NA_NA,Proteomics,high,ProcessedSample19_Prot
60009_Miesel_SJER_extra_03_f04_25Aug23_Pippin_WBEH-23-05-17.raw,nmdc:bsm-11-bbsdg778,EMSL 21 SJER_A_PRE_NotGr_NA_NA,Proteomics,high,ProcessedSample20_Prot
60009_Miesel_SJER_extra_03_f05_25Aug23_Pippin_WBEH-23-05-17.raw,nmdc:bsm-11-bbsdg778,EMSL 21 SJER_A_PRE_NotGr_NA_NA,Proteomics,high,ProcessedSample21_Prot
60009_Miesel_SJER_extra_03_f06_25Aug23_Pippin_WBEH-23-05-17.raw,nmdc:bsm-11-bbsdg778,EMSL 21 SJER_A_PRE_NotGr_NA_NA,Proteomics,high,ProcessedSample22_Prot
60009_Miesel_SJER_extra_03_KCL_f01_06Sep23_Pippin_WBEH-23-05-17.raw,nmdc:bsm-11-bbsdg778,EMSL 21 SJER_A_PRE_NotGr_NA_NA,Proteomics,high,ProcessedSample23_Prot
60009_Miesel_SJER_extra_03_KCL_f02_06Sep23_Pippin_WBEH-23-05-17.raw,nmdc:bsm-11-bbsdg778,EMSL 21 SJER_A_PRE_NotGr_NA_NA,Proteomics,high,ProcessedSample24_Prot
60009_Miesel_SJER_extra_03_KCL_f03_06Sep23_Pippin_WBEH-23-05-17.raw,nmdc:bsm-11-bbsdg778,EMSL 21 SJER_A_PRE_NotGr_NA_NA,Proteomics,high,ProcessedSample25_Prot
60009_Miesel_SJER_extra_03_KCL_f04_06Sep23_Pippin_WBEH-23-05-17.raw,nmdc:bsm-11-bbsdg778,EMSL 21 SJER_A_PRE_NotGr_NA_NA,Proteomics,high,ProcessedSample26_Prot
60009_Miesel_SJER_extra_03_KCL_f05_06Sep23_Pippin_WBEH-23-05-17.raw,nmdc:bsm-11-bbsdg778,EMSL 21 SJER_A_PRE_NotGr_NA_NA,Proteomics,high,ProcessedSample27_Prot
60009_Miesel_SJER_extra_03_KCL_f06_06Sep23_Pippin_WBEH-23-05-17.raw,nmdc:bsm-11-bbsdg778,EMSL 21 SJER_A_PRE_NotGr_NA_NA,Proteomics,high,ProcessedSample28_Prot
60009_Miesel_SJER_whole_03_30Sep23_Pippin_WBEH-23-05-17.raw,nmdc:bsm-11-bbsdg778,EMSL 21 SJER_A_PRE_NotGr_NA_NA,Proteomics,high,ProcessedSample7_Prot
60009_Miesel_SOAP_14_Pro_f01_26Jun23_Arwen_WBEH-23-03-03.raw,nmdc:bsm-11-zz785q05,EMSL 22 SOAP_A_PRE_NotGr_NA_NA,Proteomics,high,ProcessedSample8_Prot
60009_Miesel_SOAP_14_Pro_f02_26Jun23_Arwen_WBEH-23-03-03.raw,nmdc:bsm-11-zz785q05,EMSL 22 SOAP_A_PRE_NotGr_NA_NA,Proteomics,high,ProcessedSample9_Prot
60009_Miesel_SOAP_14_Pro_f03_26Jun23_Arwen_WBEH-23-03-03.raw,nmdc:bsm-11-zz785q05,EMSL 22 SOAP_A_PRE_NotGr_NA_NA,Proteomics,high,ProcessedSample10_Prot
60009_Miesel_SOAP_14_Pro_f04_26Jun23_Arwen_WBEH-23-03-03.raw,nmdc:bsm-11-zz785q05,EMSL 22 SOAP_A_PRE_NotGr_NA_NA,Proteomics,high,ProcessedSample11_Prot
60009_Miesel_SOAP_14_Pro_f05_26Jun23_Arwen_WBEH-23-03-03.raw,nmdc:bsm-11-zz785q05,EMSL 22 SOAP_A_PRE_NotGr_NA_NA,Proteomics,high,ProcessedSample12_Prot
60009_Miesel_SOAP_14_Pro_f06_26Jun23_Arwen_WBEH-23-03-03.raw,nmdc:bsm-11-zz785q05,EMSL 22 SOAP_A_PRE_NotGr_NA_NA,Proteomics,high,ProcessedSample13_Prot
60009_Miesel_SOAP_whole_14_30Sep23_Pippin_WBEH-23-05-17.raw,nmdc:bsm-11-zz785q05,EMSL 22 SOAP_A_PRE_NotGr_NA_NA,Proteomics,high,ProcessedSample7_Prot
60009_Miesel_STEI_18_Pro_f01_30Jun23_Arwen_WBEH-23-03-03.raw,nmdc:bsm-11-m7137540,EMSL 23 STEI_A1_PRE_NotGr_NA_NA,Proteomics,high,ProcessedSample8_Prot
60009_Miesel_STEI_18_Pro_f02_30Jun23_Arwen_WBEH-23-03-03.raw,nmdc:bsm-11-m7137540,EMSL 23 STEI_A1_PRE_NotGr_NA_NA,Proteomics,high,ProcessedSample9_Prot
60009_Miesel_STEI_18_Pro_f03_30Jun23_Arwen_WBEH-23-03-03.raw,nmdc:bsm-11-m7137540,EMSL 23 STEI_A1_PRE_NotGr_NA_NA,Proteomics,high,ProcessedSample10_Prot
60009_Miesel_STEI_18_Pro_f04_30Jun23_Arwen_WBEH-23-03-03.raw,nmdc:bsm-11-m7137540,EMSL 23 STEI_A1_PRE_NotGr_NA_NA,Proteomics,high,ProcessedSample11_Prot
60009_Miesel_STEI_18_Pro_f05_30Jun23_Arwen_WBEH-23-03-03.raw,nmdc:bsm-11-m7137540,EMSL 23 STEI_A1_PRE_NotGr_NA_NA,Proteomics,high,ProcessedSample12_Prot
60009_Miesel_STEI_18_Pro_f06_30Jun23_Arwen_WBEH-23-03-03.raw,nmdc:bsm-11-m7137540,EMSL 23 STEI_A1_PRE_NotGr_NA_NA,Proteomics,high,ProcessedSample13_Prot
60009_Miesel_STEI_whole_18_02Oct23_Pippin_WBEH-23-05-17.raw,nmdc:bsm-11-m7137540,EMSL 23 STEI_A1_PRE_NotGr_NA_NA,Proteomics,high,ProcessedSample7_Prot
60009_Miesel_TALL_15_Pro_f01_26Jun23_Arwen_WBEH-23-03-03.raw,nmdc:bsm-11-t7eq2555,EMSL 24 TALL_A1_PRE_NotGr_NA_NA,Proteomics,high,ProcessedSample8_Prot
60009_Miesel_TALL_15_Pro_f02_26Jun23_Arwen_WBEH-23-03-03.raw,nmdc:bsm-11-t7eq2555,EMSL 24 TALL_A1_PRE_NotGr_NA_NA,Proteomics,high,ProcessedSample9_Prot
60009_Miesel_TALL_15_Pro_f03_26Jun23_Arwen_WBEH-23-03-03.raw,nmdc:bsm-11-t7eq2555,EMSL 24 TALL_A1_PRE_NotGr_NA_NA,Proteomics,high,ProcessedSample10_Prot
60009_Miesel_TALL_15_Pro_f04_26Jun23_Arwen_WBEH-23-03-03.raw,nmdc:bsm-11-t7eq2555,EMSL 24 TALL_A1_PRE_NotGr_NA_NA,Proteomics,high,ProcessedSample11_Prot
60009_Miesel_TALL_15_Pro_f05_26Jun23_Arwen_WBEH-23-03-03.raw,nmdc:bsm-11-t7eq2555,EMSL 24 TALL_A1_PRE_NotGr_NA_NA,Proteomics,high,ProcessedSample12_Prot
60009_Miesel_TALL_15_Pro_f06_26Jun23_Arwen_WBEH-23-03-03.raw,nmdc:bsm-11-t7eq2555,EMSL 24 TALL_A1_PRE_NotGr_NA_NA,Proteomics,high,ProcessedSample13_Prot
60009_Miesel_TALL_whole_15_02Oct23_Pippin_WBEH-23-05-17.raw,nmdc:bsm-11-t7eq2555,EMSL 24 TALL_A1_PRE_NotGr_NA_NA,Proteomics,high,ProcessedSample7_Prot
60009_Miesel_TREE_17_Pro_f01_30Jun23_Arwen_WBEH-23-03-03.raw,nmdc:bsm-11-5pr0md39,EMSL 25 TREE_A1_PRE_NotGr_NA_NA,Proteomics,high,ProcessedSample8_Prot
60009_Miesel_TREE_17_Pro_f02_30Jun23_Arwen_WBEH-23-03-03.raw,nmdc:bsm-11-5pr0md39,EMSL 25 TREE_A1_PRE_NotGr_NA_NA,Proteomics,high,ProcessedSample9_Prot
60009_Miesel_TREE_17_Pro_f03_30Jun23_Arwen_WBEH-23-03-03.raw,nmdc:bsm-11-5pr0md39,EMSL 25 TREE_A1_PRE_NotGr_NA_NA,Proteomics,high,ProcessedSample10_Prot
60009_Miesel_TREE_17_Pro_f04_30Jun23_Arwen_WBEH-23-03-03.raw,nmdc:bsm-11-5pr0md39,EMSL 25 TREE_A1_PRE_NotGr_NA_NA,Proteomics,high,ProcessedSample11_Prot
60009_Miesel_TREE_17_Pro_f05_30Jun23_Arwen_WBEH-23-03-03.raw,nmdc:bsm-11-5pr0md39,EMSL 25 TREE_A1_PRE_NotGr_NA_NA,Proteomics,high,ProcessedSample12_Prot
60009_Miesel_TREE_17_Pro_f06_30Jun23_Arwen_WBEH-23-03-03.raw,nmdc:bsm-11-5pr0md39,EMSL 25 TREE_A1_PRE_NotGr_NA_NA,Proteomics,high,ProcessedSample13_Prot
60009_Miesel_TREE_whole_17_02Oct23_Pippin_WBEH-23-05-17.raw,nmdc:bsm-11-5pr0md39,EMSL 25 TREE_A1_PRE_NotGr_NA_NA,Proteomics,high,ProcessedSample7_Prot
60009_Miesel_UNDE_13_Pro_f01_26Jun23_Arwen_WBEH-23-03-03.raw,nmdc:bsm-11-3tk5be27,EMSL 26 UNDE_A_PRE_NotGr_NA_NA,Proteomics,high,ProcessedSample8_Prot
60009_Miesel_UNDE_13_Pro_f02_26Jun23_Arwen_WBEH-23-03-03.raw,nmdc:bsm-11-3tk5be27,EMSL 26 UNDE_A_PRE_NotGr_NA_NA,Proteomics,high,ProcessedSample9_Prot
60009_Miesel_UNDE_13_Pro_f03_26Jun23_Arwen_WBEH-23-03-03.raw,nmdc:bsm-11-3tk5be27,EMSL 26 UNDE_A_PRE_NotGr_NA_NA,Proteomics,high,ProcessedSample10_Prot
60009_Miesel_UNDE_13_Pro_f04_26Jun23_Arwen_WBEH-23-03-03.raw,nmdc:bsm-11-3tk5be27,EMSL 26 UNDE_A_PRE_NotGr_NA_NA,Proteomics,high,ProcessedSample11_Prot
60009_Miesel_UNDE_13_Pro_f05_26Jun23_Arwen_WBEH-23-03-03.raw,nmdc:bsm-11-3tk5be27,EMSL 26 UNDE_A_PRE_NotGr_NA_NA,Proteomics,high,ProcessedSample12_Prot
60009_Miesel_UNDE_13_Pro_f06_26Jun23_Arwen_WBEH-23-03-03.raw,nmdc:bsm-11-3tk5be27,EMSL 26 UNDE_A_PRE_NotGr_NA_NA,Proteomics,high,ProcessedSample13_Prot
60009_Miesel_UNDE_whole_13_30Sep23_Pippin_WBEH-23-05-17.raw,nmdc:bsm-11-3tk5be27,EMSL 26 UNDE_A_PRE_NotGr_NA_NA,Proteomics,high,ProcessedSample7_Prot
60009_Miesel_WREF_19_Pro_f01_30Jun23_Arwen_WBEH-23-03-03.raw,nmdc:bsm-11-81nkhg93,EMSL 27 WREF_A1_PRE_NotGr_NA_NA,Proteomics,high,ProcessedSample8_Prot
60009_Miesel_WREF_19_Pro_f02_30Jun23_Arwen_WBEH-23-03-03.raw,nmdc:bsm-11-81nkhg93,EMSL 27 WREF_A1_PRE_NotGr_NA_NA,Proteomics,high,ProcessedSample9_Prot
60009_Miesel_WREF_19_Pro_f03_30Jun23_Arwen_WBEH-23-03-03.raw,nmdc:bsm-11-81nkhg93,EMSL 27 WREF_A1_PRE_NotGr_NA_NA,Proteomics,high,ProcessedSample10_Prot
60009_Miesel_WREF_19_Pro_f04_30Jun23_Arwen_WBEH-23-03-03.raw,nmdc:bsm-11-81nkhg93,EMSL 27 WREF_A1_PRE_NotGr_NA_NA,Proteomics,high,ProcessedSample11_Prot
60009_Miesel_WREF_19_Pro_f05_30Jun23_Arwen_WBEH-23-03-03.raw,nmdc:bsm-11-81nkhg93,EMSL 27 WREF_A1_PRE_NotGr_NA_NA,Proteomics,high,ProcessedSample12_Prot
60009_Miesel_WREF_19_Pro_f06_30Jun23_Arwen_WBEH-23-03-03.raw,nmdc:bsm-11-81nkhg93,EMSL 27 WREF_A1_PRE_NotGr_NA_NA,Proteomics,high,ProcessedSample13_Prot
60009_Miesel_WREF_whole_19_02Oct23_Pippin_WBEH-23-05-17.raw,nmdc:bsm-11-81nkhg93,EMSL 27 WREF_A1_PRE_NotGr_NA_NA,Proteomics,high,ProcessedSample7_Prot
EMSL_1_ABBY_A_PRE_NotGr_NA_NA.raw,nmdc:bsm-11-xjd8t932,EMSL 1 ABBY_A_PRE_NotGr_NA_NA,GCMSmetab,high,ProcessedSample2_GCMS
EMSL_10_GRSM_A_PRE_NotGr_NA_NA.raw,nmdc:bsm-11-v9wwsa76,EMSL 10 GRSM_A_PRE_NotGr_NA_NA,GCMSmetab,high,ProcessedSample2_GCMS
EMSL_11_HEAL_Oae_PRE_NotGr_NA_NA.raw,nmdc:bsm-11-57n0am19,EMSL 11 HEAL_Oae_PRE_NotGr_NA_NA,GCMSmetab,high,ProcessedSample2_GCMS
EMSL_12_JORN_Ak_PRE_NotGr_NA_NA.raw,nmdc:bsm-11-x6051v50,EMSL 12 JORN_Ak_PRE_NotGr_NA_NA,GCMSmetab,high,ProcessedSample2_GCMS
EMSL_13_KONZ_A1_PRE_NotGr_NA_NA.raw,nmdc:bsm-11-czpa0a23,EMSL 13 KONZ_A1_PRE_NotGr_NA_NA,GCMSmetab,high,ProcessedSample2_GCMS
EMSL_14_MLBS_A_PRE_NotGr_NA_NA.raw,nmdc:bsm-11-kypvs876,EMSL 14 MLBS_A_PRE_NotGr_NA_NA,GCMSmetab,high,ProcessedSample2_GCMS
EMSL_15_MOAB_A_PRE_NotGr_NA_NA.raw,nmdc:bsm-11-37ythp65,EMSL 15 MOAB_A_PRE_NotGr_NA_NA,GCMSmetab,high,ProcessedSample2_GCMS
EMSL_16_NGPR_A_PRE_NotGr_NA_NA.raw,nmdc:bsm-11-z2299p05,EMSL 16 NGPR_A_PRE_NotGr_NA_NA,GCMSmetab,high,ProcessedSample2_GCMS
EMSL_17_NIWO_A_PRE_NotGr_NA_NA.raw,nmdc:bsm-11-188dzv79,EMSL 17 NIWO_A_PRE_NotGr_NA_NA,GCMSmetab,high,ProcessedSample2_GCMS
EMSL_18_OSBS_A_PRE_NotGr_NA_NA.raw,nmdc:bsm-11-cxebp875,EMSL 18 OSBS_A_PRE_NotGr_NA_NA,GCMSmetab,high,ProcessedSample2_GCMS
EMSL_19_RMNP_A1_PRE_NotGr_NA_NA.raw,nmdc:bsm-11-v9e14793,EMSL 19 RMNP_A1_PRE_NotGr_NA_NA,GCMSmetab,high,ProcessedSample2_GCMS
EMSL_2_BARR_Oaf_PRE_NotGr_NA_NA.raw,nmdc:bsm-11-pmcm6s22,EMSL 2 BARR_Oaf_PRE_NotGr_NA_NA,GCMSmetab,high,ProcessedSample2_GCMS
EMSL_20_SERC_A_PRE_NotGr_NA_NA.raw,nmdc:bsm-11-s5hdh733,EMSL 20 SERC_A_PRE_NotGr_NA_NA,GCMSmetab,high,ProcessedSample2_GCMS
EMSL_21_SJER_A_PRE_NotGr_NA_NA.raw,nmdc:bsm-11-bbsdg778,EMSL 21 SJER_A_PRE_NotGr_NA_NA,GCMSmetab,high,ProcessedSample2_GCMS
EMSL_22_SOAP_A_PRE_NotGr_NA_NA.raw,nmdc:bsm-11-zz785q05,EMSL 22 SOAP_A_PRE_NotGr_NA_NA,GCMSmetab,high,ProcessedSample2_GCMS
EMSL_23_STEI_A1_PRE_NotGr_NA_NA.raw,nmdc:bsm-11-m7137540,EMSL 23 STEI_A1_PRE_NotGr_NA_NA,GCMSmetab,high,ProcessedSample2_GCMS
EMSL_24_TALL_A1_PRE_NotGr_NA_NA.raw,nmdc:bsm-11-t7eq2555,EMSL 24 TALL_A1_PRE_NotGr_NA_NA,GCMSmetab,high,ProcessedSample2_GCMS
EMSL_25_TREE_A1_PRE_NotGr_NA_NA.raw,nmdc:bsm-11-5pr0md39,EMSL 25 TREE_A1_PRE_NotGr_NA_NA,GCMSmetab,high,ProcessedSample2_GCMS
EMSL_26_UNDE_A_PRE_NotGr_NA_NA.raw,nmdc:bsm-11-3tk5be27,EMSL 26 UNDE_A_PRE_NotGr_NA_NA,GCMSmetab,high,ProcessedSample2_GCMS
EMSL_27_WREF_A1_PRE_NotGr_NA_NA.raw,nmdc:bsm-11-81nkhg93,EMSL 27 WREF_A1_PRE_NotGr_NA_NA,GCMSmetab,high,ProcessedSample2_GCMS
EMSL_3_BLAN_Ap1_PRE_NotGr_NA_NA.raw,nmdc:bsm-11-dgpxax84,EMSL 3 BLAN_Ap1_PRE_NotGr_NA_NA,GCMSmetab,high,ProcessedSample2_GCMS
EMSL_37_ABBY_A_POST_NotGr_MST_33.raw,nmdc:bsm-11-t2j2tb83,EMSL 37 ABBY_A_POST_NotGr_MST_33,GCMSmetab,high,ProcessedSample2_GCMS
EMSL_38_BARR_Oaf_POST_NotGr_MST_33.raw,nmdc:bsm-11-g55mqq95,EMSL 38 BARR_Oaf_POST_NotGr_MST_33,GCMSmetab,high,ProcessedSample2_GCMS
EMSL_39_BLAN_Ap1_POST_NotGr_MST_33.raw,nmdc:bsm-11-0n65yd98,EMSL 39 BLAN_Ap1_POST_NotGr_MST_33,GCMSmetab,high,ProcessedSample2_GCMS
EMSL_4_BONA_Oea_PRE_NotGr_NA_NA.raw,nmdc:bsm-11-447q1c62,EMSL 4 BONA_Oea_PRE_NotGr_NA_NA,GCMSmetab,high,ProcessedSample2_GCMS
EMSL_40_BONA_Oea_POST_NotGr_MST_33.raw,nmdc:bsm-11-89sqhh96,EMSL 40 BONA_Oea_POST_NotGr_MST_33,GCMSmetab,high,ProcessedSample2_GCMS
EMSL_41_CLBJ_A1_POST_NotGr_MST_33.raw,nmdc:bsm-11-2cj4cf88,EMSL 41 CLBJ_A1_POST_NotGr_MST_33,GCMSmetab,high,ProcessedSample2_GCMS
EMSL_42_CPER_A1_POST_NotGr_MST_33.raw,nmdc:bsm-11-9hpkqy23,EMSL 42 CPER_A1_POST_NotGr_MST_33,GCMSmetab,high,ProcessedSample2_GCMS
EMSL_43_DCFS_A1_POST_NotGr_MST_33.raw,nmdc:bsm-11-mzz92d33,EMSL 43 DCFS_A1_POST_NotGr_MST_33,GCMSmetab,high,ProcessedSample2_GCMS
EMSL_44_DELA_A_POST_NotGr_MST_33.raw,nmdc:bsm-11-zjb1z714,EMSL 44 DELA_A_POST_NotGr_MST_33,GCMSmetab,high,ProcessedSample2_GCMS
EMSL_45_DSNY_A_POST_NotGr_MST_33.raw,nmdc:bsm-11-8bg8gj60,EMSL 45 DSNY_A_POST_NotGr_MST_33,GCMSmetab,high,ProcessedSample2_GCMS
EMSL_46_GRSM_A_POST_NotGr_MST_33.raw,nmdc:bsm-11-262q3j19,EMSL 46 GRSM_A_POST_NotGr_MST_33,GCMSmetab,high,ProcessedSample2_GCMS
EMSL_47_HEAL_Oae_POST_NotGr_MST_33.raw,nmdc:bsm-11-56ck4y26,EMSL 47 HEAL_Oae_POST_NotGr_MST_33,GCMSmetab,high,ProcessedSample2_GCMS
EMSL_48_JORN_Ak_POST_NotGr_MST_33.raw,nmdc:bsm-11-ypsg5973,EMSL 48 JORN_Ak_POST_NotGr_MST_33,GCMSmetab,high,ProcessedSample2_GCMS
EMSL_49_KONZ_A1_POST_NotGr_MST_33.raw,nmdc:bsm-11-8e8v8k74,EMSL 49 KONZ_A1_POST_NotGr_MST_33,GCMSmetab,high,ProcessedSample2_GCMS
EMSL_5_CLBJ_A1_PRE_NotGr_NA_NA.raw,nmdc:bsm-11-hb183j67,EMSL 5 CLBJ_A1_PRE_NotGr_NA_NA,GCMSmetab,high,ProcessedSample2_GCMS
EMSL_50_MLBS_A_POST_NotGr_MST_33.raw,nmdc:bsm-11-0vgkpt58,EMSL 50 MLBS_A_POST_NotGr_MST_33,GCMSmetab,high,ProcessedSample2_GCMS
EMSL_51_MOAB_A_POST_NotGr_MST_33.raw,nmdc:bsm-11-aw9xpa90,EMSL 51 MOAB_A_POST_NotGr_MST_33,GCMSmetab,high,ProcessedSample2_GCMS
EMSL_52_NGPR_A_POST_NotGr_MST_33.raw,nmdc:bsm-11-v2kqzp11,EMSL 52 NGPR_A_POST_NotGr_MST_33,GCMSmetab,high,ProcessedSample2_GCMS
EMSL_53_NIWO_A_POST_NotGr_MST_33.raw,nmdc:bsm-11-1mgzn748,EMSL 53 NIWO_A_POST_NotGr_MST_33,GCMSmetab,high,ProcessedSample2_GCMS
EMSL_54_OSBS_A_POST_NotGr_MST_33.raw,nmdc:bsm-11-6m5pgr13,EMSL 54 OSBS_A_POST_NotGr_MST_33,GCMSmetab,high,ProcessedSample2_GCMS
EMSL_55_RMNP_A1_POST_NotGr_MST_33.raw,nmdc:bsm-11-7dmzve23,EMSL 55 RMNP_A1_POST_NotGr_MST_33,GCMSmetab,high,ProcessedSample2_GCMS
EMSL_56_SERC_A_POST_NotGr_MST_33.raw,nmdc:bsm-11-zd1wbz45,EMSL 56 SERC_A_POST_NotGr_MST_33,GCMSmetab,high,ProcessedSample2_GCMS
EMSL_57_SJER_A_POST_NotGr_MST_33.raw,nmdc:bsm-11-ddcg6623,EMSL 57 SJER_A_POST_NotGr_MST_33,GCMSmetab,high,ProcessedSample2_GCMS
EMSL_58_SOAP_A_POST_NotGr_MST_33.raw,nmdc:bsm-11-ybyjz464,EMSL 58 SOAP_A_POST_NotGr_MST_33,GCMSmetab,high,ProcessedSample2_GCMS
EMSL_59_STEI_A1_POST_NotGr_MST_33.raw,nmdc:bsm-11-kvxpkn12,EMSL 59 STEI_A1_POST_NotGr_MST_33,GCMSmetab,high,ProcessedSample2_GCMS
EMSL_6_CPER_A1_PRE_NotGr_NA_NA.raw,nmdc:bsm-11-kfxsah36,EMSL 6 CPER_A1_PRE_NotGr_NA_NA,GCMSmetab,high,ProcessedSample2_GCMS
EMSL_60_TALL_A1_POST_NotGr_MST_33.raw,nmdc:bsm-11-bm3k2w07,EMSL 60 TALL_A1_POST_NotGr_MST_33,GCMSmetab,high,ProcessedSample2_GCMS
EMSL_61_TREE_A1_POST_NotGr_MST_33.raw,nmdc:bsm-11-8qr96b28,EMSL 61 TREE_A1_POST_NotGr_MST_33,GCMSmetab,high,ProcessedSample2_GCMS
EMSL_62_UNDE_A_POST_NotGr_MST_33.raw,nmdc:bsm-11-8gy0dx46,EMSL 62 UNDE_A_POST_NotGr_MST_33,GCMSmetab,high,ProcessedSample2_GCMS
EMSL_63_WREF_A1_POST_NotGr_MST_33.raw,nmdc:bsm-11-bm60ch89,EMSL 63 WREF_A1_POST_NotGr_MST_33,GCMSmetab,high,ProcessedSample2_GCMS
EMSL_64_ABBY_A_POST_NotGr_MSTplus5_33.raw,nmdc:bsm-11-3ekzh153,EMSL 64 ABBY_A_POST_NotGr_MST+5_33,GCMSmetab,high,ProcessedSample2_GCMS
EMSL_65_BARR_Oaf_POST_NotGr_MSTplus5_33.raw,nmdc:bsm-11-kag46n94,EMSL 65 BARR_Oaf_POST_NotGr_MST+5_33,GCMSmetab,high,ProcessedSample2_GCMS
EMSL_66_BLAN_Ap1_POST_NotGr_MSTplus5_33.raw,nmdc:bsm-11-kh27cs78,EMSL 66 BLAN_Ap1_POST_NotGr_MST+5_33,GCMSmetab,high,ProcessedSample2_GCMS
EMSL_67_BONA_Oea_POST_NotGr_MSTplus5_33.raw,nmdc:bsm-11-x462mz30,EMSL 67 BONA_Oea_POST_NotGr_MST+5_33,GCMSmetab,high,ProcessedSample2_GCMS
EMSL_68_CLBJ_A1_POST_NotGr_MSTplus5_33.raw,nmdc:bsm-11-ea81mj44,EMSL 68 CLBJ_A1_POST_NotGr_MST+5_33,GCMSmetab,high,ProcessedSample2_GCMS
EMSL_69_CPER_A1_POST_NotGr_MSTplus5_33.raw,nmdc:bsm-11-fs0nam69,EMSL 69 CPER_A1_POST_NotGr_MST+5_33,GCMSmetab,high,ProcessedSample2_GCMS
EMSL_7_DCFS_A1_PRE_NotGr_NA_NA.raw,nmdc:bsm-11-jv4z8645,EMSL 7 DCFS_A1_PRE_NotGr_NA_NA,GCMSmetab,high,ProcessedSample2_GCMS
EMSL_70_DCFS_A1_POST_NotGr_MSTplus5_33.raw,nmdc:bsm-11-mt7hs697,EMSL 70 DCFS_A1_POST_NotGr_MST+5_33,GCMSmetab,high,ProcessedSample2_GCMS
EMSL_71_DELA_A_POST_NotGr_MSTplus5_33.raw,nmdc:bsm-11-hmwb5933,EMSL 71 DELA_A_POST_NotGr_MST+5_33,GCMSmetab,high,ProcessedSample2_GCMS
EMSL_72_DSNY_A_POST_NotGr_MSTplus5_33.raw,nmdc:bsm-11-pywm3v18,EMSL 72 DSNY_A_POST_NotGr_MST+5_33,GCMSmetab,high,ProcessedSample2_GCMS
EMSL_73_GRSM_A_POST_NotGr_MSTplus5_33.raw,nmdc:bsm-11-rgvr4244,EMSL 73 GRSM_A_POST_NotGr_MST+5_33,GCMSmetab,high,ProcessedSample2_GCMS
EMSL_74-HEAL_Oae_POST_NotGr_MSTplus5_33.raw,nmdc:bsm-11-0545zh73,EMSL 74 HEAL_Oae_POST_NotGr_MST+5_33,GCMSmetab,high,ProcessedSample2_GCMS
EMSL_75_JORN_Ak_POST_NotGr_MSTplus5_33.raw,nmdc:bsm-11-w1s6zj21,EMSL 75 JORN_Ak_POST_NotGr_MST+5_33,GCMSmetab,high,ProcessedSample2_GCMS
EMSL_76_KONZ_A1_POST_NotGr_MSTplus5_33.raw,nmdc:bsm-11-rn50jw68,EMSL 76 KONZ_A1_POST_NotGr_MST+5_33,GCMSmetab,high,ProcessedSample2_GCMS
EMSL_77_MLBS_A_POST_NotGr_MSTplus5_33.raw,nmdc:bsm-11-pw5qbt83,EMSL 77 MLBS_A_POST_NotGr_MST+5_33,GCMSmetab,high,ProcessedSample2_GCMS
EMSL_78_MOAB_A_POST_NotGr_MSTplus5_33.raw,nmdc:bsm-11-f744kg86,EMSL 78 MOAB_A_POST_NotGr_MST+5_33,GCMSmetab,high,ProcessedSample2_GCMS
EMSL_79_NGPR_A_POST_NotGr_MSTplus5_33.raw,nmdc:bsm-11-feb57406,EMSL 79 NGPR_A_POST_NotGr_MST+5_33,GCMSmetab,high,ProcessedSample2_GCMS
EMSL_8_DELA_A_PRE_NotGr_NA_NA.raw,nmdc:bsm-11-2a214q05,EMSL 8 DELA_A_PRE_NotGr_NA_NA,GCMSmetab,high,ProcessedSample2_GCMS
EMSL_80_NIWO_A_POST_NotGr_MSTplus5_33.raw,nmdc:bsm-11-srrzgw96,EMSL 80 NIWO_A_POST_NotGr_MST+5_33,GCMSmetab,high,ProcessedSample2_GCMS
EMSL_81_OSBS_A_POST_NotGr_MSTplus5_33.raw,nmdc:bsm-11-k3ms3q32,EMSL 81 OSBS_A_POST_NotGr_MST+5_33,GCMSmetab,high,ProcessedSample2_GCMS
EMSL_82_RMNP_A1_POST_NotGr_MSTplus5_33.raw,nmdc:bsm-11-jexdz609,EMSL 82 RMNP_A1_POST_NotGr_MST+5_33,GCMSmetab,high,ProcessedSample2_GCMS
EMSL_83_SERC_A_POST_NotGr_MSTplus5_33.raw,nmdc:bsm-11-2aew5811,EMSL 83 SERC_A_POST_NotGr_MST+5_33,GCMSmetab,high,ProcessedSample2_GCMS
EMSL_84_SJER_A_POST_NotGr_MSTplus5_33.raw,nmdc:bsm-11-1nkycf30,EMSL 84 SJER_A_POST_NotGr_MST+5_33,GCMSmetab,high,ProcessedSample2_GCMS
EMSL_85_SOAP_A_POST_NotGr_MSTplus5_33.raw,nmdc:bsm-11-anhff417,EMSL 85 SOAP_A_POST_NotGr_MST+5_33,GCMSmetab,high,ProcessedSample2_GCMS
EMSL_86_STEI_A1_POST_NotGr_MSTplus5_33.raw,nmdc:bsm-11-jwsqte26,EMSL 86 STEI_A1_POST_NotGr_MST+5_33,GCMSmetab,high,ProcessedSample2_GCMS
EMSL_87_TALL_A1_POST_NotGr_MSTplus5_33.raw,nmdc:bsm-11-f3ebmn35,EMSL 87 TALL_A1_POST_NotGr_MST+5_33,GCMSmetab,high,ProcessedSample2_GCMS
EMSL_88_TREE_A1_POST_NotGr_MSTplus5_33.raw,nmdc:bsm-11-ha7xvb59,EMSL 88 TREE_A1_POST_NotGr_MST+5_33,GCMSmetab,high,ProcessedSample2_GCMS
EMSL_89_UNDE_A_POST_NotGr_MSTplus5_33.raw,nmdc:bsm-11-c71sq339,EMSL 89 UNDE_A_POST_NotGr_MST+5_33,GCMSmetab,high,ProcessedSample2_GCMS
EMSL_9_DSNY_A_PRE_NotGr_NA_NA.raw,nmdc:bsm-11-1fcma647,EMSL 9 DSNY_A_PRE_NotGr_NA_NA,GCMSmetab,high,ProcessedSample2_GCMS
EMSL_90_WREF_A1_POST_NotGr_MSTplus5_33.raw,nmdc:bsm-11-g8qs8k06,EMSL 90 WREF_A1_POST_NotGr_MST+5_33,GCMSmetab,high,ProcessedSample2_GCMS
Miesel_60009_01_ABBY_A_PRE_H2O_SPE_r1_26Jan23_Alder_300SA_IATp03_9009.raw,nmdc:bsm-11-xjd8t932,EMSL 1 ABBY_A_PRE_NotGr_NA_NA,NOM,high,ProcessedSample6_NOM
Miesel_60009_01_ABBY_A_PRE_H2O_SPE_r2_28Jan23_Fir_300SA_IATp03_9113.raw,nmdc:bsm-11-xjd8t932,EMSL 1 ABBY_A_PRE_NotGr_NA_NA,NOM,high,ProcessedSample6_NOM
Miesel_60009_01_ABBY_A_PRE_Met_SPE_r1_300SA_IATp03_9286.raw,nmdc:bsm-11-xjd8t932,EMSL 1 ABBY_A_PRE_NotGr_NA_NA,NOM,high,ProcessedSample7_NOM
Miesel_60009_01_ABBY_A_PRE_Met_SPE_r2_300SA_IATp03_9559.raw,nmdc:bsm-11-xjd8t932,EMSL 1 ABBY_A_PRE_NotGr_NA_NA,NOM,high,ProcessedSample7_NOM
Miesel_60009_02_BARR_Oaf_PRE_H2O_SPE_r1_26Jan23_Alder_300SA_IATp03_9049.raw,nmdc:bsm-11-pmcm6s22,EMSL 2 BARR_Oaf_PRE_NotGr_NA_NA,NOM,high,ProcessedSample6_NOM
Miesel_60009_02_BARR_Oaf_PRE_H2O_SPE_r2_28Jan23_Fir_300SA_IATp03_9119.raw,nmdc:bsm-11-pmcm6s22,EMSL 2 BARR_Oaf_PRE_NotGr_NA_NA,NOM,high,ProcessedSample6_NOM
Miesel_60009_02_BARR_Oaf_PRE_Met_SPE_r1_300SA_IATp03_9274.raw,nmdc:bsm-11-pmcm6s22,EMSL 2 BARR_Oaf_PRE_NotGr_NA_NA,NOM,high,ProcessedSample7_NOM
Miesel_60009_02_BARR_Oaf_PRE_Met_SPE_r2_300SA_IATp03_9608.raw,nmdc:bsm-11-pmcm6s22,EMSL 2 BARR_Oaf_PRE_NotGr_NA_NA,NOM,high,ProcessedSample7_NOM
Miesel_60009_03_BLAN_Ap1_PRE_H2O_SPE_r1_26Jan23_Alder_300SA_IATp03_9027.raw,nmdc:bsm-11-dgpxax84,EMSL 3 BLAN_Ap1_PRE_NotGr_NA_NA,NOM,high,ProcessedSample6_NOM
Miesel_60009_03_BLAN_Ap1_PRE_H2O_SPE_r2_28Jan23_Alder_300SA_IATp03_9092.raw,nmdc:bsm-11-dgpxax84,EMSL 3 BLAN_Ap1_PRE_NotGr_NA_NA,NOM,high,ProcessedSample6_NOM
Miesel_60009_03_BLAN_Ap1_PRE_Met_SPE_r1_300SA_IATp03_9247.raw,nmdc:bsm-11-dgpxax84,EMSL 3 BLAN_Ap1_PRE_NotGr_NA_NA,NOM,high,ProcessedSample7_NOM
Miesel_60009_03_BLAN_Ap1_PRE_Met_SPE_r2_300SA_IATp03_9556.raw,nmdc:bsm-11-dgpxax84,EMSL 3 BLAN_Ap1_PRE_NotGr_NA_NA,NOM,high,ProcessedSample7_NOM
Miesel_60009_04_BONA_Oea_PRE_H2O_SPE_r1_26Jan23_Alder_300SA_IATp03_9004.raw,nmdc:bsm-11-447q1c62,EMSL 4 BONA_Oea_PRE_NotGr_NA_NA,NOM,high,ProcessedSample6_NOM
Miesel_60009_04_BONA_Oea_PRE_H2O_SPE_r2_28Jan23_Alder_300SA_IATp03_9103.raw,nmdc:bsm-11-447q1c62,EMSL 4 BONA_Oea_PRE_NotGr_NA_NA,NOM,high,ProcessedSample6_NOM
Miesel_60009_04_BONA_Oea_PRE_Met_SPE_r1_300SA_IATp03_9250.raw,nmdc:bsm-11-447q1c62,EMSL 4 BONA_Oea_PRE_NotGr_NA_NA,NOM,high,ProcessedSample7_NOM
Miesel_60009_04_BONA_Oea_PRE_Met_SPE_r2_300SA_IATp03_9596.raw,nmdc:bsm-11-447q1c62,EMSL 4 BONA_Oea_PRE_NotGr_NA_NA,NOM,high,ProcessedSample7_NOM
Miesel_60009_05_CLBJ_A1_PRE_H2O_SPE_r1_26Jan23_Alder_300SA_IATp03_9013.raw,nmdc:bsm-11-hb183j67,EMSL 5 CLBJ_A1_PRE_NotGr_NA_NA,NOM,high,ProcessedSample6_NOM
Miesel_60009_05_CLBJ_A1_PRE_H2O_SPE_r2_28Jan23_Fir_300SA_IATp03_9150.raw,nmdc:bsm-11-hb183j67,EMSL 5 CLBJ_A1_PRE_NotGr_NA_NA,NOM,high,ProcessedSample6_NOM
Miesel_60009_05_CLBJ_A1_PRE_Met_SPE_r1_30Jan23_Fir_300SA_IATp03_9238.raw,nmdc:bsm-11-hb183j67,EMSL 5 CLBJ_A1_PRE_NotGr_NA_NA,NOM,high,ProcessedSample7_NOM
Miesel_60009_05_CLBJ_A1_PRE_Met_SPE_r2_300SA_IATp03_9621.raw,nmdc:bsm-11-hb183j67,EMSL 5 CLBJ_A1_PRE_NotGr_NA_NA,NOM,high,ProcessedSample7_NOM
Miesel_60009_06_CPER_A1_PRE_H2O_SPE_r1_26Jan23_Alder_300SA_IATp03_9025.raw,nmdc:bsm-11-kfxsah36,EMSL 6 CPER_A1_PRE_NotGr_NA_NA,NOM,high,ProcessedSample6_NOM
Miesel_60009_06_CPER_A1_PRE_H2O_SPE_r2_28Jan23_Fir_300SA_IATp03_9120.raw,nmdc:bsm-11-kfxsah36,EMSL 6 CPER_A1_PRE_NotGr_NA_NA,NOM,high,ProcessedSample6_NOM
Miesel_60009_06_CPER_A1_PRE_Met_SPE_r1_300SA_IATp03_9249.raw,nmdc:bsm-11-kfxsah36,EMSL 6 CPER_A1_PRE_NotGr_NA_NA,NOM,high,ProcessedSample7_NOM
Miesel_60009_06_CPER_A1_PRE_Met_SPE_r2_300SA_IATp03_9555.raw,nmdc:bsm-11-kfxsah36,EMSL 6 CPER_A1_PRE_NotGr_NA_NA,NOM,high,ProcessedSample7_NOM
Miesel_60009_07_DCFS_A1_PRE_H2O_SPE_r1_26Jan23_Alder_300SA_IATp03_8987.raw,nmdc:bsm-11-jv4z8645,EMSL 7 DCFS_A1_PRE_NotGr_NA_NA,NOM,high,ProcessedSample6_NOM
Miesel_60009_07_DCFS_A1_PRE_H2O_SPE_r2_28Jan23_Fir_300SA_IATp03_9121.raw,nmdc:bsm-11-jv4z8645,EMSL 7 DCFS_A1_PRE_NotGr_NA_NA,NOM,high,ProcessedSample6_NOM
Miesel_60009_07_DCFS_A1_PRE_Met_SPE_r1_300SA_IATp03_9255.raw,nmdc:bsm-11-jv4z8645,EMSL 7 DCFS_A1_PRE_NotGr_NA_NA,NOM,high,ProcessedSample7_NOM
Miesel_60009_07_DCFS_A1_PRE_Met_SPE_r2_300SA_IATp03_9588.raw,nmdc:bsm-11-jv4z8645,EMSL 7 DCFS_A1_PRE_NotGr_NA_NA,NOM,high,ProcessedSample7_NOM
Miesel_60009_08_DELA_A_PRE_H2O_SPE_r1_26Jan23_Alder_300SA_IATp03_9016.raw,nmdc:bsm-11-2a214q05,EMSL 8 DELA_A_PRE_NotGr_NA_NA,NOM,high,ProcessedSample6_NOM
Miesel_60009_08_DELA_A_PRE_H2O_SPE_r2_28Jan23_Alder_300SA_IATp03_9087.raw,nmdc:bsm-11-2a214q05,EMSL 8 DELA_A_PRE_NotGr_NA_NA,NOM,high,ProcessedSample6_NOM
Miesel_60009_08_DELA_A_PRE_Met_SPE_r1_300SA_IATp03_9246.raw,nmdc:bsm-11-2a214q05,EMSL 8 DELA_A_PRE_NotGr_NA_NA,NOM,high,ProcessedSample7_NOM
Miesel_60009_08_DELA_A_PRE_Met_SPE_r2_300SA_IATp03_9580.raw,nmdc:bsm-11-2a214q05,EMSL 8 DELA_A_PRE_NotGr_NA_NA,NOM,high,ProcessedSample7_NOM
Miesel_60009_09_DSNY_A_PRE_H2O_SPE_r1_26Jan23_Alder_300SA_IATp03_9006.raw,nmdc:bsm-11-1fcma647,EMSL 9 DSNY_A_PRE_NotGr_NA_NA,NOM,high,ProcessedSample6_NOM
Miesel_60009_09_DSNY_A_PRE_H2O_SPE_r2_28Jan23_Alder_300SA_IATp03_9100.raw,nmdc:bsm-11-1fcma647,EMSL 9 DSNY_A_PRE_NotGr_NA_NA,NOM,high,ProcessedSample6_NOM
Miesel_60009_09_DSNY_A_PRE_Met_SPE_r1_300SA_IATp03_9248.raw,nmdc:bsm-11-1fcma647,EMSL 9 DSNY_A_PRE_NotGr_NA_NA,NOM,high,ProcessedSample7_NOM
Miesel_60009_09_DSNY_A_PRE_Met_SPE_r2_300SA_IATp03_9625.raw,nmdc:bsm-11-1fcma647,EMSL 9 DSNY_A_PRE_NotGr_NA_NA,NOM,high,ProcessedSample7_NOM
Miesel_60009_10_GRSM_A_PRE_H2O_SPE_r1_26Jan23_Alder_300SA_IATp03_9050.raw,nmdc:bsm-11-v9wwsa76,EMSL 10 GRSM_A_PRE_NotGr_NA_NA,NOM,high,ProcessedSample6_NOM
Miesel_60009_10_GRSM_A_PRE_H2O_SPE_r2_28Jan23_Fir_300SA_IATp03_9114.raw,nmdc:bsm-11-v9wwsa76,EMSL 10 GRSM_A_PRE_NotGr_NA_NA,NOM,high,ProcessedSample6_NOM
Miesel_60009_10_GRSM_A_PRE_Met_SPE_r1_30Jan23_Fir_300SA_IATp03_9180.raw,nmdc:bsm-11-v9wwsa76,EMSL 10 GRSM_A_PRE_NotGr_NA_NA,NOM,high,ProcessedSample7_NOM
Miesel_60009_10_GRSM_A_PRE_Met_SPE_r2_300SA_IATp03_9560.raw,nmdc:bsm-11-v9wwsa76,EMSL 10 GRSM_A_PRE_NotGr_NA_NA,NOM,high,ProcessedSample7_NOM
Miesel_60009_11_HEAL_Oae_PRE_H2O_SPE_r1_26Jan23_Alder_300SA_IATp03_8999.raw,nmdc:bsm-11-57n0am19,EMSL 11 HEAL_Oae_PRE_NotGr_NA_NA,NOM,high,ProcessedSample6_NOM
Miesel_60009_11_HEAL_Oae_PRE_H2O_SPE_r2_28Jan23_Alder_300SA_IATp03_9093.raw,nmdc:bsm-11-57n0am19,EMSL 11 HEAL_Oae_PRE_NotGr_NA_NA,NOM,high,ProcessedSample6_NOM
Miesel_60009_11_HEAL_Oae_PRE_Met_SPE_r1_300SA_IATp03_9285.raw,nmdc:bsm-11-57n0am19,EMSL 11 HEAL_Oae_PRE_NotGr_NA_NA,NOM,high,ProcessedSample7_NOM
Miesel_60009_11_HEAL_Oae_PRE_Met_SPE_r2_300SA_IATp03_9631.raw,nmdc:bsm-11-57n0am19,EMSL 11 HEAL_Oae_PRE_NotGr_NA_NA,NOM,high,ProcessedSample7_NOM
Miesel_60009_12_JORN_Ak_PRE_H2O_SPE_r1_26Jan23_Alder_300SA_IATp03_9062.raw,nmdc:bsm-11-x6051v50,EMSL 12 JORN_Ak_PRE_NotGr_NA_NA,NOM,high,ProcessedSample6_NOM
Miesel_60009_12_JORN_Ak_PRE_H2O_SPE_r2_28Jan23_Fir_300SA_IATp03_9147.raw,nmdc:bsm-11-x6051v50,EMSL 12 JORN_Ak_PRE_NotGr_NA_NA,NOM,high,ProcessedSample6_NOM
Miesel_60009_12_JORN_Ak_PRE_Met_SPE_r1_300SA_IATp03_9273.raw,nmdc:bsm-11-x6051v50,EMSL 12 JORN_Ak_PRE_NotGr_NA_NA,NOM,high,ProcessedSample7_NOM
Miesel_60009_12_JORN_Ak_PRE_Met_SPE_r2_300SA_IATp03_9610.raw,nmdc:bsm-11-x6051v50,EMSL 12 JORN_Ak_PRE_NotGr_NA_NA,NOM,high,ProcessedSample7_NOM
Miesel_60009_13_KONZ_A1_PRE_H2O_SPE_r1_26Jan23_Alder_300SA_IATp03_9070.raw,nmdc:bsm-11-czpa0a23,EMSL 13 KONZ_A1_PRE_NotGr_NA_NA,NOM,high,ProcessedSample6_NOM
Miesel_60009_13_KONZ_A1_PRE_H2O_SPE_r2_28Jan23_Alder_300SA_IATp03_9091.raw,nmdc:bsm-11-czpa0a23,EMSL 13 KONZ_A1_PRE_NotGr_NA_NA,NOM,high,ProcessedSample6_NOM
Miesel_60009_13_KONZ_A1_PRE_Met_SPE_r1_300SA_IATp03_9289.raw,nmdc:bsm-11-czpa0a23,EMSL 13 KONZ_A1_PRE_NotGr_NA_NA,NOM,high,ProcessedSample7_NOM
Miesel_60009_13_KONZ_A1_PRE_Met_SPE_r2_300SA_IATp03_9593.raw,nmdc:bsm-11-czpa0a23,EMSL 13 KONZ_A1_PRE_NotGr_NA_NA,NOM,high,ProcessedSample7_NOM
Miesel_60009_14_MLBS_A_PRE_H2O_SPE_r1_26Jan23_Alder_300SA_IATp03_9071.raw,nmdc:bsm-11-kypvs876,EMSL 14 MLBS_A_PRE_NotGr_NA_NA,NOM,high,ProcessedSample6_NOM
Miesel_60009_14_MLBS_A_PRE_H2O_SPE_r2_28Jan23_Fir_300SA_IATp03_9128.raw,nmdc:bsm-11-kypvs876,EMSL 14 MLBS_A_PRE_NotGr_NA_NA,NOM,high,ProcessedSample6_NOM
Miesel_60009_14_MLBS_A_PRE_Met_SPE_r1_30Jan23_Fir_300SA_IATp03_9173.raw,nmdc:bsm-11-kypvs876,EMSL 14 MLBS_A_PRE_NotGr_NA_NA,NOM,high,ProcessedSample7_NOM
Miesel_60009_14_MLBS_A_PRE_Met_SPE_r2_300SA_IATp03_9628.raw,nmdc:bsm-11-kypvs876,EMSL 14 MLBS_A_PRE_NotGr_NA_NA,NOM,high,ProcessedSample7_NOM
Miesel_60009_15_MOAB_A_PRE_H2O_SPE_r1_26Jan23_Alder_300SA_IATp03_9018.raw,nmdc:bsm-11-37ythp65,EMSL 15 MOAB_A_PRE_NotGr_NA_NA,NOM,high,ProcessedSample6_NOM
Miesel_60009_15_MOAB_A_PRE_H2O_SPE_r2_28Jan23_Alder_300SA_IATp03_9079.raw,nmdc:bsm-11-37ythp65,EMSL 15 MOAB_A_PRE_NotGr_NA_NA,NOM,high,ProcessedSample6_NOM
Miesel_60009_15_MOAB_A_PRE_Met_SPE_r1_300SA_IATp03_9262.raw,nmdc:bsm-11-37ythp65,EMSL 15 MOAB_A_PRE_NotGr_NA_NA,NOM,high,ProcessedSample7_NOM
Miesel_60009_15_MOAB_A_PRE_Met_SPE_r2_300SA_IATp03_9643.raw,nmdc:bsm-11-37ythp65,EMSL 15 MOAB_A_PRE_NotGr_NA_NA,NOM,high,ProcessedSample7_NOM
Miesel_60009_16_NGPR_A_PRE_H2O_SPE_r1_26Jan23_Alder_300SA_IATp03_9022.raw,nmdc:bsm-11-z2299p05,EMSL 16 NGPR_A_PRE_NotGr_NA_NA,NOM,high,ProcessedSample6_NOM
Miesel_60009_16_NGPR_A_PRE_H2O_SPE_r2_28Jan23_Fir_300SA_IATp03_9160.raw,nmdc:bsm-11-z2299p05,EMSL 16 NGPR_A_PRE_NotGr_NA_NA,NOM,high,ProcessedSample6_NOM
Miesel_60009_16_NGPR_A_PRE_Met_SPE_r1_30Jan23_Fir_300SA_IATp03_9196.raw,nmdc:bsm-11-z2299p05,EMSL 16 NGPR_A_PRE_NotGr_NA_NA,NOM,high,ProcessedSample7_NOM
Miesel_60009_16_NGPR_A_PRE_Met_SPE_r2_300SA_IATp03_9603.raw,nmdc:bsm-11-z2299p05,EMSL 16 NGPR_A_PRE_NotGr_NA_NA,NOM,high,ProcessedSample7_NOM
Miesel_60009_17_NIWO_A_PRE_H2O_SPE_r1_26Jan23_Alder_300SA_IATp03_9047.raw,nmdc:bsm-11-188dzv79,EMSL 17 NIWO_A_PRE_NotGr_NA_NA,NOM,high,ProcessedSample6_NOM
Miesel_60009_17_NIWO_A_PRE_H2O_SPE_r2_28Jan23_Alder_300SA_IATp03_9104.raw,nmdc:bsm-11-188dzv79,EMSL 17 NIWO_A_PRE_NotGr_NA_NA,NOM,high,ProcessedSample6_NOM
Miesel_60009_17_NIWO_A_PRE_Met_SPE_r1_300SA_IATp03_9294.raw,nmdc:bsm-11-188dzv79,EMSL 17 NIWO_A_PRE_NotGr_NA_NA,NOM,high,ProcessedSample7_NOM
Miesel_60009_17_NIWO_A_PRE_Met_SPE_r2_300SA_IATp03_9562.raw,nmdc:bsm-11-188dzv79,EMSL 17 NIWO_A_PRE_NotGr_NA_NA,NOM,high,ProcessedSample7_NOM
Miesel_60009_18_OSBS_A_PRE_H2O_SPE_r1_26Jan23_Alder_300SA_IATp03_9054.raw,nmdc:bsm-11-cxebp875,EMSL 18 OSBS_A_PRE_NotGr_NA_NA,NOM,high,ProcessedSample6_NOM
Miesel_60009_18_OSBS_A_PRE_H2O_SPE_r2_28Jan23_Fir_300SA_IATp03_9130.raw,nmdc:bsm-11-cxebp875,EMSL 18 OSBS_A_PRE_NotGr_NA_NA,NOM,high,ProcessedSample6_NOM
Miesel_60009_18_OSBS_A_PRE_Met_SPE_r1_30Jan23_Fir_300SA_IATp03_9191.raw,nmdc:bsm-11-cxebp875,EMSL 18 OSBS_A_PRE_NotGr_NA_NA,NOM,high,ProcessedSample7_NOM
Miesel_60009_18_OSBS_A_PRE_Met_SPE_r2_300SA_IATp03_9589.raw,nmdc:bsm-11-cxebp875,EMSL 18 OSBS_A_PRE_NotGr_NA_NA,NOM,high,ProcessedSample7_NOM
Miesel_60009_19_RMNP_A1_PRE_H2O_SPE_r1_26Jan23_Alder_300SA_IATp03_9032.raw,nmdc:bsm-11-v9e14793,EMSL 19 RMNP_A1_PRE_NotGr_NA_NA,NOM,high,ProcessedSample6_NOM
Miesel_60009_19_RMNP_A1_PRE_H2O_SPE_r2_28Jan23_Fir_300SA_IATp03_9126.raw,nmdc:bsm-11-v9e14793,EMSL 19 RMNP_A1_PRE_NotGr_NA_NA,NOM,high,ProcessedSample6_NOM
Miesel_60009_19_RMNP_A1_PRE_Met_SPE_r1_30Jan23_Fir_300SA_IATp03_9179.raw,nmdc:bsm-11-v9e14793,EMSL 19 RMNP_A1_PRE_NotGr_NA_NA,NOM,high,ProcessedSample7_NOM
Miesel_60009_19_RMNP_A1_PRE_Met_SPE_r2_300SA_IATp03_9584.raw,nmdc:bsm-11-v9e14793,EMSL 19 RMNP_A1_PRE_NotGr_NA_NA,NOM,high,ProcessedSample7_NOM
Miesel_60009_20_SERC_A_PRE_H2O_SPE_r1_26Jan23_Alder_300SA_IATp03_9012.raw,nmdc:bsm-11-s5hdh733,EMSL 20 SERC_A_PRE_NotGr_NA_NA,NOM,high,ProcessedSample6_NOM
Miesel_60009_20_SERC_A_PRE_H2O_SPE_r2_28Jan23_Fir_300SA_IATp03_9148.raw,nmdc:bsm-11-s5hdh733,EMSL 20 SERC_A_PRE_NotGr_NA_NA,NOM,high,ProcessedSample6_NOM
Miesel_60009_20_SERC_A_PRE_Met_SPE_r1_30Jan23_Fir_300SA_IATp03_9189.raw,nmdc:bsm-11-s5hdh733,EMSL 20 SERC_A_PRE_NotGr_NA_NA,NOM,high,ProcessedSample7_NOM
Miesel_60009_20_SERC_A_PRE_Met_SPE_r2_300SA_IATp03_9629.raw,nmdc:bsm-11-s5hdh733,EMSL 20 SERC_A_PRE_NotGr_NA_NA,NOM,high,ProcessedSample7_NOM
Miesel_60009_21_SJER_A_PRE_H2O_SPE_r1_26Jan23_Alder_300SA_IATp03_8990.raw,nmdc:bsm-11-bbsdg778,EMSL 21 SJER_A_PRE_NotGr_NA_NA,NOM,high,ProcessedSample6_NOM
Miesel_60009_21_SJER_A_PRE_H2O_SPE_r2_28Jan23_Fir_300SA_IATp03_9137.raw,nmdc:bsm-11-bbsdg778,EMSL 21 SJER_A_PRE_NotGr_NA_NA,NOM,high,ProcessedSample6_NOM
Miesel_60009_21_SJER_A_PRE_Met_SPE_r1_300SA_IATp03_9251.raw,nmdc:bsm-11-bbsdg778,EMSL 21 SJER_A_PRE_NotGr_NA_NA,NOM,high,ProcessedSample7_NOM
Miesel_60009_21_SJER_A_PRE_Met_SPE_r2_300SA_IATp03_9597.raw,nmdc:bsm-11-bbsdg778,EMSL 21 SJER_A_PRE_NotGr_NA_NA,NOM,high,ProcessedSample7_NOM
Miesel_60009_22_SOAP_A_PRE_H2O_SPE_r1_26Jan23_Alder_300SA_IATp03_9057.raw,nmdc:bsm-11-zz785q05,EMSL 22 SOAP_A_PRE_NotGr_NA_NA,NOM,high,ProcessedSample6_NOM
Miesel_60009_22_SOAP_A_PRE_H2O_SPE_r2_28Jan23_Alder_300SA_IATp03_9085.raw,nmdc:bsm-11-zz785q05,EMSL 22 SOAP_A_PRE_NotGr_NA_NA,NOM,high,ProcessedSample6_NOM
Miesel_60009_22_SOAP_A_PRE_Met_SPE_r1_30Jan23_Fir_300SA_IATp03_9184.raw,nmdc:bsm-11-zz785q05,EMSL 22 SOAP_A_PRE_NotGr_NA_NA,NOM,high,ProcessedSample7_NOM
Miesel_60009_22_SOAP_A_PRE_Met_SPE_r2_300SA_IATp03_9579.raw,nmdc:bsm-11-zz785q05,EMSL 22 SOAP_A_PRE_NotGr_NA_NA,NOM,high,ProcessedSample7_NOM
Miesel_60009_23_STEI_A1_PRE_H2O_SPE_r1_26Jan23_Alder_300SA_IATp03_9033.raw,nmdc:bsm-11-m7137540,EMSL 23 STEI_A1_PRE_NotGr_NA_NA,NOM,high,ProcessedSample6_NOM
Miesel_60009_23_STEI_A1_PRE_H2O_SPE_r2_28Jan23_Alder_300SA_IATp03_9094.raw,nmdc:bsm-11-m7137540,EMSL 23 STEI_A1_PRE_NotGr_NA_NA,NOM,high,ProcessedSample6_NOM
Miesel_60009_23_STEI_A1_PRE_Met_SPE_r1_30Jan23_Fir_300SA_IATp03_9192.raw,nmdc:bsm-11-m7137540,EMSL 23 STEI_A1_PRE_NotGr_NA_NA,NOM,high,ProcessedSample7_NOM
Miesel_60009_23_STEI_A1_PRE_Met_SPE_r2_300SA_IATp03_9623.raw,nmdc:bsm-11-m7137540,EMSL 23 STEI_A1_PRE_NotGr_NA_NA,NOM,high,ProcessedSample7_NOM
Miesel_60009_24_TALL_A1_PRE_H2O_SPE_r1_26Jan23_Alder_300SA_IATp03_9043.raw,nmdc:bsm-11-t7eq2555,EMSL 24 TALL_A1_PRE_NotGr_NA_NA,NOM,high,ProcessedSample6_NOM
Miesel_60009_24_TALL_A1_PRE_H2O_SPE_r2_28Jan23_Fir_300SA_IATp03_9131.raw,nmdc:bsm-11-t7eq2555,EMSL 24 TALL_A1_PRE_NotGr_NA_NA,NOM,high,ProcessedSample6_NOM
Miesel_60009_24_TALL_A1_PRE_Met_SPE_r1_30Jan23_Fir_300SA_IATp03_9241.raw,nmdc:bsm-11-t7eq2555,EMSL 24 TALL_A1_PRE_NotGr_NA_NA,NOM,high,ProcessedSample7_NOM
Miesel_60009_24_TALL_A1_PRE_Met_SPE_r2_300SA_IATp03_9587.raw,nmdc:bsm-11-t7eq2555,EMSL 24 TALL_A1_PRE_NotGr_NA_NA,NOM,high,ProcessedSample7_NOM
Miesel_60009_25_TREE_A1_PRE_H2O_SPE_r1_26Jan23_Alder_300SA_IATp03_9029.raw,nmdc:bsm-11-5pr0md39,EMSL 25 TREE_A1_PRE_NotGr_NA_NA,NOM,high,ProcessedSample6_NOM
Miesel_60009_25_TREE_A1_PRE_H2O_SPE_r2_28Jan23_Fir_300SA_IATp03_9162.raw,nmdc:bsm-11-5pr0md39,EMSL 25 TREE_A1_PRE_NotGr_NA_NA,NOM,high,ProcessedSample6_NOM
Miesel_60009_25_TREE_A1_PRE_Met_SPE_r1_300SA_IATp03_9292.raw,nmdc:bsm-11-5pr0md39,EMSL 25 TREE_A1_PRE_NotGr_NA_NA,NOM,high,ProcessedSample7_NOM
Miesel_60009_25_TREE_A1_PRE_Met_SPE_r2_300SA_IATp03_9565.raw,nmdc:bsm-11-5pr0md39,EMSL 25 TREE_A1_PRE_NotGr_NA_NA,NOM,high,ProcessedSample7_NOM
Miesel_60009_26_UNDE_A_PRE_H2O_SPE_r1_26Jan23_Alder_300SA_IATp03_8996.raw,nmdc:bsm-11-3tk5be27,EMSL 26 UNDE_A_PRE_NotGr_NA_NA,NOM,high,ProcessedSample6_NOM
Miesel_60009_26_UNDE_A_PRE_H2O_SPE_r2_28Jan23_Fir_300SA_IATp03_9155.raw,nmdc:bsm-11-3tk5be27,EMSL 26 UNDE_A_PRE_NotGr_NA_NA,NOM,high,ProcessedSample6_NOM
Miesel_60009_26_UNDE_A_PRE_Met_SPE_r1_300SA_IATp03_9279.raw,nmdc:bsm-11-3tk5be27,EMSL 26 UNDE_A_PRE_NotGr_NA_NA,NOM,high,ProcessedSample7_NOM
Miesel_60009_26_UNDE_A_PRE_Met_SPE_r2_300SA_IATp03_9640.raw,nmdc:bsm-11-3tk5be27,EMSL 26 UNDE_A_PRE_NotGr_NA_NA,NOM,high,ProcessedSample7_NOM
Miesel_60009_27_WREF_A1_PRE_H2O_SPE_r1_26Jan23_Alder_300SA_IATp03_9060.raw,nmdc:bsm-11-81nkhg93,EMSL 27 WREF_A1_PRE_NotGr_NA_NA,NOM,high,ProcessedSample6_NOM
Miesel_60009_27_WREF_A1_PRE_H2O_SPE_r2_28Jan23_Fir_300SA_IATp03_9107.raw,nmdc:bsm-11-81nkhg93,EMSL 27 WREF_A1_PRE_NotGr_NA_NA,NOM,high,ProcessedSample6_NOM
Miesel_60009_27_WREF_A1_PRE_Met_SPE_r1_300SA_IATp03_9277.raw,nmdc:bsm-11-81nkhg93,EMSL 27 WREF_A1_PRE_NotGr_NA_NA,NOM,high,ProcessedSample7_NOM
Miesel_60009_27_WREF_A1_PRE_Met_SPE_r2_300SA_IATp03_9598.raw,nmdc:bsm-11-81nkhg93,EMSL 27 WREF_A1_PRE_NotGr_NA_NA,NOM,high,ProcessedSample7_NOM
Miesel_60009_37_ABBY_A_POST_MST_33_H2O_SPE_r1_26Jan23_Alder_300SA_IATp03_9021.raw,nmdc:bsm-11-t2j2tb83,EMSL 37 ABBY_A_POST_NotGr_MST_33,NOM,high,ProcessedSample6_NOM
Miesel_60009_37_ABBY_A_POST_MST_33_H2O_SPE_r2_28Jan23_Fir_300SA_IATp03_9118.raw,nmdc:bsm-11-t2j2tb83,EMSL 37 ABBY_A_POST_NotGr_MST_33,NOM,high,ProcessedSample6_NOM
Miesel_60009_37_ABBY_A_POST_MST_33_Met_SPE_r1_30Jan23_Fir_300SA_IATp03_9178.raw,nmdc:bsm-11-t2j2tb83,EMSL 37 ABBY_A_POST_NotGr_MST_33,NOM,high,ProcessedSample7_NOM
Miesel_60009_37_ABBY_A_POST_MST_33_Met_SPE_r2_300SA_IATp03_9630.raw,nmdc:bsm-11-t2j2tb83,EMSL 37 ABBY_A_POST_NotGr_MST_33,NOM,high,ProcessedSample7_NOM
Miesel_60009_38_BARR_Oaf_POST_MST_33_H2O_SPE_r1_26Jan23_Alder_300SA_IATp03_9053.raw,nmdc:bsm-11-g55mqq95,EMSL 38 BARR_Oaf_POST_NotGr_MST_33,NOM,high,ProcessedSample6_NOM
Miesel_60009_38_BARR_Oaf_POST_MST_33_H2O_SPE_r2_28Jan23_Fir_300SA_IATp03_9142.raw,nmdc:bsm-11-g55mqq95,EMSL 38 BARR_Oaf_POST_NotGr_MST_33,NOM,high,ProcessedSample6_NOM
Miesel_60009_38_BARR_Oaf_POST_MST_33_Met_SPE_r1_30Jan23_Fir_300SA_IATp03_9183.raw,nmdc:bsm-11-g55mqq95,EMSL 38 BARR_Oaf_POST_NotGr_MST_33,NOM,high,ProcessedSample7_NOM
Miesel_60009_38_BARR_Oaf_POST_MST_33_Met_SPE_r2_300SA_IATp03_9635.raw,nmdc:bsm-11-g55mqq95,EMSL 38 BARR_Oaf_POST_NotGr_MST_33,NOM,high,ProcessedSample7_NOM
Miesel_60009_39_BLAN_Ap1_POST_MST_33_H2O_SPE_r1_26Jan23_Alder_300SA_IATp03_8994.raw,nmdc:bsm-11-0n65yd98,EMSL 39 BLAN_Ap1_POST_NotGr_MST_33,NOM,high,ProcessedSample6_NOM
Miesel_60009_39_BLAN_Ap1_POST_MST_33_H2O_SPE_r2_28Jan23_Alder_300SA_IATp03_9089.raw,nmdc:bsm-11-0n65yd98,EMSL 39 BLAN_Ap1_POST_NotGr_MST_33,NOM,high,ProcessedSample6_NOM
Miesel_60009_39_BLAN_Ap1_POST_MST_33_Met_SPE_r1_300SA_IATp03_9260.raw,nmdc:bsm-11-0n65yd98,EMSL 39 BLAN_Ap1_POST_NotGr_MST_33,NOM,high,ProcessedSample7_NOM
Miesel_60009_39_BLAN_Ap1_POST_MST_33_Met_SPE_r2_300SA_IATp03_9616.raw,nmdc:bsm-11-0n65yd98,EMSL 39 BLAN_Ap1_POST_NotGr_MST_33,NOM,high,ProcessedSample7_NOM
Miesel_60009_40_BONA_Oea_POST_MST_33_H2O_SPE_r1_26Jan23_Alder_300SA_IATp03_9035.raw,nmdc:bsm-11-89sqhh96,EMSL 40 BONA_Oea_POST_NotGr_MST_33,NOM,high,ProcessedSample6_NOM
Miesel_60009_40_BONA_Oea_POST_MST_33_H2O_SPE_r2_28Jan23_Alder_300SA_IATp03_9078.raw,nmdc:bsm-11-89sqhh96,EMSL 40 BONA_Oea_POST_NotGr_MST_33,NOM,high,ProcessedSample6_NOM
Miesel_60009_40_BONA_Oea_POST_MST_33_Met_SPE_r1_30Jan23_Fir_300SA_IATp03_9239.raw,nmdc:bsm-11-89sqhh96,EMSL 40 BONA_Oea_POST_NotGr_MST_33,NOM,high,ProcessedSample7_NOM
Miesel_60009_40_BONA_Oea_POST_MST_33_Met_SPE_r2_300SA_IATp03_9605.raw,nmdc:bsm-11-89sqhh96,EMSL 40 BONA_Oea_POST_NotGr_MST_33,NOM,high,ProcessedSample7_NOM
Miesel_60009_41_CLBJ_A1_POST_MST_33_H2O_SPE_r1_26Jan23_Alder_300SA_IATp03_9039.raw,nmdc:bsm-11-2cj4cf88,EMSL 41 CLBJ_A1_POST_NotGr_MST_33,NOM,high,ProcessedSample6_NOM
Miesel_60009_41_CLBJ_A1_POST_MST_33_H2O_SPE_r2_28Jan23_Fir_300SA_IATp03_9133.raw,nmdc:bsm-11-2cj4cf88,EMSL 41 CLBJ_A1_POST_NotGr_MST_33,NOM,high,ProcessedSample6_NOM
Miesel_60009_41_CLBJ_A1_POST_MST_33_Met_SPE_r1_30Jan23_Fir_300SA_IATp03_9188.raw,nmdc:bsm-11-2cj4cf88,EMSL 41 CLBJ_A1_POST_NotGr_MST_33,NOM,high,ProcessedSample7_NOM
Miesel_60009_41_CLBJ_A1_POST_MST_33_Met_SPE_r2_300SA_IATp03_9602.raw,nmdc:bsm-11-2cj4cf88,EMSL 41 CLBJ_A1_POST_NotGr_MST_33,NOM,high,ProcessedSample7_NOM
Miesel_60009_42_CPER_A1_POST_MST_33_H2O_SPE_r1_26Jan23_Alder_300SA_IATp03_9011.raw,nmdc:bsm-11-9hpkqy23,EMSL 42 CPER_A1_POST_NotGr_MST_33,NOM,high,ProcessedSample6_NOM
Miesel_60009_42_CPER_A1_POST_MST_33_H2O_SPE_r2_28Jan23_Alder_300SA_IATp03_9097.raw,nmdc:bsm-11-9hpkqy23,EMSL 42 CPER_A1_POST_NotGr_MST_33,NOM,high,ProcessedSample6_NOM
Miesel_60009_42_CPER_A1_POST_MST_33_Met_SPE_r1_300SA_IATp03_9290.raw,nmdc:bsm-11-9hpkqy23,EMSL 42 CPER_A1_POST_NotGr_MST_33,NOM,high,ProcessedSample7_NOM
Miesel_60009_42_CPER_A1_POST_MST_33_Met_SPE_r2_300SA_IATp03_9641.raw,nmdc:bsm-11-9hpkqy23,EMSL 42 CPER_A1_POST_NotGr_MST_33,NOM,high,ProcessedSample7_NOM
Miesel_60009_43_DCFS_A1_POST_MST_33_H2O_SPE_r1_26Jan23_Alder_300SA_IATp03_9023.raw,nmdc:bsm-11-mzz92d33,EMSL 43 DCFS_A1_POST_NotGr_MST_33,NOM,high,ProcessedSample6_NOM
Miesel_60009_43_DCFS_A1_POST_MST_33_H2O_SPE_r2_28Jan23_Alder_300SA_IATp03_9080.raw,nmdc:bsm-11-mzz92d33,EMSL 43 DCFS_A1_POST_NotGr_MST_33,NOM,high,ProcessedSample6_NOM
Miesel_60009_43_DCFS_A1_POST_MST_33_Met_SPE_r1_300SA_IATp03_9270.raw,nmdc:bsm-11-mzz92d33,EMSL 43 DCFS_A1_POST_NotGr_MST_33,NOM,high,ProcessedSample7_NOM
Miesel_60009_43_DCFS_A1_POST_MST_33_Met_SPE_r2_300SA_IATp03_9636.raw,nmdc:bsm-11-mzz92d33,EMSL 43 DCFS_A1_POST_NotGr_MST_33,NOM,high,ProcessedSample7_NOM
Miesel_60009_44_DELA_A_POST_MST_33_H2O_SPE_r1_26Jan23_Alder_300SA_IATp03_9061.raw,nmdc:bsm-11-zjb1z714,EMSL 44 DELA_A_POST_NotGr_MST_33,NOM,high,ProcessedSample6_NOM
Miesel_60009_44_DELA_A_POST_MST_33_H2O_SPE_r2_28Jan23_Fir_300SA_IATp03_9132.raw,nmdc:bsm-11-zjb1z714,EMSL 44 DELA_A_POST_NotGr_MST_33,NOM,high,ProcessedSample6_NOM
Miesel_60009_44_DELA_A_POST_MST_33_Met_SPE_r1_30Jan23_Fir_300SA_IATp03_9175.raw,nmdc:bsm-11-zjb1z714,EMSL 44 DELA_A_POST_NotGr_MST_33,NOM,high,ProcessedSample7_NOM
Miesel_60009_44_DELA_A_POST_MST_33_Met_SPE_r2_300SA_IATp03_9578.raw,nmdc:bsm-11-zjb1z714,EMSL 44 DELA_A_POST_NotGr_MST_33,NOM,high,ProcessedSample7_NOM
Miesel_60009_45_DSNY_A_POST_MST_33_H2O_SPE_r1_26Jan23_Alder_300SA_IATp03_9042.raw,nmdc:bsm-11-8bg8gj60,EMSL 45 DSNY_A_POST_NotGr_MST_33,NOM,high,ProcessedSample6_NOM
Miesel_60009_45_DSNY_A_POST_MST_33_H2O_SPE_r2_28Jan23_Alder_300SA_IATp03_9081.raw,nmdc:bsm-11-8bg8gj60,EMSL 45 DSNY_A_POST_NotGr_MST_33,NOM,high,ProcessedSample6_NOM
Miesel_60009_45_DSNY_A_POST_MST_33_Met_SPE_r1_300SA_IATp03_9268.raw,nmdc:bsm-11-8bg8gj60,EMSL 45 DSNY_A_POST_NotGr_MST_33,NOM,high,ProcessedSample7_NOM
Miesel_60009_45_DSNY_A_POST_MST_33_Met_SPE_r2_300SA_IATp03_9566.raw,nmdc:bsm-11-8bg8gj60,EMSL 45 DSNY_A_POST_NotGr_MST_33,NOM,high,ProcessedSample7_NOM
Miesel_60009_46_GRSM_A_POST_MST_33_H2O_SPE_r1_26Jan23_Alder_300SA_IATp03_9028.raw,nmdc:bsm-11-262q3j19,EMSL 46 GRSM_A_POST_NotGr_MST_33,NOM,high,ProcessedSample6_NOM
Miesel_60009_46_GRSM_A_POST_MST_33_H2O_SPE_r2_28Jan23_Fir_300SA_IATp03_9152.raw,nmdc:bsm-11-262q3j19,EMSL 46 GRSM_A_POST_NotGr_MST_33,NOM,high,ProcessedSample6_NOM
Miesel_60009_46_GRSM_A_POST_MST_33_Met_SPE_r1_300SA_IATp03_9257.raw,nmdc:bsm-11-262q3j19,EMSL 46 GRSM_A_POST_NotGr_MST_33,NOM,high,ProcessedSample7_NOM
Miesel_60009_46_GRSM_A_POST_MST_33_Met_SPE_r2_300SA_IATp03_9609.raw,nmdc:bsm-11-262q3j19,EMSL 46 GRSM_A_POST_NotGr_MST_33,NOM,high,ProcessedSample7_NOM
Miesel_60009_47_HEAL_Oae_POST_MST_33_H2O_SPE_r1_26Jan23_Alder_300SA_IATp03_9007.raw,nmdc:bsm-11-56ck4y26,EMSL 47 HEAL_Oae_POST_NotGr_MST_33,NOM,high,ProcessedSample6_NOM
Miesel_60009_47_HEAL_Oae_POST_MST_33_H2O_SPE_r2_28Jan23_Fir_300SA_IATp03_9135.raw,nmdc:bsm-11-56ck4y26,EMSL 47 HEAL_Oae_POST_NotGr_MST_33,NOM,high,ProcessedSample6_NOM
Miesel_60009_47_HEAL_Oae_POST_MST_33_Met_SPE_r1_300SA_IATp03_9283.raw,nmdc:bsm-11-56ck4y26,EMSL 47 HEAL_Oae_POST_NotGr_MST_33,NOM,high,ProcessedSample7_NOM
Miesel_60009_47_HEAL_Oae_POST_MST_33_Met_SPE_r2_300SA_IATp03_9572.raw,nmdc:bsm-11-56ck4y26,EMSL 47 HEAL_Oae_POST_NotGr_MST_33,NOM,high,ProcessedSample7_NOM
Miesel_60009_48_JORN_Ak_POST_MST_33_H2O_SPE_r1_26Jan23_Alder_300SA_IATp03_9068.raw,nmdc:bsm-11-ypsg5973,EMSL 48 JORN_Ak_POST_NotGr_MST_33,NOM,high,ProcessedSample6_NOM
Miesel_60009_48_JORN_Ak_POST_MST_33_H2O_SPE_r2_28Jan23_Fir_300SA_IATp03_9112.raw,nmdc:bsm-11-ypsg5973,EMSL 48 JORN_Ak_POST_NotGr_MST_33,NOM,high,ProcessedSample6_NOM
Miesel_60009_48_JORN_Ak_POST_MST_33_Met_SPE_r1_300SA_IATp03_9287.raw,nmdc:bsm-11-ypsg5973,EMSL 48 JORN_Ak_POST_NotGr_MST_33,NOM,high,ProcessedSample7_NOM
Miesel_60009_48_JORN_Ak_POST_MST_33_Met_SPE_r2_300SA_IATp03_9614.raw,nmdc:bsm-11-ypsg5973,EMSL 48 JORN_Ak_POST_NotGr_MST_33,NOM,high,ProcessedSample7_NOM
Miesel_60009_49_KONZ_A1_POST_MST_33_H2O_SPE_r1_26Jan23_Alder_300SA_IATp03_9017.raw,nmdc:bsm-11-8e8v8k74,EMSL 49 KONZ_A1_POST_NotGr_MST_33,NOM,high,ProcessedSample6_NOM
Miesel_60009_49_KONZ_A1_POST_MST_33_H2O_SPE_r2_28Jan23_Alder_300SA_IATp03_9105.raw,nmdc:bsm-11-8e8v8k74,EMSL 49 KONZ_A1_POST_NotGr_MST_33,NOM,high,ProcessedSample6_NOM
Miesel_60009_49_KONZ_A1_POST_MST_33_Met_SPE_r1_300SA_IATp03_9293.raw,nmdc:bsm-11-8e8v8k74,EMSL 49 KONZ_A1_POST_NotGr_MST_33,NOM,high,ProcessedSample7_NOM
Miesel_60009_49_KONZ_A1_POST_MST_33_Met_SPE_r2_300SA_IATp03_9573.raw,nmdc:bsm-11-8e8v8k74,EMSL 49 KONZ_A1_POST_NotGr_MST_33,NOM,high,ProcessedSample7_NOM
Miesel_60009_50_MLBS_A_POST_MST_33_H2O_SPE_r1_26Jan23_Alder_300SA_IATp03_9001.raw,nmdc:bsm-11-0vgkpt58,EMSL 50 MLBS_A_POST_NotGr_MST_33,NOM,high,ProcessedSample6_NOM
Miesel_60009_50_MLBS_A_POST_MST_33_H2O_SPE_r2_28Jan23_Fir_300SA_IATp03_9143.raw,nmdc:bsm-11-0vgkpt58,EMSL 50 MLBS_A_POST_NotGr_MST_33,NOM,high,ProcessedSample6_NOM
Miesel_60009_50_MLBS_A_POST_MST_33_Met_SPE_r1_300SA_IATp03_9288.raw,nmdc:bsm-11-0vgkpt58,EMSL 50 MLBS_A_POST_NotGr_MST_33,NOM,high,ProcessedSample7_NOM
Miesel_60009_50_MLBS_A_POST_MST_33_Met_SPE_r2_300SA_IATp03_9581.raw,nmdc:bsm-11-0vgkpt58,EMSL 50 MLBS_A_POST_NotGr_MST_33,NOM,high,ProcessedSample7_NOM
Miesel_60009_51_MOAB_A_POST_MST_33_H2O_SPE_r1_26Jan23_Alder_300SA_IATp03_9019.raw,nmdc:bsm-11-aw9xpa90,EMSL 51 MOAB_A_POST_NotGr_MST_33,NOM,high,ProcessedSample6_NOM
Miesel_60009_51_MOAB_A_POST_MST_33_H2O_SPE_r2_28Jan23_Fir_300SA_IATp03_9115.raw,nmdc:bsm-11-aw9xpa90,EMSL 51 MOAB_A_POST_NotGr_MST_33,NOM,high,ProcessedSample6_NOM
Miesel_60009_51_MOAB_A_POST_MST_33_Met_SPE_r1_30Jan23_Fir_300SA_IATp03_9171.raw,nmdc:bsm-11-aw9xpa90,EMSL 51 MOAB_A_POST_NotGr_MST_33,NOM,high,ProcessedSample7_NOM
Miesel_60009_51_MOAB_A_POST_MST_33_Met_SPE_r2_300SA_IATp03_9642.raw,nmdc:bsm-11-aw9xpa90,EMSL 51 MOAB_A_POST_NotGr_MST_33,NOM,high,ProcessedSample7_NOM
Miesel_60009_52_NGPR_A_POST_MST_33_H2O_SPE_r1_26Jan23_Alder_300SA_IATp03_9030.raw,nmdc:bsm-11-v2kqzp11,EMSL 52 NGPR_A_POST_NotGr_MST_33,NOM,high,ProcessedSample6_NOM
Miesel_60009_52_NGPR_A_POST_MST_33_H2O_SPE_r2_28Jan23_Fir_300SA_IATp03_9167.raw,nmdc:bsm-11-v2kqzp11,EMSL 52 NGPR_A_POST_NotGr_MST_33,NOM,high,ProcessedSample6_NOM
Miesel_60009_52_NGPR_A_POST_MST_33_Met_SPE_r1_30Jan23_Fir_300SA_IATp03_9182.raw,nmdc:bsm-11-v2kqzp11,EMSL 52 NGPR_A_POST_NotGr_MST_33,NOM,high,ProcessedSample7_NOM
Miesel_60009_52_NGPR_A_POST_MST_33_Met_SPE_r2_300SA_IATp03_9613.raw,nmdc:bsm-11-v2kqzp11,EMSL 52 NGPR_A_POST_NotGr_MST_33,NOM,high,ProcessedSample7_NOM
Miesel_60009_53_NIWO_A_POST_MST_33_H2O_SPE_r1_26Jan23_Alder_300SA_IATp03_8997.raw,nmdc:bsm-11-1mgzn748,EMSL 53 NIWO_A_POST_NotGr_MST_33,NOM,high,ProcessedSample6_NOM
Miesel_60009_53_NIWO_A_POST_MST_33_H2O_SPE_r2_28Jan23_Fir_300SA_IATp03_9136.raw,nmdc:bsm-11-1mgzn748,EMSL 53 NIWO_A_POST_NotGr_MST_33,NOM,high,ProcessedSample6_NOM
Miesel_60009_53_NIWO_A_POST_MST_33_Met_SPE_r1_300SA_IATp03_9265.raw,nmdc:bsm-11-1mgzn748,EMSL 53 NIWO_A_POST_NotGr_MST_33,NOM,high,ProcessedSample7_NOM
Miesel_60009_53_NIWO_A_POST_MST_33_Met_SPE_r2_300SA_IATp03_9632.raw,nmdc:bsm-11-1mgzn748,EMSL 53 NIWO_A_POST_NotGr_MST_33,NOM,high,ProcessedSample7_NOM
Miesel_60009_54_OSBS_A_POST_MST_33_H2O_SPE_r1_26Jan23_Alder_300SA_IATp03_9003.raw,nmdc:bsm-11-6m5pgr13,EMSL 54 OSBS_A_POST_NotGr_MST_33,NOM,high,ProcessedSample6_NOM
Miesel_60009_54_OSBS_A_POST_MST_33_H2O_SPE_r2_28Jan23_Alder_300SA_IATp03_9095.raw,nmdc:bsm-11-6m5pgr13,EMSL 54 OSBS_A_POST_NotGr_MST_33,NOM,high,ProcessedSample6_NOM
Miesel_60009_54_OSBS_A_POST_MST_33_Met_SPE_r1_300SA_IATp03_9253.raw,nmdc:bsm-11-6m5pgr13,EMSL 54 OSBS_A_POST_NotGr_MST_33,NOM,high,ProcessedSample7_NOM
Miesel_60009_54_OSBS_A_POST_MST_33_Met_SPE_r2_300SA_IATp03_9637.raw,nmdc:bsm-11-6m5pgr13,EMSL 54 OSBS_A_POST_NotGr_MST_33,NOM,high,ProcessedSample7_NOM
Miesel_60009_55_RMNP_A1_POST_MST_33_H2O_SPE_r1_26Jan23_Alder_300SA_IATp03_9066.raw,nmdc:bsm-11-7dmzve23,EMSL 55 RMNP_A1_POST_NotGr_MST_33,NOM,high,ProcessedSample6_NOM
Miesel_60009_55_RMNP_A1_POST_MST_33_H2O_SPE_r2_28Jan23_Alder_300SA_IATp03_9102.raw,nmdc:bsm-11-7dmzve23,EMSL 55 RMNP_A1_POST_NotGr_MST_33,NOM,high,ProcessedSample6_NOM
Miesel_60009_55_RMNP_A1_POST_MST_33_Met_SPE_r1_30Jan23_Fir_300SA_IATp03_9185.raw,nmdc:bsm-11-7dmzve23,EMSL 55 RMNP_A1_POST_NotGr_MST_33,NOM,high,ProcessedSample7_NOM
Miesel_60009_55_RMNP_A1_POST_MST_33_Met_SPE_r2_300SA_IATp03_9577.raw,nmdc:bsm-11-7dmzve23,EMSL 55 RMNP_A1_POST_NotGr_MST_33,NOM,high,ProcessedSample7_NOM
Miesel_60009_56_SERC_A_POST_MST_33_H2O_SPE_r1_26Jan23_Alder_300SA_IATp03_9002.raw,nmdc:bsm-11-zd1wbz45,EMSL 56 SERC_A_POST_NotGr_MST_33,NOM,high,ProcessedSample6_NOM
Miesel_60009_56_SERC_A_POST_MST_33_H2O_SPE_r2_28Jan23_Fir_300SA_IATp03_9164.raw,nmdc:bsm-11-zd1wbz45,EMSL 56 SERC_A_POST_NotGr_MST_33,NOM,high,ProcessedSample6_NOM
Miesel_60009_56_SERC_A_POST_MST_33_Met_SPE_r1_300SA_IATp03_9284.raw,nmdc:bsm-11-zd1wbz45,EMSL 56 SERC_A_POST_NotGr_MST_33,NOM,high,ProcessedSample7_NOM
Miesel_60009_56_SERC_A_POST_MST_33_Met_SPE_r2_300SA_IATp03_9594.raw,nmdc:bsm-11-zd1wbz45,EMSL 56 SERC_A_POST_NotGr_MST_33,NOM,high,ProcessedSample7_NOM
Miesel_60009_57_SJER_A_POST_MST_33_H2O_SPE_r1_26Jan23_Alder_300SA_IATp03_9026.raw,nmdc:bsm-11-ddcg6623,EMSL 57 SJER_A_POST_NotGr_MST_33,NOM,high,ProcessedSample6_NOM
Miesel_60009_57_SJER_A_POST_MST_33_H2O_SPE_r2_28Jan23_Alder_300SA_IATp03_9096.raw,nmdc:bsm-11-ddcg6623,EMSL 57 SJER_A_POST_NotGr_MST_33,NOM,high,ProcessedSample6_NOM
Miesel_60009_57_SJER_A_POST_MST_33_Met_SPE_r1_30Jan23_Fir_300SA_IATp03_9240.raw,nmdc:bsm-11-ddcg6623,EMSL 57 SJER_A_POST_NotGr_MST_33,NOM,high,ProcessedSample7_NOM
Miesel_60009_57_SJER_A_POST_MST_33_Met_SPE_r2_300SA_IATp03_9620.raw,nmdc:bsm-11-ddcg6623,EMSL 57 SJER_A_POST_NotGr_MST_33,NOM,high,ProcessedSample7_NOM
Miesel_60009_58_SOAP_A_POST_MST_33_H2O_SPE_r1_26Jan23_Alder_300SA_IATp03_9048.raw,nmdc:bsm-11-ybyjz464,EMSL 58 SOAP_A_POST_NotGr_MST_33,NOM,high,ProcessedSample6_NOM
Miesel_60009_58_SOAP_A_POST_MST_33_H2O_SPE_r2_28Jan23_Fir_300SA_IATp03_9111.raw,nmdc:bsm-11-ybyjz464,EMSL 58 SOAP_A_POST_NotGr_MST_33,NOM,high,ProcessedSample6_NOM
Miesel_60009_58_SOAP_A_POST_MST_33_Met_SPE_r1_30Jan23_Fir_300SA_IATp03_9242.raw,nmdc:bsm-11-ybyjz464,EMSL 58 SOAP_A_POST_NotGr_MST_33,NOM,high,ProcessedSample7_NOM
Miesel_60009_58_SOAP_A_POST_MST_33_Met_SPE_r2_300SA_IATp03_9561.raw,nmdc:bsm-11-ybyjz464,EMSL 58 SOAP_A_POST_NotGr_MST_33,NOM,high,ProcessedSample7_NOM
Miesel_60009_59_STEI_A1_POST_MST_33_H2O_SPE_r1_26Jan23_Alder_300SA_IATp03_9041.raw,nmdc:bsm-11-kvxpkn12,EMSL 59 STEI_A1_POST_NotGr_MST_33,NOM,high,ProcessedSample6_NOM
Miesel_60009_59_STEI_A1_POST_MST_33_H2O_SPE_r2_28Jan23_Fir_300SA_IATp03_9156.raw,nmdc:bsm-11-kvxpkn12,EMSL 59 STEI_A1_POST_NotGr_MST_33,NOM,high,ProcessedSample6_NOM
Miesel_60009_59_STEI_A1_POST_MST_33_Met_SPE_r1_30Jan23_Fir_300SA_IATp03_9195.raw,nmdc:bsm-11-kvxpkn12,EMSL 59 STEI_A1_POST_NotGr_MST_33,NOM,high,ProcessedSample7_NOM
Miesel_60009_59_STEI_A1_POST_MST_33_Met_SPE_r2_300SA_IATp03_9574.raw,nmdc:bsm-11-kvxpkn12,EMSL 59 STEI_A1_POST_NotGr_MST_33,NOM,high,ProcessedSample7_NOM
Miesel_60009_60_TALL_A1_POST_MST_33_H2O_SPE_r1_26Jan23_Alder_300SA_IATp03_9037.raw,nmdc:bsm-11-bm3k2w07,EMSL 60 TALL_A1_POST_NotGr_MST_33,NOM,high,ProcessedSample6_NOM
Miesel_60009_60_TALL_A1_POST_MST_33_H2O_SPE_r2_28Jan23_Fir_300SA_IATp03_9127.raw,nmdc:bsm-11-bm3k2w07,EMSL 60 TALL_A1_POST_NotGr_MST_33,NOM,high,ProcessedSample6_NOM
Miesel_60009_60_TALL_A1_POST_MST_33_Met_SPE_r1_30Jan23_Fir_300SA_IATp03_9198.raw,nmdc:bsm-11-bm3k2w07,EMSL 60 TALL_A1_POST_NotGr_MST_33,NOM,high,ProcessedSample7_NOM
Miesel_60009_60_TALL_A1_POST_MST_33_Met_SPE_r2_300SA_IATp03_9600.raw,nmdc:bsm-11-bm3k2w07,EMSL 60 TALL_A1_POST_NotGr_MST_33,NOM,high,ProcessedSample7_NOM
Miesel_60009_61_TREE_A1_POST_MST_33_H2O_SPE_r1_26Jan23_Alder_300SA_IATp03_9031.raw,nmdc:bsm-11-8qr96b28,EMSL 61 TREE_A1_POST_NotGr_MST_33,NOM,high,ProcessedSample6_NOM
Miesel_60009_61_TREE_A1_POST_MST_33_H2O_SPE_r2_28Jan23_Fir_300SA_IATp03_9122.raw,nmdc:bsm-11-8qr96b28,EMSL 61 TREE_A1_POST_NotGr_MST_33,NOM,high,ProcessedSample6_NOM
Miesel_60009_61_TREE_A1_POST_MST_33_Met_SPE_r1_30Jan23_Fir_300SA_IATp03_9177.raw,nmdc:bsm-11-8qr96b28,EMSL 61 TREE_A1_POST_NotGr_MST_33,NOM,high,ProcessedSample7_NOM
Miesel_60009_61_TREE_A1_POST_MST_33_Met_SPE_r2_300SA_IATp03_9633.raw,nmdc:bsm-11-8qr96b28,EMSL 61 TREE_A1_POST_NotGr_MST_33,NOM,high,ProcessedSample7_NOM
Miesel_60009_62_UNDE_A_POST_MST_33_H2O_SPE_r1_26Jan23_Alder_300SA_IATp03_9046.raw,nmdc:bsm-11-8gy0dx46,EMSL 62 UNDE_A_POST_NotGr_MST_33,NOM,high,ProcessedSample6_NOM
Miesel_60009_62_UNDE_A_POST_MST_33_H2O_SPE_r2_28Jan23_Alder_300SA_IATp03_9088.raw,nmdc:bsm-11-8gy0dx46,EMSL 62 UNDE_A_POST_NotGr_MST_33,NOM,high,ProcessedSample6_NOM
Miesel_60009_62_UNDE_A_POST_MST_33_Met_SPE_r1_300SA_IATp03_9256.raw,nmdc:bsm-11-8gy0dx46,EMSL 62 UNDE_A_POST_NotGr_MST_33,NOM,high,ProcessedSample7_NOM
Miesel_60009_62_UNDE_A_POST_MST_33_Met_SPE_r2_300SA_IATp03_9634.raw,nmdc:bsm-11-8gy0dx46,EMSL 62 UNDE_A_POST_NotGr_MST_33,NOM,high,ProcessedSample7_NOM
Miesel_60009_63_WREF_A1_POST_MST_33_H2O_SPE_r1_26Jan23_Alder_300SA_IATp03_8988.raw,nmdc:bsm-11-bm60ch89,EMSL 63 WREF_A1_POST_NotGr_MST_33,NOM,high,ProcessedSample6_NOM
Miesel_60009_63_WREF_A1_POST_MST_33_H2O_SPE_r2_28Jan23_Fir_300SA_IATp03_9123.raw,nmdc:bsm-11-bm60ch89,EMSL 63 WREF_A1_POST_NotGr_MST_33,NOM,high,ProcessedSample6_NOM
Miesel_60009_63_WREF_A1_POST_MST_33_Met_SPE_r1_300SA_IATp03_9264.raw,nmdc:bsm-11-bm60ch89,EMSL 63 WREF_A1_POST_NotGr_MST_33,NOM,high,ProcessedSample7_NOM
Miesel_60009_63_WREF_A1_POST_MST_33_Met_SPE_r2_300SA_IATp03_9612.raw,nmdc:bsm-11-bm60ch89,EMSL 63 WREF_A1_POST_NotGr_MST_33,NOM,high,ProcessedSample7_NOM
Miesel_60009_64_ABBY_A_POST_MSTplus5_33_H2O_SPE_r1_300SA_IATp03_9056.raw,nmdc:bsm-11-3ekzh153,EMSL 64 ABBY_A_POST_NotGr_MST+5_33,NOM,high,ProcessedSample6_NOM
Miesel_60009_64_ABBY_A_POST_MSTplus5_33_H2O_SPE_r2_300SA_IATp03_9086.raw,nmdc:bsm-11-3ekzh153,EMSL 64 ABBY_A_POST_NotGr_MST+5_33,NOM,high,ProcessedSample6_NOM
Miesel_60009_64_ABBY_A_POST_MSTplus5_33_Met_SPE_r1_300SA_IATp03_9280.raw,nmdc:bsm-11-3ekzh153,EMSL 64 ABBY_A_POST_NotGr_MST+5_33,NOM,high,ProcessedSample7_NOM
Miesel_60009_64_ABBY_A_POST_MSTplus5_33_Met_SPE_r2_300SA_IATp03_9563.raw,nmdc:bsm-11-3ekzh153,EMSL 64 ABBY_A_POST_NotGr_MST+5_33,NOM,high,ProcessedSample7_NOM
Miesel_60009_65_BARR_Oaf_POST_MSTplus5_33_H2O_SPE_r1_300SA_IATp03_9067.raw,nmdc:bsm-11-kag46n94,EMSL 65 BARR_Oaf_POST_NotGr_MST+5_33,NOM,high,ProcessedSample6_NOM
Miesel_60009_65_BARR_Oaf_POST_MSTplus5_33_H2O_SPE_r2_300SA_IATp03_9134.raw,nmdc:bsm-11-kag46n94,EMSL 65 BARR_Oaf_POST_NotGr_MST+5_33,NOM,high,ProcessedSample6_NOM
Miesel_60009_65_BARR_Oaf_POST_MSTplus5_33_Met_SPE_r1_300SA_IATp03_9243.raw,nmdc:bsm-11-kag46n94,EMSL 65 BARR_Oaf_POST_NotGr_MST+5_33,NOM,high,ProcessedSample7_NOM
Miesel_60009_65_BARR_Oaf_POST_MSTplus5_33_Met_SPE_r2_300SA_IATp03_9601.raw,nmdc:bsm-11-kag46n94,EMSL 65 BARR_Oaf_POST_NotGr_MST+5_33,NOM,high,ProcessedSample7_NOM
Miesel_60009_66_BLAN_Ap1_POST_MSTplus5_33_H2O_SPE_r1_300SA_IATp03_9052.raw,nmdc:bsm-11-kh27cs78,EMSL 66 BLAN_Ap1_POST_NotGr_MST+5_33,NOM,high,ProcessedSample6_NOM
Miesel_60009_66_BLAN_Ap1_POST_MSTplus5_33_H2O_SPE_r2_300SA_IATp03_9158.raw,nmdc:bsm-11-kh27cs78,EMSL 66 BLAN_Ap1_POST_NotGr_MST+5_33,NOM,high,ProcessedSample6_NOM
Miesel_60009_66_BLAN_Ap1_POST_MSTplus5_33_Met_SPE_r1_300SA_IATp03_9245.raw,nmdc:bsm-11-kh27cs78,EMSL 66 BLAN_Ap1_POST_NotGr_MST+5_33,NOM,high,ProcessedSample7_NOM
Miesel_60009_66_BLAN_Ap1_POST_MSTplus5_33_Met_SPE_r2_300SA_IATp03_9558.raw,nmdc:bsm-11-kh27cs78,EMSL 66 BLAN_Ap1_POST_NotGr_MST+5_33,NOM,high,ProcessedSample7_NOM
Miesel_60009_67_BONA_Oea_POST_MSTplus5_33_H2O_SPE_r1_300SA_IATp03_9036.raw,nmdc:bsm-11-x462mz30,EMSL 67 BONA_Oea_POST_NotGr_MST+5_33,NOM,high,ProcessedSample6_NOM
Miesel_60009_67_BONA_Oea_POST_MSTplus5_33_H2O_SPE_r2_300SA_IATp03_9117.raw,nmdc:bsm-11-x462mz30,EMSL 67 BONA_Oea_POST_NotGr_MST+5_33,NOM,high,ProcessedSample6_NOM
Miesel_60009_67_BONA_Oea_POST_MSTplus5_33_Met_SPE_r1_300SA_IATp03_9181.raw,nmdc:bsm-11-x462mz30,EMSL 67 BONA_Oea_POST_NotGr_MST+5_33,NOM,high,ProcessedSample7_NOM
Miesel_60009_67_BONA_Oea_POST_MSTplus5_33_Met_SPE_r2_300SA_IATp03_9644.raw,nmdc:bsm-11-x462mz30,EMSL 67 BONA_Oea_POST_NotGr_MST+5_33,NOM,high,ProcessedSample7_NOM
Miesel_60009_68_CLBJ_A1_POST_MSTplus5_33_H2O_SPE_r1_26Jan23_IATp03_9000.raw,nmdc:bsm-11-ea81mj44,EMSL 68 CLBJ_A1_POST_NotGr_MST+5_33,NOM,high,ProcessedSample6_NOM
Miesel_60009_68_CLBJ_A1_POST_MSTplus5_33_H2O_SPE_r2_300SA_IATp03_9154.raw,nmdc:bsm-11-ea81mj44,EMSL 68 CLBJ_A1_POST_NotGr_MST+5_33,NOM,high,ProcessedSample6_NOM
Miesel_60009_68_CLBJ_A1_POST_MSTplus5_33_Met_SPE_r1_300SA_IATp03_9254.raw,nmdc:bsm-11-ea81mj44,EMSL 68 CLBJ_A1_POST_NotGr_MST+5_33,NOM,high,ProcessedSample7_NOM
Miesel_60009_68_CLBJ_A1_POST_MSTplus5_33_Met_SPE_r2_300SA_IATp03_9591.raw,nmdc:bsm-11-ea81mj44,EMSL 68 CLBJ_A1_POST_NotGr_MST+5_33,NOM,high,ProcessedSample7_NOM
Miesel_60009_69_CPER_A1_POST_MSTplus5_33_H2O_SPE_r1_300SA_IATp03_8995.raw,nmdc:bsm-11-fs0nam69,EMSL 69 CPER_A1_POST_NotGr_MST+5_33,NOM,high,ProcessedSample6_NOM
Miesel_60009_69_CPER_A1_POST_MSTplus5_33_H2O_SPE_r2_300SA_IATp03_9153.raw,nmdc:bsm-11-fs0nam69,EMSL 69 CPER_A1_POST_NotGr_MST+5_33,NOM,high,ProcessedSample6_NOM
Miesel_60009_69_CPER_A1_POST_MSTplus5_33_Met_SPE_r1_300SA_IATp03_9190.raw,nmdc:bsm-11-fs0nam69,EMSL 69 CPER_A1_POST_NotGr_MST+5_33,NOM,high,ProcessedSample7_NOM
Miesel_60009_69_CPER_A1_POST_MSTplus5_33_Met_SPE_r2_300SA_IATp03_9599.raw,nmdc:bsm-11-fs0nam69,EMSL 69 CPER_A1_POST_NotGr_MST+5_33,NOM,high,ProcessedSample7_NOM
Miesel_60009_70_DCFS_A1_POST_MSTplus5_33_H2O_SPE_r1_300SA_IATp03_9074.raw,nmdc:bsm-11-mt7hs697,EMSL 70 DCFS_A1_POST_NotGr_MST+5_33,NOM,high,ProcessedSample6_NOM
Miesel_60009_70_DCFS_A1_POST_MSTplus5_33_H2O_SPE_r2_300SA_IATp03_9163.raw,nmdc:bsm-11-mt7hs697,EMSL 70 DCFS_A1_POST_NotGr_MST+5_33,NOM,high,ProcessedSample6_NOM
Miesel_60009_70_DCFS_A1_POST_MSTplus5_33_Met_SPE_r1_300SA_IATp03_9187.raw,nmdc:bsm-11-mt7hs697,EMSL 70 DCFS_A1_POST_NotGr_MST+5_33,NOM,high,ProcessedSample7_NOM
Miesel_60009_70_DCFS_A1_POST_MSTplus5_33_Met_SPE_r2_300SA_IATp03_9564.raw,nmdc:bsm-11-mt7hs697,EMSL 70 DCFS_A1_POST_NotGr_MST+5_33,NOM,high,ProcessedSample7_NOM
Miesel_60009_71_DELA_A_POST_MSTplus5_33_H2O_SPE_r1_300SA_IATp03_8985.raw,nmdc:bsm-11-hmwb5933,EMSL 71 DELA_A_POST_NotGr_MST+5_33,NOM,high,ProcessedSample6_NOM
Miesel_60009_71_DELA_A_POST_MSTplus5_33_H2O_SPE_r2_28Jan23_Fir_300SA_IATp03_9159.raw,nmdc:bsm-11-hmwb5933,EMSL 71 DELA_A_POST_NotGr_MST+5_33,NOM,high,ProcessedSample6_NOM
Miesel_60009_71_DELA_A_POST_MSTplus5_33_Met_SPE_r1_30Jan23_Fir_300SA_IATp03_9244.raw,nmdc:bsm-11-hmwb5933,EMSL 71 DELA_A_POST_NotGr_MST+5_33,NOM,high,ProcessedSample7_NOM
Miesel_60009_71_DELA_A_POST_MSTplus5_33_Met_SPE_r2_300SA_IATp03_9590.raw,nmdc:bsm-11-hmwb5933,EMSL 71 DELA_A_POST_NotGr_MST+5_33,NOM,high,ProcessedSample7_NOM
Miesel_60009_72_DSNY_A_POST_MSTplus5_33_H2O_SPE_r1_300SA_IATp03_9010.raw,nmdc:bsm-11-pywm3v18,EMSL 72 DSNY_A_POST_NotGr_MST+5_33,NOM,high,ProcessedSample6_NOM
Miesel_60009_72_DSNY_A_POST_MSTplus5_33_H2O_SPE_r2_28Jan23_Fir_300SA_IATp03_9149.raw,nmdc:bsm-11-pywm3v18,EMSL 72 DSNY_A_POST_NotGr_MST+5_33,NOM,high,ProcessedSample6_NOM
Miesel_60009_72_DSNY_A_POST_MSTplus5_33_Met_SPE_r1_300SA_IATp03_9291.raw,nmdc:bsm-11-pywm3v18,EMSL 72 DSNY_A_POST_NotGr_MST+5_33,NOM,high,ProcessedSample7_NOM
Miesel_60009_72_DSNY_A_POST_MSTplus5_33_Met_SPE_r2_300SA_IATp03_9626.raw,nmdc:bsm-11-pywm3v18,EMSL 72 DSNY_A_POST_NotGr_MST+5_33,NOM,high,ProcessedSample7_NOM
Miesel_60009_73_GRSM_A_POST_MSTplus5_33_H2O_SPE_r1_300SA_IATp03_9064.raw,nmdc:bsm-11-rgvr4244,EMSL 73 GRSM_A_POST_NotGr_MST+5_33,NOM,high,ProcessedSample6_NOM
Miesel_60009_73_GRSM_A_POST_MSTplus5_33_H2O_SPE_r2_28Jan23_Fir_300SA_IATp03_9144.raw,nmdc:bsm-11-rgvr4244,EMSL 73 GRSM_A_POST_NotGr_MST+5_33,NOM,high,ProcessedSample6_NOM
Miesel_60009_73_GRSM_A_POST_MSTplus5_33_Met_SPE_r1_30Jan23_Fir_300SA_IATp03_9237.raw,nmdc:bsm-11-rgvr4244,EMSL 73 GRSM_A_POST_NotGr_MST+5_33,NOM,high,ProcessedSample7_NOM
Miesel_60009_73_GRSM_A_POST_MSTplus5_33_Met_SPE_r2_300SA_IATp03_9607.raw,nmdc:bsm-11-rgvr4244,EMSL 73 GRSM_A_POST_NotGr_MST+5_33,NOM,high,ProcessedSample7_NOM
Miesel_60009_74_HEAL_Oae_POST_MSTplus5_33_H2O_SPE_r1_300SA_IATp03_9005.raw,nmdc:bsm-11-0545zh73,EMSL 74 HEAL_Oae_POST_NotGr_MST+5_33,NOM,high,ProcessedSample6_NOM
Miesel_60009_74_HEAL_Oae_POST_MSTplus5_33_H2O_SPE_r2_300SA_IATp03_9145.raw,nmdc:bsm-11-0545zh73,EMSL 74 HEAL_Oae_POST_NotGr_MST+5_33,NOM,high,ProcessedSample6_NOM
Miesel_60009_74_HEAL_Oae_POST_MSTplus5_33_Met_SPE_r1_300SA_IATp03_9186.raw,nmdc:bsm-11-0545zh73,EMSL 74 HEAL_Oae_POST_NotGr_MST+5_33,NOM,high,ProcessedSample7_NOM
Miesel_60009_74_HEAL_Oae_POST_MSTplus5_33_Met_SPE_r2_300SA_IATp03_9619.raw,nmdc:bsm-11-0545zh73,EMSL 74 HEAL_Oae_POST_NotGr_MST+5_33,NOM,high,ProcessedSample7_NOM
Miesel_60009_75_JORN_Ak_POST_MSTplus5_33_H2O_SPE_r1_300SA_IATp03_8989.raw,nmdc:bsm-11-w1s6zj21,EMSL 75 JORN_Ak_POST_NotGr_MST+5_33,NOM,high,ProcessedSample6_NOM
Miesel_60009_75_JORN_Ak_POST_MSTplus5_33_H2O_SPE_r2_300SA_IATp03_9082.raw,nmdc:bsm-11-w1s6zj21,EMSL 75 JORN_Ak_POST_NotGr_MST+5_33,NOM,high,ProcessedSample6_NOM
Miesel_60009_75_JORN_Ak_POST_MSTplus5_33_Met_SPE_r1_300SA_IATp03_9193.raw,nmdc:bsm-11-w1s6zj21,EMSL 75 JORN_Ak_POST_NotGr_MST+5_33,NOM,high,ProcessedSample7_NOM
Miesel_60009_75_JORN_Ak_POST_MSTplus5_33_Met_SPE_r2_300SA_IATp03_9611.raw,nmdc:bsm-11-w1s6zj21,EMSL 75 JORN_Ak_POST_NotGr_MST+5_33,NOM,high,ProcessedSample7_NOM
Miesel_60009_76_KONZ_A1_POST_MSTplus5_33_H2O_SPE_r1_300SA_IATp03_9065.raw,nmdc:bsm-11-rn50jw68,EMSL 76 KONZ_A1_POST_NotGr_MST+5_33,NOM,high,ProcessedSample6_NOM
Miesel_60009_76_KONZ_A1_POST_MSTplus5_33_H2O_SPE_r2_300SA_IATp03_9101.raw,nmdc:bsm-11-rn50jw68,EMSL 76 KONZ_A1_POST_NotGr_MST+5_33,NOM,high,ProcessedSample6_NOM
Miesel_60009_76_KONZ_A1_POST_MSTplus5_33_Met_SPE_r1_300SA_IATp03_9272.raw,nmdc:bsm-11-rn50jw68,EMSL 76 KONZ_A1_POST_NotGr_MST+5_33,NOM,high,ProcessedSample7_NOM
Miesel_60009_76_KONZ_A1_POST_MSTplus5_33_Met_SPE_r2_300SA_IATp03_9583.raw,nmdc:bsm-11-rn50jw68,EMSL 76 KONZ_A1_POST_NotGr_MST+5_33,NOM,high,ProcessedSample7_NOM
Miesel_60009_77_MLBS_A_POST_MSTplus5_33_H2O_SPE_r1_300SA_IATp03_9020.raw,nmdc:bsm-11-pw5qbt83,EMSL 77 MLBS_A_POST_NotGr_MST+5_33,NOM,high,ProcessedSample6_NOM
Miesel_60009_77_MLBS_A_POST_MSTplus5_33_H2O_SPE_r2_300SA_IATp03_9098.raw,nmdc:bsm-11-pw5qbt83,EMSL 77 MLBS_A_POST_NotGr_MST+5_33,NOM,high,ProcessedSample6_NOM
Miesel_60009_77_MLBS_A_POST_MSTplus5_33_Met_SPE_r1_300SA_IATp03_9388.raw,nmdc:bsm-11-pw5qbt83,EMSL 77 MLBS_A_POST_NotGr_MST+5_33,NOM,high,ProcessedSample7_NOM
Miesel_60009_77_MLBS_A_POST_MSTplus5_33_Met_SPE_r2_300SA_IATp03_9622.raw,nmdc:bsm-11-pw5qbt83,EMSL 77 MLBS_A_POST_NotGr_MST+5_33,NOM,high,ProcessedSample7_NOM
Miesel_60009_78_MOAB_A_POST_MSTplus5_33_H2O_SPE_r1_300SA_IATp03_9059.raw,nmdc:bsm-11-f744kg86,EMSL 78 MOAB_A_POST_NotGr_MST+5_33,NOM,high,ProcessedSample6_NOM
Miesel_60009_78_MOAB_A_POST_MSTplus5_33_H2O_SPE_r2_28Jan23_Fir_300SA_IATp03_9106.raw,nmdc:bsm-11-f744kg86,EMSL 78 MOAB_A_POST_NotGr_MST+5_33,NOM,high,ProcessedSample6_NOM
Miesel_60009_78_MOAB_A_POST_MSTplus5_33_Met_SPE_r1_300SA_IATp03_9295.raw,nmdc:bsm-11-f744kg86,EMSL 78 MOAB_A_POST_NotGr_MST+5_33,NOM,high,ProcessedSample7_NOM
Miesel_60009_78_MOAB_A_POST_MSTplus5_33_Met_SPE_r2_300SA_IATp03_9624.raw,nmdc:bsm-11-f744kg86,EMSL 78 MOAB_A_POST_NotGr_MST+5_33,NOM,high,ProcessedSample7_NOM
Miesel_60009_79_NGPR_A_POST_MSTplus5_33_H2O_SPE_r1_300SA_IATp03_9051.raw,nmdc:bsm-11-feb57406,EMSL 79 NGPR_A_POST_NotGr_MST+5_33,NOM,high,ProcessedSample6_NOM
Miesel_60009_79_NGPR_A_POST_MSTplus5_33_H2O_SPE_r2_300SA_IATp03_9090.raw,nmdc:bsm-11-feb57406,EMSL 79 NGPR_A_POST_NotGr_MST+5_33,NOM,high,ProcessedSample6_NOM
Miesel_60009_79_NGPR_A_POST_MSTplus5_33_Met_SPE_r1_300SA_IATp03_9259.raw,nmdc:bsm-11-feb57406,EMSL 79 NGPR_A_POST_NotGr_MST+5_33,NOM,high,ProcessedSample7_NOM
Miesel_60009_79_NGPR_A_POST_MSTplus5_33_Met_SPE_r2_300SA_IATp03_9567.raw,nmdc:bsm-11-feb57406,EMSL 79 NGPR_A_POST_NotGr_MST+5_33,NOM,high,ProcessedSample7_NOM
Miesel_60009_80_NIWO_A_POST_MSTplus5_33_H2O_SPE_r1_300SA_IATp03_9073.raw,nmdc:bsm-11-srrzgw96,EMSL 80 NIWO_A_POST_NotGr_MST+5_33,NOM,high,ProcessedSample6_NOM
Miesel_60009_80_NIWO_A_POST_MSTplus5_33_H2O_SPE_r2_28Jan23_Fir_300SA_IATp03_9110.raw,nmdc:bsm-11-srrzgw96,EMSL 80 NIWO_A_POST_NotGr_MST+5_33,NOM,high,ProcessedSample6_NOM
Miesel_60009_80_NIWO_A_POST_MSTplus5_33_Met_SPE_r1_30Jan23_Fir_300SA_IATp03_9172.raw,nmdc:bsm-11-srrzgw96,EMSL 80 NIWO_A_POST_NotGr_MST+5_33,NOM,high,ProcessedSample7_NOM
Miesel_60009_80_NIWO_A_POST_MSTplus5_33_Met_SPE_r2_300SA_IATp03_9569.raw,nmdc:bsm-11-srrzgw96,EMSL 80 NIWO_A_POST_NotGr_MST+5_33,NOM,high,ProcessedSample7_NOM
Miesel_60009_81_OSBS_A_POST_MSTplus5_33_H2O_SPE_r1_300SA_IATp03_8991.raw,nmdc:bsm-11-k3ms3q32,EMSL 81 OSBS_A_POST_NotGr_MST+5_33,NOM,high,ProcessedSample6_NOM
Miesel_60009_81_OSBS_A_POST_MSTplus5_33_H2O_SPE_r2_28Jan23_Fir_300SA_IATp03_9125.raw,nmdc:bsm-11-k3ms3q32,EMSL 81 OSBS_A_POST_NotGr_MST+5_33,NOM,high,ProcessedSample6_NOM
Miesel_60009_81_OSBS_A_POST_MSTplus5_33_Met_SPE_r1_300SA_IATp03_9282.raw,nmdc:bsm-11-k3ms3q32,EMSL 81 OSBS_A_POST_NotGr_MST+5_33,NOM,high,ProcessedSample7_NOM
Miesel_60009_81_OSBS_A_POST_MSTplus5_33_Met_SPE_r2_300SA_IATp03_9568.raw,nmdc:bsm-11-k3ms3q32,EMSL 81 OSBS_A_POST_NotGr_MST+5_33,NOM,high,ProcessedSample7_NOM
Miesel_60009_82_RMNP_A1_POST_MSTplus5_33_H2O_SPE_r1_300SA_IATp03_9072.raw,nmdc:bsm-11-jexdz609,EMSL 82 RMNP_A1_POST_NotGr_MST+5_33,NOM,high,ProcessedSample6_NOM
Miesel_60009_82_RMNP_A1_POST_MSTplus5_33_H2O_SPE_r2_300SA_IATp03_9161.raw,nmdc:bsm-11-jexdz609,EMSL 82 RMNP_A1_POST_NotGr_MST+5_33,NOM,high,ProcessedSample6_NOM
Miesel_60009_82_RMNP_A1_POST_MSTplus5_33_Met_SPE_r1_300SA_IATp03_9263.raw,nmdc:bsm-11-jexdz609,EMSL 82 RMNP_A1_POST_NotGr_MST+5_33,NOM,high,ProcessedSample7_NOM
Miesel_60009_82_RMNP_A1_POST_MSTplus5_33_Met_SPE_r2_300SA_IATp03_9575.raw,nmdc:bsm-11-jexdz609,EMSL 82 RMNP_A1_POST_NotGr_MST+5_33,NOM,high,ProcessedSample7_NOM
Miesel_60009_83_SERC_A_POST_MSTplus5_33_H2O_SPE_r1_300SA_IATp03_8986.raw,nmdc:bsm-11-2aew5811,EMSL 83 SERC_A_POST_NotGr_MST+5_33,NOM,high,ProcessedSample6_NOM
Miesel_60009_83_SERC_A_POST_MSTplus5_33_H2O_SPE_r2_300SA_IATp03_9099.raw,nmdc:bsm-11-2aew5811,EMSL 83 SERC_A_POST_NotGr_MST+5_33,NOM,high,ProcessedSample6_NOM
Miesel_60009_83_SERC_A_POST_MSTplus5_33_Met_SPE_r1_300SA_IATp03_9269.raw,nmdc:bsm-11-2aew5811,EMSL 83 SERC_A_POST_NotGr_MST+5_33,NOM,high,ProcessedSample7_NOM
Miesel_60009_83_SERC_A_POST_MSTplus5_33_Met_SPE_r2_300SA_IATp03_9557.raw,nmdc:bsm-11-2aew5811,EMSL 83 SERC_A_POST_NotGr_MST+5_33,NOM,high,ProcessedSample7_NOM
Miesel_60009_84_SJER_A_POST_MSTplus5_33_H2O_SPE_r1_300SA_IATp03_8998.raw,nmdc:bsm-11-1nkycf30,EMSL 84 SJER_A_POST_NotGr_MST+5_33,NOM,high,ProcessedSample6_NOM
Miesel_60009_84_SJER_A_POST_MSTplus5_33_H2O_SPE_r2_28Jan23_Fir_300SA_IATp03_9165.raw,nmdc:bsm-11-1nkycf30,EMSL 84 SJER_A_POST_NotGr_MST+5_33,NOM,high,ProcessedSample6_NOM
Miesel_60009_84_SJER_A_POST_MSTplus5_33_Met_SPE_r1_30Jan23_Fir_300SA_IATp03_9194.raw,nmdc:bsm-11-1nkycf30,EMSL 84 SJER_A_POST_NotGr_MST+5_33,NOM,high,ProcessedSample7_NOM
Miesel_60009_84_SJER_A_POST_MSTplus5_33_Met_SPE_r2_300SA_IATp03_9627.raw,nmdc:bsm-11-1nkycf30,EMSL 84 SJER_A_POST_NotGr_MST+5_33,NOM,high,ProcessedSample7_NOM
Miesel_60009_85_SOAP_A_POST_MSTplus5_33_H2O_SPE_r1_300SA_IATp03_9034.raw,nmdc:bsm-11-anhff417,EMSL 85 SOAP_A_POST_NotGr_MST+5_33,NOM,high,ProcessedSample6_NOM
Miesel_60009_85_SOAP_A_POST_MSTplus5_33_H2O_SPE_r2_28Jan23_Fir_300SA_IATp03_9166.raw,nmdc:bsm-11-anhff417,EMSL 85 SOAP_A_POST_NotGr_MST+5_33,NOM,high,ProcessedSample6_NOM
Miesel_60009_85_SOAP_A_POST_MSTplus5_33_Met_SPE_r1_300SA_IATp03_9275.raw,nmdc:bsm-11-anhff417,EMSL 85 SOAP_A_POST_NotGr_MST+5_33,NOM,high,ProcessedSample7_NOM
Miesel_60009_85_SOAP_A_POST_MSTplus5_33_Met_SPE_r2_300SA_IATp03_9615.raw,nmdc:bsm-11-anhff417,EMSL 85 SOAP_A_POST_NotGr_MST+5_33,NOM,high,ProcessedSample7_NOM
Miesel_60009_86_STEI_A1_POST_MSTplus5_33_H2O_SPE_r1_300SA_IATp03_8992.raw,nmdc:bsm-11-jwsqte26,EMSL 86 STEI_A1_POST_NotGr_MST+5_33,NOM,high,ProcessedSample6_NOM
Miesel_60009_86_STEI_A1_POST_MSTplus5_33_H2O_SPE_r2_300SA_IATp03_9129.raw,nmdc:bsm-11-jwsqte26,EMSL 86 STEI_A1_POST_NotGr_MST+5_33,NOM,high,ProcessedSample6_NOM
Miesel_60009_86_STEI_A1_POST_MSTplus5_33_Met_SPE_r1_300SA_IATp03_9281.raw,nmdc:bsm-11-jwsqte26,EMSL 86 STEI_A1_POST_NotGr_MST+5_33,NOM,high,ProcessedSample7_NOM
Miesel_60009_86_STEI_A1_POST_MSTplus5_33_Met_SPE_r2_300SA_IATp03_9606.raw,nmdc:bsm-11-jwsqte26,EMSL 86 STEI_A1_POST_NotGr_MST+5_33,NOM,high,ProcessedSample7_NOM
Miesel_60009_87_TALL_A1_POST_MSTplus5_33_H2O_SPE_r1_300SA_IATp03_9058.raw,nmdc:bsm-11-f3ebmn35,EMSL 87 TALL_A1_POST_NotGr_MST+5_33,NOM,high,ProcessedSample6_NOM
Miesel_60009_87_TALL_A1_POST_MSTplus5_33_H2O_SPE_r2_300SA_IATp03_9146.raw,nmdc:bsm-11-f3ebmn35,EMSL 87 TALL_A1_POST_NotGr_MST+5_33,NOM,high,ProcessedSample6_NOM
Miesel_60009_87_TALL_A1_POST_MSTplus5_33_Met_SPE_r1_300SA_IATp03_9174.raw,nmdc:bsm-11-f3ebmn35,EMSL 87 TALL_A1_POST_NotGr_MST+5_33,NOM,high,ProcessedSample7_NOM
Miesel_60009_87_TALL_A1_POST_MSTplus5_33_Met_SPE_r2_300SA_IATp03_9638.raw,nmdc:bsm-11-f3ebmn35,EMSL 87 TALL_A1_POST_NotGr_MST+5_33,NOM,high,ProcessedSample7_NOM
Miesel_60009_88_TREE_A1_POST_MSTplus5_33_H2O_SPE_r1_300SA_IATp03_9038.raw,nmdc:bsm-11-ha7xvb59,EMSL 88 TREE_A1_POST_NotGr_MST+5_33,NOM,high,ProcessedSample6_NOM
Miesel_60009_88_TREE_A1_POST_MSTplus5_33_H2O_SPE_r2_300SA_IATp03_9157.raw,nmdc:bsm-11-ha7xvb59,EMSL 88 TREE_A1_POST_NotGr_MST+5_33,NOM,high,ProcessedSample6_NOM
Miesel_60009_88_TREE_A1_POST_MSTplus5_33_Met_SPE_r1_300SA_IATp03_9276.raw,nmdc:bsm-11-ha7xvb59,EMSL 88 TREE_A1_POST_NotGr_MST+5_33,NOM,high,ProcessedSample7_NOM
Miesel_60009_88_TREE_A1_POST_MSTplus5_33_Met_SPE_r2_300SA_IATp03_9570.raw,nmdc:bsm-11-ha7xvb59,EMSL 88 TREE_A1_POST_NotGr_MST+5_33,NOM,high,ProcessedSample7_NOM
Miesel_60009_89_UNDE_A_POST_MSTplus5_33_H2O_SPE_r1_300SA_IATp03_9063.raw,nmdc:bsm-11-c71sq339,EMSL 89 UNDE_A_POST_NotGr_MST+5_33,NOM,high,ProcessedSample6_NOM
Miesel_60009_89_UNDE_A_POST_MSTplus5_33_H2O_SPE_r2_28Jan23_Fir_300SA_IATp03_9124.raw,nmdc:bsm-11-c71sq339,EMSL 89 UNDE_A_POST_NotGr_MST+5_33,NOM,high,ProcessedSample6_NOM
Miesel_60009_89_UNDE_A_POST_MSTplus5_33_Met_SPE_r1_300SA_IATp03_9258.raw,nmdc:bsm-11-c71sq339,EMSL 89 UNDE_A_POST_NotGr_MST+5_33,NOM,high,ProcessedSample7_NOM
Miesel_60009_89_UNDE_A_POST_MSTplus5_33_Met_SPE_r2_300SA_IATp03_9604.raw,nmdc:bsm-11-c71sq339,EMSL 89 UNDE_A_POST_NotGr_MST+5_33,NOM,high,ProcessedSample7_NOM
Miesel_60009_90_WREF_A1_POST_MSTplus5_33_H2O_SPE_r1_300SA_IATp03_9040.raw,nmdc:bsm-11-g8qs8k06,EMSL 90 WREF_A1_POST_NotGr_MST+5_33,NOM,high,ProcessedSample6_NOM
Miesel_60009_90_WREF_A1_POST_MSTplus5_33_H2O_SPE_r2_300SA_IATp03_9139.raw,nmdc:bsm-11-g8qs8k06,EMSL 90 WREF_A1_POST_NotGr_MST+5_33,NOM,high,ProcessedSample6_NOM
Miesel_60009_90_WREF_A1_POST_MSTplus5_33_Met_SPE_r1_300SA_IATp03_9199.raw,nmdc:bsm-11-g8qs8k06,EMSL 90 WREF_A1_POST_NotGr_MST+5_33,NOM,high,ProcessedSample7_NOM
Miesel_60009_90_WREF_A1_POST_MSTplus5_33_Met_SPE_r2_300SA_IATp03_9592.raw,nmdc:bsm-11-g8qs8k06,EMSL 90 WREF_A1_POST_NotGr_MST+5_33,NOM,high,ProcessedSample7_NOM
