raw_file_path,biosample_id,biosample_name,match_confidence
/Volumes/LaCie/nmdc_data/pettridge_11_076c9980/raw/20190103_KBL_JP_502924_Soil_13CFlux_QE-139_HILIC_USHGX01163_NEG_MSMS_GRE-MB-170_flux4day-12C-oxic-44-000_4_Rg70to1050-CE102040-108-S1_Run375.mzML,nmdc:bsm-11-ac8q3p77,"Lab enrichment of tropical soil microbial communities from Luquillo Experimental Forest, Puerto Rico - flux4day.12C.oxic.44.000.170",high
/Volumes/LaCie/nmdc_data/pettridge_11_076c9980/raw/20190103_KBL_JP_502924_Soil_13CFlux_QE-139_HILIC_USHGX01163_NEG_MSMS_GRE-MB-111_statanox-12C-anox-44-000_5_Rg70to1050-CE102040-84-S1_Run393.mzML,nmdc:bsm-11-92xxdg53,"Lab enrichment of tropical soil microbial communities from Luquillo Experimental Forest, Puerto Rico - statanox.12C.anox.44.000.111",high
/Volumes/LaCie/nmdc_data/pettridge_11_076c9980/raw/20190103_KBL_JP_502924_Soil_13CFlux_QE-139_HILIC_USHGX01163_NEG_MSMS_GRE-MB-080_statoxic-12C-oxic-44-000_4_Rg70to1050-CE102040-62-S1_Run378.mzML,nmdc:bsm-11-xttvcf02,"Lab enrichment of tropical soil microbial communities from Luquillo Experimental Forest, Puerto Rico - statoxic.12C.oxic.44.000.080",high
/Volumes/LaCie/nmdc_data/pettridge_11_076c9980/raw/20190103_KBL_JP_502924_Soil_13CFlux_QE-139_HILIC_USHGX01163_POS_MSMS_GRE-MB-111_statanox-12C-anox-44-000_5_Rg70to1050-CE102040-84-S1_Run392.mzML,nmdc:bsm-11-92xxdg53,"Lab enrichment of tropical soil microbial communities from Luquillo Experimental Forest, Puerto Rico - statanox.12C.anox.44.000.111",high
/Volumes/LaCie/nmdc_data/pettridge_11_076c9980/raw/20190103_KBL_JP_502924_Soil_13CFlux_QE-139_HILIC_USHGX01163_NEG_MSMS_GRE-MB-172_flux4day-12C-oxic-44-000_5_Rg70to1050-CE102040-110-S1_Run404.mzML,nmdc:bsm-11-jyswqd53,"Lab enrichment of tropical soil microbial communities from Luquillo Experimental Forest, Puerto Rico - flux4day.12C.oxic.44.000.172",high
/Volumes/LaCie/nmdc_data/pettridge_11_076c9980/raw/20190103_KBL_JP_502924_Soil_13CFlux_QE-139_HILIC_USHGX01163_POS_MSMS_GRE-MB-178_flux8day-12C-oxic-44-000_5_Rg70to1050-CE102040-116-S1_Run400.mzML,nmdc:bsm-11-xm24hr93,"Lab enrichment of tropical soil microbial communities from Luquillo Experimental Forest, Puerto Rico - flux8day.12C.oxic.44.000.178",high
/Volumes/LaCie/nmdc_data/pettridge_11_076c9980/raw/20190103_KBL_JP_502924_Soil_13CFlux_QE-139_HILIC_USHGX01163_POS_MSMS_GRE-MB-170_flux4day-12C-oxic-44-000_4_Rg70to1050-CE102040-108-S1_Run374.mzML,nmdc:bsm-11-ac8q3p77,"Lab enrichment of tropical soil microbial communities from Luquillo Experimental Forest, Puerto Rico - flux4day.12C.oxic.44.000.170",high
/Volumes/LaCie/nmdc_data/pettridge_11_076c9980/raw/20190103_KBL_JP_502924_Soil_13CFlux_QE-139_HILIC_USHGX01163_NEG_MSMS_GRE-MB-082_statoxic-12C-oxic-44-000_5_Rg70to1050-CE102040-64-S1_Run407.mzML,nmdc:bsm-11-rz68jz92,"Lab enrichment of tropical soil microbial communities from Luquillo Experimental Forest, Puerto Rico - statoxic.12C.oxic.44.000.082",high
/Volumes/LaCie/nmdc_data/pettridge_11_076c9980/raw/20190103_KBL_JP_502924_Soil_13CFlux_QE-139_HILIC_USHGX01163_POS_MSMS_GRE-MB-080_statoxic-12C-oxic-44-000_4_Rg70to1050-CE102040-62-S1_Run377.mzML,nmdc:bsm-11-xttvcf02,"Lab enrichment of tropical soil microbial communities from Luquillo Experimental Forest, Puerto Rico - statoxic.12C.oxic.44.000.080",high
/Volumes/LaCie/nmdc_data/pettridge_11_076c9980/raw/20190103_KBL_JP_502924_Soil_13CFlux_QE-139_HILIC_USHGX01163_POS_MSMS_GRE-MB-172_flux4day-12C-oxic-44-000_5_Rg70to1050-CE102040-110-S1_Run403.mzML,nmdc:bsm-11-jyswqd53,"Lab enrichment of tropical soil microbial communities from Luquillo Experimental Forest, Puerto Rico - flux4day.12C.oxic.44.000.172",high
/Volumes/LaCie/nmdc_data/pettridge_11_076c9980/raw/20190103_KBL_JP_502924_Soil_13CFlux_QE-139_HILIC_USHGX01163_POS_MSMS_GRE-MB-108_statanox-12C-anox-44-000_4_Rg70to1050-CE102040-81-S1_Run366.mzML,nmdc:bsm-11-302b5a66,"Lab enrichment of tropical soil microbial communities from Luquillo Experimental Forest, Puerto Rico - statanox.12C.anox.44.000.108",high
/Volumes/LaCie/nmdc_data/pettridge_11_076c9980/raw/20190103_KBL_JP_502924_Soil_13CFlux_QE-139_HILIC_USHGX01163_POS_MSMS_GRE-MB-082_statoxic-12C-oxic-44-000_5_Rg70to1050-CE102040-64-S1_Run406.mzML,nmdc:bsm-11-rz68jz92,"Lab enrichment of tropical soil microbial communities from Luquillo Experimental Forest, Puerto Rico - statoxic.12C.oxic.44.000.082",high
/Volumes/LaCie/nmdc_data/pettridge_11_076c9980/raw/20190103_KBL_JP_502924_Soil_13CFlux_QE-139_HILIC_USHGX01163_NEG_MSMS_GRE-MB-178_flux8day-12C-oxic-44-000_5_Rg70to1050-CE102040-116-S1_Run401.mzML,nmdc:bsm-11-xm24hr93,"Lab enrichment of tropical soil microbial communities from Luquillo Experimental Forest, Puerto Rico - flux8day.12C.oxic.44.000.178",high
/Volumes/LaCie/nmdc_data/pettridge_11_076c9980/raw/20190103_KBL_JP_502924_Soil_13CFlux_QE-139_HILIC_USHGX01163_POS_MSMS_GRE-MB-176_flux8day-12C-oxic-44-000_4_Rg70to1050-CE102040-114-S1_Run357.mzML,nmdc:bsm-11-c6g7jb68,"Lab enrichment of tropical soil microbial communities from Luquillo Experimental Forest, Puerto Rico - flux8day.12C.oxic.44.000.176",high
/Volumes/LaCie/nmdc_data/pettridge_11_076c9980/raw/20190103_KBL_JP_502924_Soil_13CFlux_QE-139_HILIC_USHGX01163_NEG_MSMS_GRE-MB-108_statanox-12C-anox-44-000_4_Rg70to1050-CE102040-81-S1_Run367.mzML,nmdc:bsm-11-302b5a66,"Lab enrichment of tropical soil microbial communities from Luquillo Experimental Forest, Puerto Rico - statanox.12C.anox.44.000.108",high
/Volumes/LaCie/nmdc_data/pettridge_11_076c9980/raw/20190103_KBL_JP_502924_Soil_13CFlux_QE-139_HILIC_USHGX01163_NEG_MSMS_GRE-MB-176_flux8day-12C-oxic-44-000_4_Rg70to1050-CE102040-114-S1_Run358.mzML,nmdc:bsm-11-c6g7jb68,"Lab enrichment of tropical soil microbial communities from Luquillo Experimental Forest, Puerto Rico - flux8day.12C.oxic.44.000.176",high
