raw_data_identifier,biosample_id,biosample_name,material_processing_protocol_id,match_confidence,processedsample_placeholder
Miesel_60009_01_ABBY_A_PRE_H2O_SPE_r1_26Jan23_Alder_300SA_IATp03_9009,nmdc:bsm-11-xjd8t932,EMSL 1 ABBY_A_PRE_NotGr_NA_NA,ALL,high,ProcessedSample6_NOM
Miesel_60009_01_ABBY_A_PRE_H2O_SPE_r2_28Jan23_Fir_300SA_IATp03_9113,nmdc:bsm-11-xjd8t932,EMSL 1 ABBY_A_PRE_NotGr_NA_NA,ALL,high,ProcessedSample6_NOM
Miesel_60009_01_ABBY_A_PRE_Met_SPE_r1_300SA_IATp03_9286,nmdc:bsm-11-xjd8t932,EMSL 1 ABBY_A_PRE_NotGr_NA_NA,ALL,high,ProcessedSample7_NOM
Miesel_60009_01_ABBY_A_PRE_Met_SPE_r2_300SA_IATp03_9559,nmdc:bsm-11-xjd8t932,EMSL 1 ABBY_A_PRE_NotGr_NA_NA,ALL,high,ProcessedSample7_NOM
Miesel_60009_02_BARR_Oaf_PRE_H2O_SPE_r1_26Jan23_Alder_300SA_IATp03_9049,nmdc:bsm-11-pmcm6s22,EMSL 2 BARR_Oaf_PRE_NotGr_NA_NA,ALL,high,ProcessedSample6_NOM
Miesel_60009_02_BARR_Oaf_PRE_H2O_SPE_r2_28Jan23_Fir_300SA_IATp03_9119,nmdc:bsm-11-pmcm6s22,EMSL 2 BARR_Oaf_PRE_NotGr_NA_NA,ALL,high,ProcessedSample6_NOM
Miesel_60009_02_BARR_Oaf_PRE_Met_SPE_r1_300SA_IATp03_9274,nmdc:bsm-11-pmcm6s22,EMSL 2 BARR_Oaf_PRE_NotGr_NA_NA,ALL,high,ProcessedSample7_NOM
Miesel_60009_02_BARR_Oaf_PRE_Met_SPE_r2_300SA_IATp03_9608,nmdc:bsm-11-pmcm6s22,EMSL 2 BARR_Oaf_PRE_NotGr_NA_NA,ALL,high,ProcessedSample7_NOM
Miesel_60009_03_BLAN_Ap1_PRE_H2O_SPE_r1_26Jan23_Alder_300SA_IATp03_9027,nmdc:bsm-11-dgpxax84,EMSL 3 BLAN_Ap1_PRE_NotGr_NA_NA,ALL,high,ProcessedSample6_NOM
Miesel_60009_03_BLAN_Ap1_PRE_H2O_SPE_r2_28Jan23_Alder_300SA_IATp03_9092,nmdc:bsm-11-dgpxax84,EMSL 3 BLAN_Ap1_PRE_NotGr_NA_NA,ALL,high,ProcessedSample6_NOM
Miesel_60009_03_BLAN_Ap1_PRE_Met_SPE_r1_300SA_IATp03_9247,nmdc:bsm-11-dgpxax84,EMSL 3 BLAN_Ap1_PRE_NotGr_NA_NA,ALL,high,ProcessedSample7_NOM
Miesel_60009_03_BLAN_Ap1_PRE_Met_SPE_r2_300SA_IATp03_9556,nmdc:bsm-11-dgpxax84,EMSL 3 BLAN_Ap1_PRE_NotGr_NA_NA,ALL,high,ProcessedSample7_NOM
Miesel_60009_04_BONA_Oea_PRE_H2O_SPE_r1_26Jan23_Alder_300SA_IATp03_9004,nmdc:bsm-11-447q1c62,EMSL 4 BONA_Oea_PRE_NotGr_NA_NA,ALL,high,ProcessedSample6_NOM
Miesel_60009_04_BONA_Oea_PRE_H2O_SPE_r2_28Jan23_Alder_300SA_IATp03_9103,nmdc:bsm-11-447q1c62,EMSL 4 BONA_Oea_PRE_NotGr_NA_NA,ALL,high,ProcessedSample6_NOM
Miesel_60009_04_BONA_Oea_PRE_Met_SPE_r1_300SA_IATp03_9250,nmdc:bsm-11-447q1c62,EMSL 4 BONA_Oea_PRE_NotGr_NA_NA,ALL,high,ProcessedSample7_NOM
Miesel_60009_04_BONA_Oea_PRE_Met_SPE_r2_300SA_IATp03_9596,nmdc:bsm-11-447q1c62,EMSL 4 BONA_Oea_PRE_NotGr_NA_NA,ALL,high,ProcessedSample7_NOM
Miesel_60009_05_CLBJ_A1_PRE_H2O_SPE_r1_26Jan23_Alder_300SA_IATp03_9013,nmdc:bsm-11-hb183j67,EMSL 5 CLBJ_A1_PRE_NotGr_NA_NA,ALL,high,ProcessedSample6_NOM
Miesel_60009_05_CLBJ_A1_PRE_H2O_SPE_r2_28Jan23_Fir_300SA_IATp03_9150,nmdc:bsm-11-hb183j67,EMSL 5 CLBJ_A1_PRE_NotGr_NA_NA,ALL,high,ProcessedSample6_NOM
Miesel_60009_05_CLBJ_A1_PRE_Met_SPE_r1_30Jan23_Fir_300SA_IATp03_9238,nmdc:bsm-11-hb183j67,EMSL 5 CLBJ_A1_PRE_NotGr_NA_NA,ALL,high,ProcessedSample7_NOM
Miesel_60009_05_CLBJ_A1_PRE_Met_SPE_r2_300SA_IATp03_9621,nmdc:bsm-11-hb183j67,EMSL 5 CLBJ_A1_PRE_NotGr_NA_NA,ALL,high,ProcessedSample7_NOM
Miesel_60009_06_CPER_A1_PRE_H2O_SPE_r1_26Jan23_Alder_300SA_IATp03_9025,nmdc:bsm-11-kfxsah36,EMSL 6 CPER_A1_PRE_NotGr_NA_NA,ALL,high,ProcessedSample6_NOM
Miesel_60009_06_CPER_A1_PRE_H2O_SPE_r2_28Jan23_Fir_300SA_IATp03_9120,nmdc:bsm-11-kfxsah36,EMSL 6 CPER_A1_PRE_NotGr_NA_NA,ALL,high,ProcessedSample6_NOM
Miesel_60009_06_CPER_A1_PRE_Met_SPE_r1_300SA_IATp03_9249,nmdc:bsm-11-kfxsah36,EMSL 6 CPER_A1_PRE_NotGr_NA_NA,ALL,high,ProcessedSample7_NOM
Miesel_60009_06_CPER_A1_PRE_Met_SPE_r2_300SA_IATp03_9555,nmdc:bsm-11-kfxsah36,EMSL 6 CPER_A1_PRE_NotGr_NA_NA,ALL,high,ProcessedSample7_NOM
Miesel_60009_07_DCFS_A1_PRE_H2O_SPE_r1_26Jan23_Alder_300SA_IATp03_8987,nmdc:bsm-11-jv4z8645,EMSL 7 DCFS_A1_PRE_NotGr_NA_NA,ALL,high,ProcessedSample6_NOM
Miesel_60009_07_DCFS_A1_PRE_H2O_SPE_r2_28Jan23_Fir_300SA_IATp03_9121,nmdc:bsm-11-jv4z8645,EMSL 7 DCFS_A1_PRE_NotGr_NA_NA,ALL,high,ProcessedSample6_NOM
Miesel_60009_07_DCFS_A1_PRE_Met_SPE_r1_300SA_IATp03_9255,nmdc:bsm-11-jv4z8645,EMSL 7 DCFS_A1_PRE_NotGr_NA_NA,ALL,high,ProcessedSample7_NOM
Miesel_60009_07_DCFS_A1_PRE_Met_SPE_r2_300SA_IATp03_9588,nmdc:bsm-11-jv4z8645,EMSL 7 DCFS_A1_PRE_NotGr_NA_NA,ALL,high,ProcessedSample7_NOM
Miesel_60009_08_DELA_A_PRE_H2O_SPE_r1_26Jan23_Alder_300SA_IATp03_9016,nmdc:bsm-11-2a214q05,EMSL 8 DELA_A_PRE_NotGr_NA_NA,ALL,high,ProcessedSample6_NOM
Miesel_60009_08_DELA_A_PRE_H2O_SPE_r2_28Jan23_Alder_300SA_IATp03_9087,nmdc:bsm-11-2a214q05,EMSL 8 DELA_A_PRE_NotGr_NA_NA,ALL,high,ProcessedSample6_NOM
Miesel_60009_08_DELA_A_PRE_Met_SPE_r1_300SA_IATp03_9246,nmdc:bsm-11-2a214q05,EMSL 8 DELA_A_PRE_NotGr_NA_NA,ALL,high,ProcessedSample7_NOM
Miesel_60009_08_DELA_A_PRE_Met_SPE_r2_300SA_IATp03_9580,nmdc:bsm-11-2a214q05,EMSL 8 DELA_A_PRE_NotGr_NA_NA,ALL,high,ProcessedSample7_NOM
Miesel_60009_09_DSNY_A_PRE_H2O_SPE_r1_26Jan23_Alder_300SA_IATp03_9006,nmdc:bsm-11-1fcma647,EMSL 9 DSNY_A_PRE_NotGr_NA_NA,ALL,high,ProcessedSample6_NOM
Miesel_60009_09_DSNY_A_PRE_H2O_SPE_r2_28Jan23_Alder_300SA_IATp03_9100,nmdc:bsm-11-1fcma647,EMSL 9 DSNY_A_PRE_NotGr_NA_NA,ALL,high,ProcessedSample6_NOM
Miesel_60009_09_DSNY_A_PRE_Met_SPE_r1_300SA_IATp03_9248,nmdc:bsm-11-1fcma647,EMSL 9 DSNY_A_PRE_NotGr_NA_NA,ALL,high,ProcessedSample7_NOM
Miesel_60009_09_DSNY_A_PRE_Met_SPE_r2_300SA_IATp03_9625,nmdc:bsm-11-1fcma647,EMSL 9 DSNY_A_PRE_NotGr_NA_NA,ALL,high,ProcessedSample7_NOM
Miesel_60009_10_GRSM_A_PRE_H2O_SPE_r1_26Jan23_Alder_300SA_IATp03_9050,nmdc:bsm-11-v9wwsa76,EMSL 10 GRSM_A_PRE_NotGr_NA_NA,ALL,high,ProcessedSample6_NOM
Miesel_60009_10_GRSM_A_PRE_H2O_SPE_r2_28Jan23_Fir_300SA_IATp03_9114,nmdc:bsm-11-v9wwsa76,EMSL 10 GRSM_A_PRE_NotGr_NA_NA,ALL,high,ProcessedSample6_NOM
Miesel_60009_10_GRSM_A_PRE_Met_SPE_r1_30Jan23_Fir_300SA_IATp03_9180,nmdc:bsm-11-v9wwsa76,EMSL 10 GRSM_A_PRE_NotGr_NA_NA,ALL,high,ProcessedSample7_NOM
Miesel_60009_10_GRSM_A_PRE_Met_SPE_r2_300SA_IATp03_9560,nmdc:bsm-11-v9wwsa76,EMSL 10 GRSM_A_PRE_NotGr_NA_NA,ALL,high,ProcessedSample7_NOM
Miesel_60009_11_HEAL_Oae_PRE_H2O_SPE_r1_26Jan23_Alder_300SA_IATp03_8999,nmdc:bsm-11-57n0am19,EMSL 11 HEAL_Oae_PRE_NotGr_NA_NA,ALL,high,ProcessedSample6_NOM
Miesel_60009_11_HEAL_Oae_PRE_H2O_SPE_r2_28Jan23_Alder_300SA_IATp03_9093,nmdc:bsm-11-57n0am19,EMSL 11 HEAL_Oae_PRE_NotGr_NA_NA,ALL,high,ProcessedSample6_NOM
Miesel_60009_11_HEAL_Oae_PRE_Met_SPE_r1_300SA_IATp03_9285,nmdc:bsm-11-57n0am19,EMSL 11 HEAL_Oae_PRE_NotGr_NA_NA,ALL,high,ProcessedSample7_NOM
Miesel_60009_11_HEAL_Oae_PRE_Met_SPE_r2_300SA_IATp03_9631,nmdc:bsm-11-57n0am19,EMSL 11 HEAL_Oae_PRE_NotGr_NA_NA,ALL,high,ProcessedSample7_NOM
Miesel_60009_12_JORN_Ak_PRE_H2O_SPE_r1_26Jan23_Alder_300SA_IATp03_9062,nmdc:bsm-11-x6051v50,EMSL 12 JORN_Ak_PRE_NotGr_NA_NA,ALL,high,ProcessedSample6_NOM
Miesel_60009_12_JORN_Ak_PRE_H2O_SPE_r2_28Jan23_Fir_300SA_IATp03_9147,nmdc:bsm-11-x6051v50,EMSL 12 JORN_Ak_PRE_NotGr_NA_NA,ALL,high,ProcessedSample6_NOM
Miesel_60009_12_JORN_Ak_PRE_Met_SPE_r1_300SA_IATp03_9273,nmdc:bsm-11-x6051v50,EMSL 12 JORN_Ak_PRE_NotGr_NA_NA,ALL,high,ProcessedSample7_NOM
Miesel_60009_12_JORN_Ak_PRE_Met_SPE_r2_300SA_IATp03_9610,nmdc:bsm-11-x6051v50,EMSL 12 JORN_Ak_PRE_NotGr_NA_NA,ALL,high,ProcessedSample7_NOM
Miesel_60009_13_KONZ_A1_PRE_H2O_SPE_r1_26Jan23_Alder_300SA_IATp03_9070,nmdc:bsm-11-czpa0a23,EMSL 13 KONZ_A1_PRE_NotGr_NA_NA,ALL,high,ProcessedSample6_NOM
Miesel_60009_13_KONZ_A1_PRE_H2O_SPE_r2_28Jan23_Alder_300SA_IATp03_9091,nmdc:bsm-11-czpa0a23,EMSL 13 KONZ_A1_PRE_NotGr_NA_NA,ALL,high,ProcessedSample6_NOM
Miesel_60009_13_KONZ_A1_PRE_Met_SPE_r1_300SA_IATp03_9289,nmdc:bsm-11-czpa0a23,EMSL 13 KONZ_A1_PRE_NotGr_NA_NA,ALL,high,ProcessedSample7_NOM
Miesel_60009_13_KONZ_A1_PRE_Met_SPE_r2_300SA_IATp03_9593,nmdc:bsm-11-czpa0a23,EMSL 13 KONZ_A1_PRE_NotGr_NA_NA,ALL,high,ProcessedSample7_NOM
Miesel_60009_14_MLBS_A_PRE_H2O_SPE_r1_26Jan23_Alder_300SA_IATp03_9071,nmdc:bsm-11-kypvs876,EMSL 14 MLBS_A_PRE_NotGr_NA_NA,ALL,high,ProcessedSample6_NOM
Miesel_60009_14_MLBS_A_PRE_H2O_SPE_r2_28Jan23_Fir_300SA_IATp03_9128,nmdc:bsm-11-kypvs876,EMSL 14 MLBS_A_PRE_NotGr_NA_NA,ALL,high,ProcessedSample6_NOM
Miesel_60009_14_MLBS_A_PRE_Met_SPE_r1_30Jan23_Fir_300SA_IATp03_9173,nmdc:bsm-11-kypvs876,EMSL 14 MLBS_A_PRE_NotGr_NA_NA,ALL,high,ProcessedSample7_NOM
Miesel_60009_14_MLBS_A_PRE_Met_SPE_r2_300SA_IATp03_9628,nmdc:bsm-11-kypvs876,EMSL 14 MLBS_A_PRE_NotGr_NA_NA,ALL,high,ProcessedSample7_NOM
Miesel_60009_15_MOAB_A_PRE_H2O_SPE_r1_26Jan23_Alder_300SA_IATp03_9018,nmdc:bsm-11-37ythp65,EMSL 15 MOAB_A_PRE_NotGr_NA_NA,ALL,high,ProcessedSample6_NOM
Miesel_60009_15_MOAB_A_PRE_H2O_SPE_r2_28Jan23_Alder_300SA_IATp03_9079,nmdc:bsm-11-37ythp65,EMSL 15 MOAB_A_PRE_NotGr_NA_NA,ALL,high,ProcessedSample6_NOM
Miesel_60009_15_MOAB_A_PRE_Met_SPE_r1_300SA_IATp03_9262,nmdc:bsm-11-37ythp65,EMSL 15 MOAB_A_PRE_NotGr_NA_NA,ALL,high,ProcessedSample7_NOM
Miesel_60009_15_MOAB_A_PRE_Met_SPE_r2_300SA_IATp03_9643,nmdc:bsm-11-37ythp65,EMSL 15 MOAB_A_PRE_NotGr_NA_NA,ALL,high,ProcessedSample7_NOM
Miesel_60009_16_NGPR_A_PRE_H2O_SPE_r1_26Jan23_Alder_300SA_IATp03_9022,nmdc:bsm-11-z2299p05,EMSL 16 NGPR_A_PRE_NotGr_NA_NA,ALL,high,ProcessedSample6_NOM
Miesel_60009_16_NGPR_A_PRE_H2O_SPE_r2_28Jan23_Fir_300SA_IATp03_9160,nmdc:bsm-11-z2299p05,EMSL 16 NGPR_A_PRE_NotGr_NA_NA,ALL,high,ProcessedSample6_NOM
Miesel_60009_16_NGPR_A_PRE_Met_SPE_r1_30Jan23_Fir_300SA_IATp03_9196,nmdc:bsm-11-z2299p05,EMSL 16 NGPR_A_PRE_NotGr_NA_NA,ALL,high,ProcessedSample7_NOM
Miesel_60009_16_NGPR_A_PRE_Met_SPE_r2_300SA_IATp03_9603,nmdc:bsm-11-z2299p05,EMSL 16 NGPR_A_PRE_NotGr_NA_NA,ALL,high,ProcessedSample7_NOM
Miesel_60009_17_NIWO_A_PRE_H2O_SPE_r1_26Jan23_Alder_300SA_IATp03_9047,nmdc:bsm-11-188dzv79,EMSL 17 NIWO_A_PRE_NotGr_NA_NA,ALL,high,ProcessedSample6_NOM
Miesel_60009_17_NIWO_A_PRE_H2O_SPE_r2_28Jan23_Alder_300SA_IATp03_9104,nmdc:bsm-11-188dzv79,EMSL 17 NIWO_A_PRE_NotGr_NA_NA,ALL,high,ProcessedSample6_NOM
Miesel_60009_17_NIWO_A_PRE_Met_SPE_r1_300SA_IATp03_9294,nmdc:bsm-11-188dzv79,EMSL 17 NIWO_A_PRE_NotGr_NA_NA,ALL,high,ProcessedSample7_NOM
Miesel_60009_17_NIWO_A_PRE_Met_SPE_r2_300SA_IATp03_9562,nmdc:bsm-11-188dzv79,EMSL 17 NIWO_A_PRE_NotGr_NA_NA,ALL,high,ProcessedSample7_NOM
Miesel_60009_18_OSBS_A_PRE_H2O_SPE_r1_26Jan23_Alder_300SA_IATp03_9054,nmdc:bsm-11-cxebp875,EMSL 18 OSBS_A_PRE_NotGr_NA_NA,ALL,high,ProcessedSample6_NOM
Miesel_60009_18_OSBS_A_PRE_H2O_SPE_r2_28Jan23_Fir_300SA_IATp03_9130,nmdc:bsm-11-cxebp875,EMSL 18 OSBS_A_PRE_NotGr_NA_NA,ALL,high,ProcessedSample6_NOM
Miesel_60009_18_OSBS_A_PRE_Met_SPE_r1_30Jan23_Fir_300SA_IATp03_9191,nmdc:bsm-11-cxebp875,EMSL 18 OSBS_A_PRE_NotGr_NA_NA,ALL,high,ProcessedSample7_NOM
Miesel_60009_18_OSBS_A_PRE_Met_SPE_r2_300SA_IATp03_9589,nmdc:bsm-11-cxebp875,EMSL 18 OSBS_A_PRE_NotGr_NA_NA,ALL,high,ProcessedSample7_NOM
Miesel_60009_19_RMNP_A1_PRE_H2O_SPE_r1_26Jan23_Alder_300SA_IATp03_9032,nmdc:bsm-11-v9e14793,EMSL 19 RMNP_A1_PRE_NotGr_NA_NA,ALL,high,ProcessedSample6_NOM
Miesel_60009_19_RMNP_A1_PRE_H2O_SPE_r2_28Jan23_Fir_300SA_IATp03_9126,nmdc:bsm-11-v9e14793,EMSL 19 RMNP_A1_PRE_NotGr_NA_NA,ALL,high,ProcessedSample6_NOM
Miesel_60009_19_RMNP_A1_PRE_Met_SPE_r1_30Jan23_Fir_300SA_IATp03_9179,nmdc:bsm-11-v9e14793,EMSL 19 RMNP_A1_PRE_NotGr_NA_NA,ALL,high,ProcessedSample7_NOM
Miesel_60009_19_RMNP_A1_PRE_Met_SPE_r2_300SA_IATp03_9584,nmdc:bsm-11-v9e14793,EMSL 19 RMNP_A1_PRE_NotGr_NA_NA,ALL,high,ProcessedSample7_NOM
Miesel_60009_20_SERC_A_PRE_H2O_SPE_r1_26Jan23_Alder_300SA_IATp03_9012,nmdc:bsm-11-s5hdh733,EMSL 20 SERC_A_PRE_NotGr_NA_NA,ALL,high,ProcessedSample6_NOM
Miesel_60009_20_SERC_A_PRE_H2O_SPE_r2_28Jan23_Fir_300SA_IATp03_9148,nmdc:bsm-11-s5hdh733,EMSL 20 SERC_A_PRE_NotGr_NA_NA,ALL,high,ProcessedSample6_NOM
Miesel_60009_20_SERC_A_PRE_Met_SPE_r1_30Jan23_Fir_300SA_IATp03_9189,nmdc:bsm-11-s5hdh733,EMSL 20 SERC_A_PRE_NotGr_NA_NA,ALL,high,ProcessedSample7_NOM
Miesel_60009_20_SERC_A_PRE_Met_SPE_r2_300SA_IATp03_9629,nmdc:bsm-11-s5hdh733,EMSL 20 SERC_A_PRE_NotGr_NA_NA,ALL,high,ProcessedSample7_NOM
Miesel_60009_21_SJER_A_PRE_H2O_SPE_r1_26Jan23_Alder_300SA_IATp03_8990,nmdc:bsm-11-bbsdg778,EMSL 21 SJER_A_PRE_NotGr_NA_NA,ALL,high,ProcessedSample6_NOM
Miesel_60009_21_SJER_A_PRE_H2O_SPE_r2_28Jan23_Fir_300SA_IATp03_9137,nmdc:bsm-11-bbsdg778,EMSL 21 SJER_A_PRE_NotGr_NA_NA,ALL,high,ProcessedSample6_NOM
Miesel_60009_21_SJER_A_PRE_Met_SPE_r1_300SA_IATp03_9251,nmdc:bsm-11-bbsdg778,EMSL 21 SJER_A_PRE_NotGr_NA_NA,ALL,high,ProcessedSample7_NOM
Miesel_60009_21_SJER_A_PRE_Met_SPE_r2_300SA_IATp03_9597,nmdc:bsm-11-bbsdg778,EMSL 21 SJER_A_PRE_NotGr_NA_NA,ALL,high,ProcessedSample7_NOM
Miesel_60009_22_SOAP_A_PRE_H2O_SPE_r1_26Jan23_Alder_300SA_IATp03_9057,nmdc:bsm-11-zz785q05,EMSL 22 SOAP_A_PRE_NotGr_NA_NA,ALL,high,ProcessedSample6_NOM
Miesel_60009_22_SOAP_A_PRE_H2O_SPE_r2_28Jan23_Alder_300SA_IATp03_9085,nmdc:bsm-11-zz785q05,EMSL 22 SOAP_A_PRE_NotGr_NA_NA,ALL,high,ProcessedSample6_NOM
Miesel_60009_22_SOAP_A_PRE_Met_SPE_r1_30Jan23_Fir_300SA_IATp03_9184,nmdc:bsm-11-zz785q05,EMSL 22 SOAP_A_PRE_NotGr_NA_NA,ALL,high,ProcessedSample7_NOM
Miesel_60009_22_SOAP_A_PRE_Met_SPE_r2_300SA_IATp03_9579,nmdc:bsm-11-zz785q05,EMSL 22 SOAP_A_PRE_NotGr_NA_NA,ALL,high,ProcessedSample7_NOM
Miesel_60009_23_STEI_A1_PRE_H2O_SPE_r1_26Jan23_Alder_300SA_IATp03_9033,nmdc:bsm-11-m7137540,EMSL 23 STEI_A1_PRE_NotGr_NA_NA,ALL,high,ProcessedSample6_NOM
Miesel_60009_23_STEI_A1_PRE_H2O_SPE_r2_28Jan23_Alder_300SA_IATp03_9094,nmdc:bsm-11-m7137540,EMSL 23 STEI_A1_PRE_NotGr_NA_NA,ALL,high,ProcessedSample6_NOM
Miesel_60009_23_STEI_A1_PRE_Met_SPE_r1_30Jan23_Fir_300SA_IATp03_9192,nmdc:bsm-11-m7137540,EMSL 23 STEI_A1_PRE_NotGr_NA_NA,ALL,high,ProcessedSample7_NOM
Miesel_60009_23_STEI_A1_PRE_Met_SPE_r2_300SA_IATp03_9623,nmdc:bsm-11-m7137540,EMSL 23 STEI_A1_PRE_NotGr_NA_NA,ALL,high,ProcessedSample7_NOM
Miesel_60009_24_TALL_A1_PRE_H2O_SPE_r1_26Jan23_Alder_300SA_IATp03_9043,nmdc:bsm-11-t7eq2555,EMSL 24 TALL_A1_PRE_NotGr_NA_NA,ALL,high,ProcessedSample6_NOM
Miesel_60009_24_TALL_A1_PRE_H2O_SPE_r2_28Jan23_Fir_300SA_IATp03_9131,nmdc:bsm-11-t7eq2555,EMSL 24 TALL_A1_PRE_NotGr_NA_NA,ALL,high,ProcessedSample6_NOM
Miesel_60009_24_TALL_A1_PRE_Met_SPE_r1_30Jan23_Fir_300SA_IATp03_9241,nmdc:bsm-11-t7eq2555,EMSL 24 TALL_A1_PRE_NotGr_NA_NA,ALL,high,ProcessedSample7_NOM
Miesel_60009_24_TALL_A1_PRE_Met_SPE_r2_300SA_IATp03_9587,nmdc:bsm-11-t7eq2555,EMSL 24 TALL_A1_PRE_NotGr_NA_NA,ALL,high,ProcessedSample7_NOM
Miesel_60009_25_TREE_A1_PRE_H2O_SPE_r1_26Jan23_Alder_300SA_IATp03_9029,nmdc:bsm-11-5pr0md39,EMSL 25 TREE_A1_PRE_NotGr_NA_NA,ALL,high,ProcessedSample6_NOM
Miesel_60009_25_TREE_A1_PRE_H2O_SPE_r2_28Jan23_Fir_300SA_IATp03_9162,nmdc:bsm-11-5pr0md39,EMSL 25 TREE_A1_PRE_NotGr_NA_NA,ALL,high,ProcessedSample6_NOM
Miesel_60009_25_TREE_A1_PRE_Met_SPE_r1_300SA_IATp03_9292,nmdc:bsm-11-5pr0md39,EMSL 25 TREE_A1_PRE_NotGr_NA_NA,ALL,high,ProcessedSample7_NOM
Miesel_60009_25_TREE_A1_PRE_Met_SPE_r2_300SA_IATp03_9565,nmdc:bsm-11-5pr0md39,EMSL 25 TREE_A1_PRE_NotGr_NA_NA,ALL,high,ProcessedSample7_NOM
Miesel_60009_26_UNDE_A_PRE_H2O_SPE_r1_26Jan23_Alder_300SA_IATp03_8996,nmdc:bsm-11-3tk5be27,EMSL 26 UNDE_A_PRE_NotGr_NA_NA,ALL,high,ProcessedSample6_NOM
Miesel_60009_26_UNDE_A_PRE_H2O_SPE_r2_28Jan23_Fir_300SA_IATp03_9155,nmdc:bsm-11-3tk5be27,EMSL 26 UNDE_A_PRE_NotGr_NA_NA,ALL,high,ProcessedSample6_NOM
Miesel_60009_26_UNDE_A_PRE_Met_SPE_r1_300SA_IATp03_9279,nmdc:bsm-11-3tk5be27,EMSL 26 UNDE_A_PRE_NotGr_NA_NA,ALL,high,ProcessedSample7_NOM
Miesel_60009_26_UNDE_A_PRE_Met_SPE_r2_300SA_IATp03_9640,nmdc:bsm-11-3tk5be27,EMSL 26 UNDE_A_PRE_NotGr_NA_NA,ALL,high,ProcessedSample7_NOM
Miesel_60009_27_WREF_A1_PRE_H2O_SPE_r1_26Jan23_Alder_300SA_IATp03_9060,nmdc:bsm-11-81nkhg93,EMSL 27 WREF_A1_PRE_NotGr_NA_NA,ALL,high,ProcessedSample6_NOM
Miesel_60009_27_WREF_A1_PRE_H2O_SPE_r2_28Jan23_Fir_300SA_IATp03_9107,nmdc:bsm-11-81nkhg93,EMSL 27 WREF_A1_PRE_NotGr_NA_NA,ALL,high,ProcessedSample6_NOM
Miesel_60009_27_WREF_A1_PRE_Met_SPE_r1_300SA_IATp03_9277,nmdc:bsm-11-81nkhg93,EMSL 27 WREF_A1_PRE_NotGr_NA_NA,ALL,high,ProcessedSample7_NOM
Miesel_60009_27_WREF_A1_PRE_Met_SPE_r2_300SA_IATp03_9598,nmdc:bsm-11-81nkhg93,EMSL 27 WREF_A1_PRE_NotGr_NA_NA,ALL,high,ProcessedSample7_NOM
Miesel_60009_37_ABBY_A_POST_MST_33_H2O_SPE_r1_26Jan23_Alder_300SA_IATp03_9021,nmdc:bsm-11-t2j2tb83,EMSL 37 ABBY_A_POST_NotGr_MST_33,ALL,high,ProcessedSample6_NOM
Miesel_60009_37_ABBY_A_POST_MST_33_H2O_SPE_r2_28Jan23_Fir_300SA_IATp03_9118,nmdc:bsm-11-t2j2tb83,EMSL 37 ABBY_A_POST_NotGr_MST_33,ALL,high,ProcessedSample6_NOM
Miesel_60009_37_ABBY_A_POST_MST_33_Met_SPE_r1_30Jan23_Fir_300SA_IATp03_9178,nmdc:bsm-11-t2j2tb83,EMSL 37 ABBY_A_POST_NotGr_MST_33,ALL,high,ProcessedSample7_NOM
Miesel_60009_37_ABBY_A_POST_MST_33_Met_SPE_r2_300SA_IATp03_9630,nmdc:bsm-11-t2j2tb83,EMSL 37 ABBY_A_POST_NotGr_MST_33,ALL,high,ProcessedSample7_NOM
Miesel_60009_38_BARR_Oaf_POST_MST_33_H2O_SPE_r1_26Jan23_Alder_300SA_IATp03_9053,nmdc:bsm-11-g55mqq95,EMSL 38 BARR_Oaf_POST_NotGr_MST_33,ALL,high,ProcessedSample6_NOM
Miesel_60009_38_BARR_Oaf_POST_MST_33_H2O_SPE_r2_28Jan23_Fir_300SA_IATp03_9142,nmdc:bsm-11-g55mqq95,EMSL 38 BARR_Oaf_POST_NotGr_MST_33,ALL,high,ProcessedSample6_NOM
Miesel_60009_38_BARR_Oaf_POST_MST_33_Met_SPE_r1_30Jan23_Fir_300SA_IATp03_9183,nmdc:bsm-11-g55mqq95,EMSL 38 BARR_Oaf_POST_NotGr_MST_33,ALL,high,ProcessedSample7_NOM
Miesel_60009_38_BARR_Oaf_POST_MST_33_Met_SPE_r2_300SA_IATp03_9635,nmdc:bsm-11-g55mqq95,EMSL 38 BARR_Oaf_POST_NotGr_MST_33,ALL,high,ProcessedSample7_NOM
Miesel_60009_39_BLAN_Ap1_POST_MST_33_H2O_SPE_r1_26Jan23_Alder_300SA_IATp03_8994,nmdc:bsm-11-0n65yd98,EMSL 39 BLAN_Ap1_POST_NotGr_MST_33,ALL,high,ProcessedSample6_NOM
Miesel_60009_39_BLAN_Ap1_POST_MST_33_H2O_SPE_r2_28Jan23_Alder_300SA_IATp03_9089,nmdc:bsm-11-0n65yd98,EMSL 39 BLAN_Ap1_POST_NotGr_MST_33,ALL,high,ProcessedSample6_NOM
Miesel_60009_39_BLAN_Ap1_POST_MST_33_Met_SPE_r1_300SA_IATp03_9260,nmdc:bsm-11-0n65yd98,EMSL 39 BLAN_Ap1_POST_NotGr_MST_33,ALL,high,ProcessedSample7_NOM
Miesel_60009_39_BLAN_Ap1_POST_MST_33_Met_SPE_r2_300SA_IATp03_9616,nmdc:bsm-11-0n65yd98,EMSL 39 BLAN_Ap1_POST_NotGr_MST_33,ALL,high,ProcessedSample7_NOM
Miesel_60009_40_BONA_Oea_POST_MST_33_H2O_SPE_r1_26Jan23_Alder_300SA_IATp03_9035,nmdc:bsm-11-89sqhh96,EMSL 40 BONA_Oea_POST_NotGr_MST_33,ALL,high,ProcessedSample6_NOM
Miesel_60009_40_BONA_Oea_POST_MST_33_H2O_SPE_r2_28Jan23_Alder_300SA_IATp03_9078,nmdc:bsm-11-89sqhh96,EMSL 40 BONA_Oea_POST_NotGr_MST_33,ALL,high,ProcessedSample6_NOM
Miesel_60009_40_BONA_Oea_POST_MST_33_Met_SPE_r1_30Jan23_Fir_300SA_IATp03_9239,nmdc:bsm-11-89sqhh96,EMSL 40 BONA_Oea_POST_NotGr_MST_33,ALL,high,ProcessedSample7_NOM
Miesel_60009_40_BONA_Oea_POST_MST_33_Met_SPE_r2_300SA_IATp03_9605,nmdc:bsm-11-89sqhh96,EMSL 40 BONA_Oea_POST_NotGr_MST_33,ALL,high,ProcessedSample7_NOM
Miesel_60009_41_CLBJ_A1_POST_MST_33_H2O_SPE_r1_26Jan23_Alder_300SA_IATp03_9039,nmdc:bsm-11-2cj4cf88,EMSL 41 CLBJ_A1_POST_NotGr_MST_33,ALL,high,ProcessedSample6_NOM
Miesel_60009_41_CLBJ_A1_POST_MST_33_H2O_SPE_r2_28Jan23_Fir_300SA_IATp03_9133,nmdc:bsm-11-2cj4cf88,EMSL 41 CLBJ_A1_POST_NotGr_MST_33,ALL,high,ProcessedSample6_NOM
Miesel_60009_41_CLBJ_A1_POST_MST_33_Met_SPE_r1_30Jan23_Fir_300SA_IATp03_9188,nmdc:bsm-11-2cj4cf88,EMSL 41 CLBJ_A1_POST_NotGr_MST_33,ALL,high,ProcessedSample7_NOM
Miesel_60009_41_CLBJ_A1_POST_MST_33_Met_SPE_r2_300SA_IATp03_9602,nmdc:bsm-11-2cj4cf88,EMSL 41 CLBJ_A1_POST_NotGr_MST_33,ALL,high,ProcessedSample7_NOM
Miesel_60009_42_CPER_A1_POST_MST_33_H2O_SPE_r1_26Jan23_Alder_300SA_IATp03_9011,nmdc:bsm-11-9hpkqy23,EMSL 42 CPER_A1_POST_NotGr_MST_33,ALL,high,ProcessedSample6_NOM
Miesel_60009_42_CPER_A1_POST_MST_33_H2O_SPE_r2_28Jan23_Alder_300SA_IATp03_9097,nmdc:bsm-11-9hpkqy23,EMSL 42 CPER_A1_POST_NotGr_MST_33,ALL,high,ProcessedSample6_NOM
Miesel_60009_42_CPER_A1_POST_MST_33_Met_SPE_r1_300SA_IATp03_9290,nmdc:bsm-11-9hpkqy23,EMSL 42 CPER_A1_POST_NotGr_MST_33,ALL,high,ProcessedSample7_NOM
Miesel_60009_42_CPER_A1_POST_MST_33_Met_SPE_r2_300SA_IATp03_9641,nmdc:bsm-11-9hpkqy23,EMSL 42 CPER_A1_POST_NotGr_MST_33,ALL,high,ProcessedSample7_NOM
Miesel_60009_43_DCFS_A1_POST_MST_33_H2O_SPE_r1_26Jan23_Alder_300SA_IATp03_9023,nmdc:bsm-11-mzz92d33,EMSL 43 DCFS_A1_POST_NotGr_MST_33,ALL,high,ProcessedSample6_NOM
Miesel_60009_43_DCFS_A1_POST_MST_33_H2O_SPE_r2_28Jan23_Alder_300SA_IATp03_9080,nmdc:bsm-11-mzz92d33,EMSL 43 DCFS_A1_POST_NotGr_MST_33,ALL,high,ProcessedSample6_NOM
Miesel_60009_43_DCFS_A1_POST_MST_33_Met_SPE_r1_300SA_IATp03_9270,nmdc:bsm-11-mzz92d33,EMSL 43 DCFS_A1_POST_NotGr_MST_33,ALL,high,ProcessedSample7_NOM
Miesel_60009_43_DCFS_A1_POST_MST_33_Met_SPE_r2_300SA_IATp03_9636,nmdc:bsm-11-mzz92d33,EMSL 43 DCFS_A1_POST_NotGr_MST_33,ALL,high,ProcessedSample7_NOM
Miesel_60009_44_DELA_A_POST_MST_33_H2O_SPE_r1_26Jan23_Alder_300SA_IATp03_9061,nmdc:bsm-11-zjb1z714,EMSL 44 DELA_A_POST_NotGr_MST_33,ALL,high,ProcessedSample6_NOM
Miesel_60009_44_DELA_A_POST_MST_33_H2O_SPE_r2_28Jan23_Fir_300SA_IATp03_9132,nmdc:bsm-11-zjb1z714,EMSL 44 DELA_A_POST_NotGr_MST_33,ALL,high,ProcessedSample6_NOM
Miesel_60009_44_DELA_A_POST_MST_33_Met_SPE_r1_30Jan23_Fir_300SA_IATp03_9175,nmdc:bsm-11-zjb1z714,EMSL 44 DELA_A_POST_NotGr_MST_33,ALL,high,ProcessedSample7_NOM
Miesel_60009_44_DELA_A_POST_MST_33_Met_SPE_r2_300SA_IATp03_9578,nmdc:bsm-11-zjb1z714,EMSL 44 DELA_A_POST_NotGr_MST_33,ALL,high,ProcessedSample7_NOM
Miesel_60009_45_DSNY_A_POST_MST_33_H2O_SPE_r1_26Jan23_Alder_300SA_IATp03_9042,nmdc:bsm-11-8bg8gj60,EMSL 45 DSNY_A_POST_NotGr_MST_33,ALL,high,ProcessedSample6_NOM
Miesel_60009_45_DSNY_A_POST_MST_33_H2O_SPE_r2_28Jan23_Alder_300SA_IATp03_9081,nmdc:bsm-11-8bg8gj60,EMSL 45 DSNY_A_POST_NotGr_MST_33,ALL,high,ProcessedSample6_NOM
Miesel_60009_45_DSNY_A_POST_MST_33_Met_SPE_r1_300SA_IATp03_9268,nmdc:bsm-11-8bg8gj60,EMSL 45 DSNY_A_POST_NotGr_MST_33,ALL,high,ProcessedSample7_NOM
Miesel_60009_45_DSNY_A_POST_MST_33_Met_SPE_r2_300SA_IATp03_9566,nmdc:bsm-11-8bg8gj60,EMSL 45 DSNY_A_POST_NotGr_MST_33,ALL,high,ProcessedSample7_NOM
Miesel_60009_46_GRSM_A_POST_MST_33_H2O_SPE_r1_26Jan23_Alder_300SA_IATp03_9028,nmdc:bsm-11-262q3j19,EMSL 46 GRSM_A_POST_NotGr_MST_33,ALL,high,ProcessedSample6_NOM
Miesel_60009_46_GRSM_A_POST_MST_33_H2O_SPE_r2_28Jan23_Fir_300SA_IATp03_9152,nmdc:bsm-11-262q3j19,EMSL 46 GRSM_A_POST_NotGr_MST_33,ALL,high,ProcessedSample6_NOM
Miesel_60009_46_GRSM_A_POST_MST_33_Met_SPE_r1_300SA_IATp03_9257,nmdc:bsm-11-262q3j19,EMSL 46 GRSM_A_POST_NotGr_MST_33,ALL,high,ProcessedSample7_NOM
Miesel_60009_46_GRSM_A_POST_MST_33_Met_SPE_r2_300SA_IATp03_9609,nmdc:bsm-11-262q3j19,EMSL 46 GRSM_A_POST_NotGr_MST_33,ALL,high,ProcessedSample7_NOM
Miesel_60009_47_HEAL_Oae_POST_MST_33_H2O_SPE_r1_26Jan23_Alder_300SA_IATp03_9007,nmdc:bsm-11-56ck4y26,EMSL 47 HEAL_Oae_POST_NotGr_MST_33,ALL,high,ProcessedSample6_NOM
Miesel_60009_47_HEAL_Oae_POST_MST_33_H2O_SPE_r2_28Jan23_Fir_300SA_IATp03_9135,nmdc:bsm-11-56ck4y26,EMSL 47 HEAL_Oae_POST_NotGr_MST_33,ALL,high,ProcessedSample6_NOM
Miesel_60009_47_HEAL_Oae_POST_MST_33_Met_SPE_r1_300SA_IATp03_9283,nmdc:bsm-11-56ck4y26,EMSL 47 HEAL_Oae_POST_NotGr_MST_33,ALL,high,ProcessedSample7_NOM
Miesel_60009_47_HEAL_Oae_POST_MST_33_Met_SPE_r2_300SA_IATp03_9572,nmdc:bsm-11-56ck4y26,EMSL 47 HEAL_Oae_POST_NotGr_MST_33,ALL,high,ProcessedSample7_NOM
Miesel_60009_48_JORN_Ak_POST_MST_33_H2O_SPE_r1_26Jan23_Alder_300SA_IATp03_9068,nmdc:bsm-11-ypsg5973,EMSL 48 JORN_Ak_POST_NotGr_MST_33,ALL,high,ProcessedSample6_NOM
Miesel_60009_48_JORN_Ak_POST_MST_33_H2O_SPE_r2_28Jan23_Fir_300SA_IATp03_9112,nmdc:bsm-11-ypsg5973,EMSL 48 JORN_Ak_POST_NotGr_MST_33,ALL,high,ProcessedSample6_NOM
Miesel_60009_48_JORN_Ak_POST_MST_33_Met_SPE_r1_300SA_IATp03_9287,nmdc:bsm-11-ypsg5973,EMSL 48 JORN_Ak_POST_NotGr_MST_33,ALL,high,ProcessedSample7_NOM
Miesel_60009_48_JORN_Ak_POST_MST_33_Met_SPE_r2_300SA_IATp03_9614,nmdc:bsm-11-ypsg5973,EMSL 48 JORN_Ak_POST_NotGr_MST_33,ALL,high,ProcessedSample7_NOM
Miesel_60009_49_KONZ_A1_POST_MST_33_H2O_SPE_r1_26Jan23_Alder_300SA_IATp03_9017,nmdc:bsm-11-8e8v8k74,EMSL 49 KONZ_A1_POST_NotGr_MST_33,ALL,high,ProcessedSample6_NOM
Miesel_60009_49_KONZ_A1_POST_MST_33_H2O_SPE_r2_28Jan23_Alder_300SA_IATp03_9105,nmdc:bsm-11-8e8v8k74,EMSL 49 KONZ_A1_POST_NotGr_MST_33,ALL,high,ProcessedSample6_NOM
Miesel_60009_49_KONZ_A1_POST_MST_33_Met_SPE_r1_300SA_IATp03_9293,nmdc:bsm-11-8e8v8k74,EMSL 49 KONZ_A1_POST_NotGr_MST_33,ALL,high,ProcessedSample7_NOM
Miesel_60009_49_KONZ_A1_POST_MST_33_Met_SPE_r2_300SA_IATp03_9573,nmdc:bsm-11-8e8v8k74,EMSL 49 KONZ_A1_POST_NotGr_MST_33,ALL,high,ProcessedSample7_NOM
Miesel_60009_50_MLBS_A_POST_MST_33_H2O_SPE_r1_26Jan23_Alder_300SA_IATp03_9001,nmdc:bsm-11-0vgkpt58,EMSL 50 MLBS_A_POST_NotGr_MST_33,ALL,high,ProcessedSample6_NOM
Miesel_60009_50_MLBS_A_POST_MST_33_H2O_SPE_r2_28Jan23_Fir_300SA_IATp03_9143,nmdc:bsm-11-0vgkpt58,EMSL 50 MLBS_A_POST_NotGr_MST_33,ALL,high,ProcessedSample6_NOM
Miesel_60009_50_MLBS_A_POST_MST_33_Met_SPE_r1_300SA_IATp03_9288,nmdc:bsm-11-0vgkpt58,EMSL 50 MLBS_A_POST_NotGr_MST_33,ALL,high,ProcessedSample7_NOM
Miesel_60009_50_MLBS_A_POST_MST_33_Met_SPE_r2_300SA_IATp03_9581,nmdc:bsm-11-0vgkpt58,EMSL 50 MLBS_A_POST_NotGr_MST_33,ALL,high,ProcessedSample7_NOM
Miesel_60009_51_MOAB_A_POST_MST_33_H2O_SPE_r1_26Jan23_Alder_300SA_IATp03_9019,nmdc:bsm-11-aw9xpa90,EMSL 51 MOAB_A_POST_NotGr_MST_33,ALL,high,ProcessedSample6_NOM
Miesel_60009_51_MOAB_A_POST_MST_33_H2O_SPE_r2_28Jan23_Fir_300SA_IATp03_9115,nmdc:bsm-11-aw9xpa90,EMSL 51 MOAB_A_POST_NotGr_MST_33,ALL,high,ProcessedSample6_NOM
Miesel_60009_51_MOAB_A_POST_MST_33_Met_SPE_r1_30Jan23_Fir_300SA_IATp03_9171,nmdc:bsm-11-aw9xpa90,EMSL 51 MOAB_A_POST_NotGr_MST_33,ALL,high,ProcessedSample7_NOM
Miesel_60009_51_MOAB_A_POST_MST_33_Met_SPE_r2_300SA_IATp03_9642,nmdc:bsm-11-aw9xpa90,EMSL 51 MOAB_A_POST_NotGr_MST_33,ALL,high,ProcessedSample7_NOM
Miesel_60009_52_NGPR_A_POST_MST_33_H2O_SPE_r1_26Jan23_Alder_300SA_IATp03_9030,nmdc:bsm-11-v2kqzp11,EMSL 52 NGPR_A_POST_NotGr_MST_33,ALL,high,ProcessedSample6_NOM
Miesel_60009_52_NGPR_A_POST_MST_33_H2O_SPE_r2_28Jan23_Fir_300SA_IATp03_9167,nmdc:bsm-11-v2kqzp11,EMSL 52 NGPR_A_POST_NotGr_MST_33,ALL,high,ProcessedSample6_NOM
Miesel_60009_52_NGPR_A_POST_MST_33_Met_SPE_r1_30Jan23_Fir_300SA_IATp03_9182,nmdc:bsm-11-v2kqzp11,EMSL 52 NGPR_A_POST_NotGr_MST_33,ALL,high,ProcessedSample7_NOM
Miesel_60009_52_NGPR_A_POST_MST_33_Met_SPE_r2_300SA_IATp03_9613,nmdc:bsm-11-v2kqzp11,EMSL 52 NGPR_A_POST_NotGr_MST_33,ALL,high,ProcessedSample7_NOM
Miesel_60009_53_NIWO_A_POST_MST_33_H2O_SPE_r1_26Jan23_Alder_300SA_IATp03_8997,nmdc:bsm-11-1mgzn748,EMSL 53 NIWO_A_POST_NotGr_MST_33,ALL,high,ProcessedSample6_NOM
Miesel_60009_53_NIWO_A_POST_MST_33_H2O_SPE_r2_28Jan23_Fir_300SA_IATp03_9136,nmdc:bsm-11-1mgzn748,EMSL 53 NIWO_A_POST_NotGr_MST_33,ALL,high,ProcessedSample6_NOM
Miesel_60009_53_NIWO_A_POST_MST_33_Met_SPE_r1_300SA_IATp03_9265,nmdc:bsm-11-1mgzn748,EMSL 53 NIWO_A_POST_NotGr_MST_33,ALL,high,ProcessedSample7_NOM
Miesel_60009_53_NIWO_A_POST_MST_33_Met_SPE_r2_300SA_IATp03_9632,nmdc:bsm-11-1mgzn748,EMSL 53 NIWO_A_POST_NotGr_MST_33,ALL,high,ProcessedSample7_NOM
Miesel_60009_54_OSBS_A_POST_MST_33_H2O_SPE_r1_26Jan23_Alder_300SA_IATp03_9003,nmdc:bsm-11-6m5pgr13,EMSL 54 OSBS_A_POST_NotGr_MST_33,ALL,high,ProcessedSample6_NOM
Miesel_60009_54_OSBS_A_POST_MST_33_H2O_SPE_r2_28Jan23_Alder_300SA_IATp03_9095,nmdc:bsm-11-6m5pgr13,EMSL 54 OSBS_A_POST_NotGr_MST_33,ALL,high,ProcessedSample6_NOM
Miesel_60009_54_OSBS_A_POST_MST_33_Met_SPE_r1_300SA_IATp03_9253,nmdc:bsm-11-6m5pgr13,EMSL 54 OSBS_A_POST_NotGr_MST_33,ALL,high,ProcessedSample7_NOM
Miesel_60009_54_OSBS_A_POST_MST_33_Met_SPE_r2_300SA_IATp03_9637,nmdc:bsm-11-6m5pgr13,EMSL 54 OSBS_A_POST_NotGr_MST_33,ALL,high,ProcessedSample7_NOM
Miesel_60009_55_RMNP_A1_POST_MST_33_H2O_SPE_r1_26Jan23_Alder_300SA_IATp03_9066,nmdc:bsm-11-7dmzve23,EMSL 55 RMNP_A1_POST_NotGr_MST_33,ALL,high,ProcessedSample6_NOM
Miesel_60009_55_RMNP_A1_POST_MST_33_H2O_SPE_r2_28Jan23_Alder_300SA_IATp03_9102,nmdc:bsm-11-7dmzve23,EMSL 55 RMNP_A1_POST_NotGr_MST_33,ALL,high,ProcessedSample6_NOM
Miesel_60009_55_RMNP_A1_POST_MST_33_Met_SPE_r1_30Jan23_Fir_300SA_IATp03_9185,nmdc:bsm-11-7dmzve23,EMSL 55 RMNP_A1_POST_NotGr_MST_33,ALL,high,ProcessedSample7_NOM
Miesel_60009_55_RMNP_A1_POST_MST_33_Met_SPE_r2_300SA_IATp03_9577,nmdc:bsm-11-7dmzve23,EMSL 55 RMNP_A1_POST_NotGr_MST_33,ALL,high,ProcessedSample7_NOM
Miesel_60009_56_SERC_A_POST_MST_33_H2O_SPE_r1_26Jan23_Alder_300SA_IATp03_9002,nmdc:bsm-11-zd1wbz45,EMSL 56 SERC_A_POST_NotGr_MST_33,ALL,high,ProcessedSample6_NOM
Miesel_60009_56_SERC_A_POST_MST_33_H2O_SPE_r2_28Jan23_Fir_300SA_IATp03_9164,nmdc:bsm-11-zd1wbz45,EMSL 56 SERC_A_POST_NotGr_MST_33,ALL,high,ProcessedSample6_NOM
Miesel_60009_56_SERC_A_POST_MST_33_Met_SPE_r1_300SA_IATp03_9284,nmdc:bsm-11-zd1wbz45,EMSL 56 SERC_A_POST_NotGr_MST_33,ALL,high,ProcessedSample7_NOM
Miesel_60009_56_SERC_A_POST_MST_33_Met_SPE_r2_300SA_IATp03_9594,nmdc:bsm-11-zd1wbz45,EMSL 56 SERC_A_POST_NotGr_MST_33,ALL,high,ProcessedSample7_NOM
Miesel_60009_57_SJER_A_POST_MST_33_H2O_SPE_r1_26Jan23_Alder_300SA_IATp03_9026,nmdc:bsm-11-ddcg6623,EMSL 57 SJER_A_POST_NotGr_MST_33,ALL,high,ProcessedSample6_NOM
Miesel_60009_57_SJER_A_POST_MST_33_H2O_SPE_r2_28Jan23_Alder_300SA_IATp03_9096,nmdc:bsm-11-ddcg6623,EMSL 57 SJER_A_POST_NotGr_MST_33,ALL,high,ProcessedSample6_NOM
Miesel_60009_57_SJER_A_POST_MST_33_Met_SPE_r1_30Jan23_Fir_300SA_IATp03_9240,nmdc:bsm-11-ddcg6623,EMSL 57 SJER_A_POST_NotGr_MST_33,ALL,high,ProcessedSample7_NOM
Miesel_60009_57_SJER_A_POST_MST_33_Met_SPE_r2_300SA_IATp03_9620,nmdc:bsm-11-ddcg6623,EMSL 57 SJER_A_POST_NotGr_MST_33,ALL,high,ProcessedSample7_NOM
Miesel_60009_58_SOAP_A_POST_MST_33_H2O_SPE_r1_26Jan23_Alder_300SA_IATp03_9048,nmdc:bsm-11-ybyjz464,EMSL 58 SOAP_A_POST_NotGr_MST_33,ALL,high,ProcessedSample6_NOM
Miesel_60009_58_SOAP_A_POST_MST_33_H2O_SPE_r2_28Jan23_Fir_300SA_IATp03_9111,nmdc:bsm-11-ybyjz464,EMSL 58 SOAP_A_POST_NotGr_MST_33,ALL,high,ProcessedSample6_NOM
Miesel_60009_58_SOAP_A_POST_MST_33_Met_SPE_r1_30Jan23_Fir_300SA_IATp03_9242,nmdc:bsm-11-ybyjz464,EMSL 58 SOAP_A_POST_NotGr_MST_33,ALL,high,ProcessedSample7_NOM
Miesel_60009_58_SOAP_A_POST_MST_33_Met_SPE_r2_300SA_IATp03_9561,nmdc:bsm-11-ybyjz464,EMSL 58 SOAP_A_POST_NotGr_MST_33,ALL,high,ProcessedSample7_NOM
Miesel_60009_59_STEI_A1_POST_MST_33_H2O_SPE_r1_26Jan23_Alder_300SA_IATp03_9041,nmdc:bsm-11-kvxpkn12,EMSL 59 STEI_A1_POST_NotGr_MST_33,ALL,high,ProcessedSample6_NOM
Miesel_60009_59_STEI_A1_POST_MST_33_H2O_SPE_r2_28Jan23_Fir_300SA_IATp03_9156,nmdc:bsm-11-kvxpkn12,EMSL 59 STEI_A1_POST_NotGr_MST_33,ALL,high,ProcessedSample6_NOM
Miesel_60009_59_STEI_A1_POST_MST_33_Met_SPE_r1_30Jan23_Fir_300SA_IATp03_9195,nmdc:bsm-11-kvxpkn12,EMSL 59 STEI_A1_POST_NotGr_MST_33,ALL,high,ProcessedSample7_NOM
Miesel_60009_59_STEI_A1_POST_MST_33_Met_SPE_r2_300SA_IATp03_9574,nmdc:bsm-11-kvxpkn12,EMSL 59 STEI_A1_POST_NotGr_MST_33,ALL,high,ProcessedSample7_NOM
Miesel_60009_60_TALL_A1_POST_MST_33_H2O_SPE_r1_26Jan23_Alder_300SA_IATp03_9037,nmdc:bsm-11-bm3k2w07,EMSL 60 TALL_A1_POST_NotGr_MST_33,ALL,high,ProcessedSample6_NOM
Miesel_60009_60_TALL_A1_POST_MST_33_H2O_SPE_r2_28Jan23_Fir_300SA_IATp03_9127,nmdc:bsm-11-bm3k2w07,EMSL 60 TALL_A1_POST_NotGr_MST_33,ALL,high,ProcessedSample6_NOM
Miesel_60009_60_TALL_A1_POST_MST_33_Met_SPE_r1_30Jan23_Fir_300SA_IATp03_9198,nmdc:bsm-11-bm3k2w07,EMSL 60 TALL_A1_POST_NotGr_MST_33,ALL,high,ProcessedSample7_NOM
Miesel_60009_60_TALL_A1_POST_MST_33_Met_SPE_r2_300SA_IATp03_9600,nmdc:bsm-11-bm3k2w07,EMSL 60 TALL_A1_POST_NotGr_MST_33,ALL,high,ProcessedSample7_NOM
Miesel_60009_61_TREE_A1_POST_MST_33_H2O_SPE_r1_26Jan23_Alder_300SA_IATp03_9031,nmdc:bsm-11-8qr96b28,EMSL 61 TREE_A1_POST_NotGr_MST_33,ALL,high,ProcessedSample6_NOM
Miesel_60009_61_TREE_A1_POST_MST_33_H2O_SPE_r2_28Jan23_Fir_300SA_IATp03_9122,nmdc:bsm-11-8qr96b28,EMSL 61 TREE_A1_POST_NotGr_MST_33,ALL,high,ProcessedSample6_NOM
Miesel_60009_61_TREE_A1_POST_MST_33_Met_SPE_r1_30Jan23_Fir_300SA_IATp03_9177,nmdc:bsm-11-8qr96b28,EMSL 61 TREE_A1_POST_NotGr_MST_33,ALL,high,ProcessedSample7_NOM
Miesel_60009_61_TREE_A1_POST_MST_33_Met_SPE_r2_300SA_IATp03_9633,nmdc:bsm-11-8qr96b28,EMSL 61 TREE_A1_POST_NotGr_MST_33,ALL,high,ProcessedSample7_NOM
Miesel_60009_62_UNDE_A_POST_MST_33_H2O_SPE_r1_26Jan23_Alder_300SA_IATp03_9046,nmdc:bsm-11-8gy0dx46,EMSL 62 UNDE_A_POST_NotGr_MST_33,ALL,high,ProcessedSample6_NOM
Miesel_60009_62_UNDE_A_POST_MST_33_H2O_SPE_r2_28Jan23_Alder_300SA_IATp03_9088,nmdc:bsm-11-8gy0dx46,EMSL 62 UNDE_A_POST_NotGr_MST_33,ALL,high,ProcessedSample6_NOM
Miesel_60009_62_UNDE_A_POST_MST_33_Met_SPE_r1_300SA_IATp03_9256,nmdc:bsm-11-8gy0dx46,EMSL 62 UNDE_A_POST_NotGr_MST_33,ALL,high,ProcessedSample7_NOM
Miesel_60009_62_UNDE_A_POST_MST_33_Met_SPE_r2_300SA_IATp03_9634,nmdc:bsm-11-8gy0dx46,EMSL 62 UNDE_A_POST_NotGr_MST_33,ALL,high,ProcessedSample7_NOM
Miesel_60009_63_WREF_A1_POST_MST_33_H2O_SPE_r1_26Jan23_Alder_300SA_IATp03_8988,nmdc:bsm-11-bm60ch89,EMSL 63 WREF_A1_POST_NotGr_MST_33,ALL,high,ProcessedSample6_NOM
Miesel_60009_63_WREF_A1_POST_MST_33_H2O_SPE_r2_28Jan23_Fir_300SA_IATp03_9123,nmdc:bsm-11-bm60ch89,EMSL 63 WREF_A1_POST_NotGr_MST_33,ALL,high,ProcessedSample6_NOM
Miesel_60009_63_WREF_A1_POST_MST_33_Met_SPE_r1_300SA_IATp03_9264,nmdc:bsm-11-bm60ch89,EMSL 63 WREF_A1_POST_NotGr_MST_33,ALL,high,ProcessedSample7_NOM
Miesel_60009_63_WREF_A1_POST_MST_33_Met_SPE_r2_300SA_IATp03_9612,nmdc:bsm-11-bm60ch89,EMSL 63 WREF_A1_POST_NotGr_MST_33,ALL,high,ProcessedSample7_NOM
Miesel_60009_64_ABBY_A_POST_MSTplus5_33_H2O_SPE_r1_300SA_IATp03_9056,nmdc:bsm-11-3ekzh153,EMSL 64 ABBY_A_POST_NotGr_MST+5_33,ALL,high,ProcessedSample6_NOM
Miesel_60009_64_ABBY_A_POST_MSTplus5_33_H2O_SPE_r2_300SA_IATp03_9086,nmdc:bsm-11-3ekzh153,EMSL 64 ABBY_A_POST_NotGr_MST+5_33,ALL,high,ProcessedSample6_NOM
Miesel_60009_64_ABBY_A_POST_MSTplus5_33_Met_SPE_r1_300SA_IATp03_9280,nmdc:bsm-11-3ekzh153,EMSL 64 ABBY_A_POST_NotGr_MST+5_33,ALL,high,ProcessedSample7_NOM
Miesel_60009_64_ABBY_A_POST_MSTplus5_33_Met_SPE_r2_300SA_IATp03_9563,nmdc:bsm-11-3ekzh153,EMSL 64 ABBY_A_POST_NotGr_MST+5_33,ALL,high,ProcessedSample7_NOM
Miesel_60009_65_BARR_Oaf_POST_MSTplus5_33_H2O_SPE_r1_300SA_IATp03_9067,nmdc:bsm-11-kag46n94,EMSL 65 BARR_Oaf_POST_NotGr_MST+5_33,ALL,high,ProcessedSample6_NOM
Miesel_60009_65_BARR_Oaf_POST_MSTplus5_33_H2O_SPE_r2_300SA_IATp03_9134,nmdc:bsm-11-kag46n94,EMSL 65 BARR_Oaf_POST_NotGr_MST+5_33,ALL,high,ProcessedSample6_NOM
Miesel_60009_65_BARR_Oaf_POST_MSTplus5_33_Met_SPE_r1_300SA_IATp03_9243,nmdc:bsm-11-kag46n94,EMSL 65 BARR_Oaf_POST_NotGr_MST+5_33,ALL,high,ProcessedSample7_NOM
Miesel_60009_65_BARR_Oaf_POST_MSTplus5_33_Met_SPE_r2_300SA_IATp03_9601,nmdc:bsm-11-kag46n94,EMSL 65 BARR_Oaf_POST_NotGr_MST+5_33,ALL,high,ProcessedSample7_NOM
Miesel_60009_66_BLAN_Ap1_POST_MSTplus5_33_H2O_SPE_r1_300SA_IATp03_9052,nmdc:bsm-11-kh27cs78,EMSL 66 BLAN_Ap1_POST_NotGr_MST+5_33,ALL,high,ProcessedSample6_NOM
Miesel_60009_66_BLAN_Ap1_POST_MSTplus5_33_H2O_SPE_r2_300SA_IATp03_9158,nmdc:bsm-11-kh27cs78,EMSL 66 BLAN_Ap1_POST_NotGr_MST+5_33,ALL,high,ProcessedSample6_NOM
Miesel_60009_66_BLAN_Ap1_POST_MSTplus5_33_Met_SPE_r1_300SA_IATp03_9245,nmdc:bsm-11-kh27cs78,EMSL 66 BLAN_Ap1_POST_NotGr_MST+5_33,ALL,high,ProcessedSample7_NOM
Miesel_60009_66_BLAN_Ap1_POST_MSTplus5_33_Met_SPE_r2_300SA_IATp03_9558,nmdc:bsm-11-kh27cs78,EMSL 66 BLAN_Ap1_POST_NotGr_MST+5_33,ALL,high,ProcessedSample7_NOM
Miesel_60009_67_BONA_Oea_POST_MSTplus5_33_H2O_SPE_r1_300SA_IATp03_9036,nmdc:bsm-11-x462mz30,EMSL 67 BONA_Oea_POST_NotGr_MST+5_33,ALL,high,ProcessedSample6_NOM
Miesel_60009_67_BONA_Oea_POST_MSTplus5_33_H2O_SPE_r2_300SA_IATp03_9117,nmdc:bsm-11-x462mz30,EMSL 67 BONA_Oea_POST_NotGr_MST+5_33,ALL,high,ProcessedSample6_NOM
Miesel_60009_67_BONA_Oea_POST_MSTplus5_33_Met_SPE_r1_300SA_IATp03_9181,nmdc:bsm-11-x462mz30,EMSL 67 BONA_Oea_POST_NotGr_MST+5_33,ALL,high,ProcessedSample7_NOM
Miesel_60009_67_BONA_Oea_POST_MSTplus5_33_Met_SPE_r2_300SA_IATp03_9644,nmdc:bsm-11-x462mz30,EMSL 67 BONA_Oea_POST_NotGr_MST+5_33,ALL,high,ProcessedSample7_NOM
Miesel_60009_68_CLBJ_A1_POST_MSTplus5_33_H2O_SPE_r1_26Jan23_IATp03_9000,nmdc:bsm-11-ea81mj44,EMSL 68 CLBJ_A1_POST_NotGr_MST+5_33,ALL,high,ProcessedSample6_NOM
Miesel_60009_68_CLBJ_A1_POST_MSTplus5_33_H2O_SPE_r2_300SA_IATp03_9154,nmdc:bsm-11-ea81mj44,EMSL 68 CLBJ_A1_POST_NotGr_MST+5_33,ALL,high,ProcessedSample6_NOM
Miesel_60009_68_CLBJ_A1_POST_MSTplus5_33_Met_SPE_r1_300SA_IATp03_9254,nmdc:bsm-11-ea81mj44,EMSL 68 CLBJ_A1_POST_NotGr_MST+5_33,ALL,high,ProcessedSample7_NOM
Miesel_60009_68_CLBJ_A1_POST_MSTplus5_33_Met_SPE_r2_300SA_IATp03_9591,nmdc:bsm-11-ea81mj44,EMSL 68 CLBJ_A1_POST_NotGr_MST+5_33,ALL,high,ProcessedSample7_NOM
Miesel_60009_69_CPER_A1_POST_MSTplus5_33_H2O_SPE_r1_300SA_IATp03_8995,nmdc:bsm-11-fs0nam69,EMSL 69 CPER_A1_POST_NotGr_MST+5_33,ALL,high,ProcessedSample6_NOM
Miesel_60009_69_CPER_A1_POST_MSTplus5_33_H2O_SPE_r2_300SA_IATp03_9153,nmdc:bsm-11-fs0nam69,EMSL 69 CPER_A1_POST_NotGr_MST+5_33,ALL,high,ProcessedSample6_NOM
Miesel_60009_69_CPER_A1_POST_MSTplus5_33_Met_SPE_r1_300SA_IATp03_9190,nmdc:bsm-11-fs0nam69,EMSL 69 CPER_A1_POST_NotGr_MST+5_33,ALL,high,ProcessedSample7_NOM
Miesel_60009_69_CPER_A1_POST_MSTplus5_33_Met_SPE_r2_300SA_IATp03_9599,nmdc:bsm-11-fs0nam69,EMSL 69 CPER_A1_POST_NotGr_MST+5_33,ALL,high,ProcessedSample7_NOM
Miesel_60009_70_DCFS_A1_POST_MSTplus5_33_H2O_SPE_r1_300SA_IATp03_9074,nmdc:bsm-11-mt7hs697,EMSL 70 DCFS_A1_POST_NotGr_MST+5_33,ALL,high,ProcessedSample6_NOM
Miesel_60009_70_DCFS_A1_POST_MSTplus5_33_H2O_SPE_r2_300SA_IATp03_9163,nmdc:bsm-11-mt7hs697,EMSL 70 DCFS_A1_POST_NotGr_MST+5_33,ALL,high,ProcessedSample6_NOM
Miesel_60009_70_DCFS_A1_POST_MSTplus5_33_Met_SPE_r1_300SA_IATp03_9187,nmdc:bsm-11-mt7hs697,EMSL 70 DCFS_A1_POST_NotGr_MST+5_33,ALL,high,ProcessedSample7_NOM
Miesel_60009_70_DCFS_A1_POST_MSTplus5_33_Met_SPE_r2_300SA_IATp03_9564,nmdc:bsm-11-mt7hs697,EMSL 70 DCFS_A1_POST_NotGr_MST+5_33,ALL,high,ProcessedSample7_NOM
Miesel_60009_71_DELA_A_POST_MSTplus5_33_H2O_SPE_r1_300SA_IATp03_8985,nmdc:bsm-11-hmwb5933,EMSL 71 DELA_A_POST_NotGr_MST+5_33,ALL,high,ProcessedSample6_NOM
Miesel_60009_71_DELA_A_POST_MSTplus5_33_H2O_SPE_r2_28Jan23_Fir_300SA_IATp03_9159,nmdc:bsm-11-hmwb5933,EMSL 71 DELA_A_POST_NotGr_MST+5_33,ALL,high,ProcessedSample6_NOM
Miesel_60009_71_DELA_A_POST_MSTplus5_33_Met_SPE_r1_30Jan23_Fir_300SA_IATp03_9244,nmdc:bsm-11-hmwb5933,EMSL 71 DELA_A_POST_NotGr_MST+5_33,ALL,high,ProcessedSample7_NOM
Miesel_60009_71_DELA_A_POST_MSTplus5_33_Met_SPE_r2_300SA_IATp03_9590,nmdc:bsm-11-hmwb5933,EMSL 71 DELA_A_POST_NotGr_MST+5_33,ALL,high,ProcessedSample7_NOM
Miesel_60009_72_DSNY_A_POST_MSTplus5_33_H2O_SPE_r1_300SA_IATp03_9010,nmdc:bsm-11-pywm3v18,EMSL 72 DSNY_A_POST_NotGr_MST+5_33,ALL,high,ProcessedSample6_NOM
Miesel_60009_72_DSNY_A_POST_MSTplus5_33_H2O_SPE_r2_28Jan23_Fir_300SA_IATp03_9149,nmdc:bsm-11-pywm3v18,EMSL 72 DSNY_A_POST_NotGr_MST+5_33,ALL,high,ProcessedSample6_NOM
Miesel_60009_72_DSNY_A_POST_MSTplus5_33_Met_SPE_r1_300SA_IATp03_9291,nmdc:bsm-11-pywm3v18,EMSL 72 DSNY_A_POST_NotGr_MST+5_33,ALL,high,ProcessedSample7_NOM
Miesel_60009_72_DSNY_A_POST_MSTplus5_33_Met_SPE_r2_300SA_IATp03_9626,nmdc:bsm-11-pywm3v18,EMSL 72 DSNY_A_POST_NotGr_MST+5_33,ALL,high,ProcessedSample7_NOM
Miesel_60009_73_GRSM_A_POST_MSTplus5_33_H2O_SPE_r1_300SA_IATp03_9064,nmdc:bsm-11-rgvr4244,EMSL 73 GRSM_A_POST_NotGr_MST+5_33,ALL,high,ProcessedSample6_NOM
Miesel_60009_73_GRSM_A_POST_MSTplus5_33_H2O_SPE_r2_28Jan23_Fir_300SA_IATp03_9144,nmdc:bsm-11-rgvr4244,EMSL 73 GRSM_A_POST_NotGr_MST+5_33,ALL,high,ProcessedSample6_NOM
Miesel_60009_73_GRSM_A_POST_MSTplus5_33_Met_SPE_r1_30Jan23_Fir_300SA_IATp03_9237,nmdc:bsm-11-rgvr4244,EMSL 73 GRSM_A_POST_NotGr_MST+5_33,ALL,high,ProcessedSample7_NOM
Miesel_60009_73_GRSM_A_POST_MSTplus5_33_Met_SPE_r2_300SA_IATp03_9607,nmdc:bsm-11-rgvr4244,EMSL 73 GRSM_A_POST_NotGr_MST+5_33,ALL,high,ProcessedSample7_NOM
Miesel_60009_74_HEAL_Oae_POST_MSTplus5_33_H2O_SPE_r1_300SA_IATp03_9005,nmdc:bsm-11-0545zh73,EMSL 74 HEAL_Oae_POST_NotGr_MST+5_33,ALL,high,ProcessedSample6_NOM
Miesel_60009_74_HEAL_Oae_POST_MSTplus5_33_H2O_SPE_r2_300SA_IATp03_9145,nmdc:bsm-11-0545zh73,EMSL 74 HEAL_Oae_POST_NotGr_MST+5_33,ALL,high,ProcessedSample6_NOM
Miesel_60009_74_HEAL_Oae_POST_MSTplus5_33_Met_SPE_r1_300SA_IATp03_9186,nmdc:bsm-11-0545zh73,EMSL 74 HEAL_Oae_POST_NotGr_MST+5_33,ALL,high,ProcessedSample7_NOM
Miesel_60009_74_HEAL_Oae_POST_MSTplus5_33_Met_SPE_r2_300SA_IATp03_9619,nmdc:bsm-11-0545zh73,EMSL 74 HEAL_Oae_POST_NotGr_MST+5_33,ALL,high,ProcessedSample7_NOM
Miesel_60009_75_JORN_Ak_POST_MSTplus5_33_H2O_SPE_r1_300SA_IATp03_8989,nmdc:bsm-11-w1s6zj21,EMSL 75 JORN_Ak_POST_NotGr_MST+5_33,ALL,high,ProcessedSample6_NOM
Miesel_60009_75_JORN_Ak_POST_MSTplus5_33_H2O_SPE_r2_300SA_IATp03_9082,nmdc:bsm-11-w1s6zj21,EMSL 75 JORN_Ak_POST_NotGr_MST+5_33,ALL,high,ProcessedSample6_NOM
Miesel_60009_75_JORN_Ak_POST_MSTplus5_33_Met_SPE_r1_300SA_IATp03_9193,nmdc:bsm-11-w1s6zj21,EMSL 75 JORN_Ak_POST_NotGr_MST+5_33,ALL,high,ProcessedSample7_NOM
Miesel_60009_75_JORN_Ak_POST_MSTplus5_33_Met_SPE_r2_300SA_IATp03_9611,nmdc:bsm-11-w1s6zj21,EMSL 75 JORN_Ak_POST_NotGr_MST+5_33,ALL,high,ProcessedSample7_NOM
Miesel_60009_76_KONZ_A1_POST_MSTplus5_33_H2O_SPE_r1_300SA_IATp03_9065,nmdc:bsm-11-rn50jw68,EMSL 76 KONZ_A1_POST_NotGr_MST+5_33,ALL,high,ProcessedSample6_NOM
Miesel_60009_76_KONZ_A1_POST_MSTplus5_33_H2O_SPE_r2_300SA_IATp03_9101,nmdc:bsm-11-rn50jw68,EMSL 76 KONZ_A1_POST_NotGr_MST+5_33,ALL,high,ProcessedSample6_NOM
Miesel_60009_76_KONZ_A1_POST_MSTplus5_33_Met_SPE_r1_300SA_IATp03_9272,nmdc:bsm-11-rn50jw68,EMSL 76 KONZ_A1_POST_NotGr_MST+5_33,ALL,high,ProcessedSample7_NOM
Miesel_60009_76_KONZ_A1_POST_MSTplus5_33_Met_SPE_r2_300SA_IATp03_9583,nmdc:bsm-11-rn50jw68,EMSL 76 KONZ_A1_POST_NotGr_MST+5_33,ALL,high,ProcessedSample7_NOM
Miesel_60009_77_MLBS_A_POST_MSTplus5_33_H2O_SPE_r1_300SA_IATp03_9020,nmdc:bsm-11-pw5qbt83,EMSL 77 MLBS_A_POST_NotGr_MST+5_33,ALL,high,ProcessedSample6_NOM
Miesel_60009_77_MLBS_A_POST_MSTplus5_33_H2O_SPE_r2_300SA_IATp03_9098,nmdc:bsm-11-pw5qbt83,EMSL 77 MLBS_A_POST_NotGr_MST+5_33,ALL,high,ProcessedSample6_NOM
Miesel_60009_77_MLBS_A_POST_MSTplus5_33_Met_SPE_r1_300SA_IATp03_9388,nmdc:bsm-11-pw5qbt83,EMSL 77 MLBS_A_POST_NotGr_MST+5_33,ALL,high,ProcessedSample7_NOM
Miesel_60009_77_MLBS_A_POST_MSTplus5_33_Met_SPE_r2_300SA_IATp03_9622,nmdc:bsm-11-pw5qbt83,EMSL 77 MLBS_A_POST_NotGr_MST+5_33,ALL,high,ProcessedSample7_NOM
Miesel_60009_78_MOAB_A_POST_MSTplus5_33_H2O_SPE_r1_300SA_IATp03_9059,nmdc:bsm-11-f744kg86,EMSL 78 MOAB_A_POST_NotGr_MST+5_33,ALL,high,ProcessedSample6_NOM
Miesel_60009_78_MOAB_A_POST_MSTplus5_33_H2O_SPE_r2_28Jan23_Fir_300SA_IATp03_9106,nmdc:bsm-11-f744kg86,EMSL 78 MOAB_A_POST_NotGr_MST+5_33,ALL,high,ProcessedSample6_NOM
Miesel_60009_78_MOAB_A_POST_MSTplus5_33_Met_SPE_r1_300SA_IATp03_9295,nmdc:bsm-11-f744kg86,EMSL 78 MOAB_A_POST_NotGr_MST+5_33,ALL,high,ProcessedSample7_NOM
Miesel_60009_78_MOAB_A_POST_MSTplus5_33_Met_SPE_r2_300SA_IATp03_9624,nmdc:bsm-11-f744kg86,EMSL 78 MOAB_A_POST_NotGr_MST+5_33,ALL,high,ProcessedSample7_NOM
Miesel_60009_79_NGPR_A_POST_MSTplus5_33_H2O_SPE_r1_300SA_IATp03_9051,nmdc:bsm-11-feb57406,EMSL 79 NGPR_A_POST_NotGr_MST+5_33,ALL,high,ProcessedSample6_NOM
Miesel_60009_79_NGPR_A_POST_MSTplus5_33_H2O_SPE_r2_300SA_IATp03_9090,nmdc:bsm-11-feb57406,EMSL 79 NGPR_A_POST_NotGr_MST+5_33,ALL,high,ProcessedSample6_NOM
Miesel_60009_79_NGPR_A_POST_MSTplus5_33_Met_SPE_r1_300SA_IATp03_9259,nmdc:bsm-11-feb57406,EMSL 79 NGPR_A_POST_NotGr_MST+5_33,ALL,high,ProcessedSample7_NOM
Miesel_60009_79_NGPR_A_POST_MSTplus5_33_Met_SPE_r2_300SA_IATp03_9567,nmdc:bsm-11-feb57406,EMSL 79 NGPR_A_POST_NotGr_MST+5_33,ALL,high,ProcessedSample7_NOM
Miesel_60009_80_NIWO_A_POST_MSTplus5_33_H2O_SPE_r1_300SA_IATp03_9073,nmdc:bsm-11-srrzgw96,EMSL 80 NIWO_A_POST_NotGr_MST+5_33,ALL,high,ProcessedSample6_NOM
Miesel_60009_80_NIWO_A_POST_MSTplus5_33_H2O_SPE_r2_28Jan23_Fir_300SA_IATp03_9110,nmdc:bsm-11-srrzgw96,EMSL 80 NIWO_A_POST_NotGr_MST+5_33,ALL,high,ProcessedSample6_NOM
Miesel_60009_80_NIWO_A_POST_MSTplus5_33_Met_SPE_r1_30Jan23_Fir_300SA_IATp03_9172,nmdc:bsm-11-srrzgw96,EMSL 80 NIWO_A_POST_NotGr_MST+5_33,ALL,high,ProcessedSample7_NOM
Miesel_60009_80_NIWO_A_POST_MSTplus5_33_Met_SPE_r2_300SA_IATp03_9569,nmdc:bsm-11-srrzgw96,EMSL 80 NIWO_A_POST_NotGr_MST+5_33,ALL,high,ProcessedSample7_NOM
Miesel_60009_81_OSBS_A_POST_MSTplus5_33_H2O_SPE_r1_300SA_IATp03_8991,nmdc:bsm-11-k3ms3q32,EMSL 81 OSBS_A_POST_NotGr_MST+5_33,ALL,high,ProcessedSample6_NOM
Miesel_60009_81_OSBS_A_POST_MSTplus5_33_H2O_SPE_r2_28Jan23_Fir_300SA_IATp03_9125,nmdc:bsm-11-k3ms3q32,EMSL 81 OSBS_A_POST_NotGr_MST+5_33,ALL,high,ProcessedSample6_NOM
Miesel_60009_81_OSBS_A_POST_MSTplus5_33_Met_SPE_r1_300SA_IATp03_9282,nmdc:bsm-11-k3ms3q32,EMSL 81 OSBS_A_POST_NotGr_MST+5_33,ALL,high,ProcessedSample7_NOM
Miesel_60009_81_OSBS_A_POST_MSTplus5_33_Met_SPE_r2_300SA_IATp03_9568,nmdc:bsm-11-k3ms3q32,EMSL 81 OSBS_A_POST_NotGr_MST+5_33,ALL,high,ProcessedSample7_NOM
Miesel_60009_82_RMNP_A1_POST_MSTplus5_33_H2O_SPE_r1_300SA_IATp03_9072,nmdc:bsm-11-jexdz609,EMSL 82 RMNP_A1_POST_NotGr_MST+5_33,ALL,high,ProcessedSample6_NOM
Miesel_60009_82_RMNP_A1_POST_MSTplus5_33_H2O_SPE_r2_300SA_IATp03_9161,nmdc:bsm-11-jexdz609,EMSL 82 RMNP_A1_POST_NotGr_MST+5_33,ALL,high,ProcessedSample6_NOM
Miesel_60009_82_RMNP_A1_POST_MSTplus5_33_Met_SPE_r1_300SA_IATp03_9263,nmdc:bsm-11-jexdz609,EMSL 82 RMNP_A1_POST_NotGr_MST+5_33,ALL,high,ProcessedSample7_NOM
Miesel_60009_82_RMNP_A1_POST_MSTplus5_33_Met_SPE_r2_300SA_IATp03_9575,nmdc:bsm-11-jexdz609,EMSL 82 RMNP_A1_POST_NotGr_MST+5_33,ALL,high,ProcessedSample7_NOM
Miesel_60009_83_SERC_A_POST_MSTplus5_33_H2O_SPE_r1_300SA_IATp03_8986,nmdc:bsm-11-2aew5811,EMSL 83 SERC_A_POST_NotGr_MST+5_33,ALL,high,ProcessedSample6_NOM
Miesel_60009_83_SERC_A_POST_MSTplus5_33_H2O_SPE_r2_300SA_IATp03_9099,nmdc:bsm-11-2aew5811,EMSL 83 SERC_A_POST_NotGr_MST+5_33,ALL,high,ProcessedSample6_NOM
Miesel_60009_83_SERC_A_POST_MSTplus5_33_Met_SPE_r1_300SA_IATp03_9269,nmdc:bsm-11-2aew5811,EMSL 83 SERC_A_POST_NotGr_MST+5_33,ALL,high,ProcessedSample7_NOM
Miesel_60009_83_SERC_A_POST_MSTplus5_33_Met_SPE_r2_300SA_IATp03_9557,nmdc:bsm-11-2aew5811,EMSL 83 SERC_A_POST_NotGr_MST+5_33,ALL,high,ProcessedSample7_NOM
Miesel_60009_84_SJER_A_POST_MSTplus5_33_H2O_SPE_r1_300SA_IATp03_8998,nmdc:bsm-11-1nkycf30,EMSL 84 SJER_A_POST_NotGr_MST+5_33,ALL,high,ProcessedSample6_NOM
Miesel_60009_84_SJER_A_POST_MSTplus5_33_H2O_SPE_r2_28Jan23_Fir_300SA_IATp03_9165,nmdc:bsm-11-1nkycf30,EMSL 84 SJER_A_POST_NotGr_MST+5_33,ALL,high,ProcessedSample6_NOM
Miesel_60009_84_SJER_A_POST_MSTplus5_33_Met_SPE_r1_30Jan23_Fir_300SA_IATp03_9194,nmdc:bsm-11-1nkycf30,EMSL 84 SJER_A_POST_NotGr_MST+5_33,ALL,high,ProcessedSample7_NOM
Miesel_60009_84_SJER_A_POST_MSTplus5_33_Met_SPE_r2_300SA_IATp03_9627,nmdc:bsm-11-1nkycf30,EMSL 84 SJER_A_POST_NotGr_MST+5_33,ALL,high,ProcessedSample7_NOM
Miesel_60009_85_SOAP_A_POST_MSTplus5_33_H2O_SPE_r1_300SA_IATp03_9034,nmdc:bsm-11-anhff417,EMSL 85 SOAP_A_POST_NotGr_MST+5_33,ALL,high,ProcessedSample6_NOM
Miesel_60009_85_SOAP_A_POST_MSTplus5_33_H2O_SPE_r2_28Jan23_Fir_300SA_IATp03_9166,nmdc:bsm-11-anhff417,EMSL 85 SOAP_A_POST_NotGr_MST+5_33,ALL,high,ProcessedSample6_NOM
Miesel_60009_85_SOAP_A_POST_MSTplus5_33_Met_SPE_r1_300SA_IATp03_9275,nmdc:bsm-11-anhff417,EMSL 85 SOAP_A_POST_NotGr_MST+5_33,ALL,high,ProcessedSample7_NOM
Miesel_60009_85_SOAP_A_POST_MSTplus5_33_Met_SPE_r2_300SA_IATp03_9615,nmdc:bsm-11-anhff417,EMSL 85 SOAP_A_POST_NotGr_MST+5_33,ALL,high,ProcessedSample7_NOM
Miesel_60009_86_STEI_A1_POST_MSTplus5_33_H2O_SPE_r1_300SA_IATp03_8992,nmdc:bsm-11-jwsqte26,EMSL 86 STEI_A1_POST_NotGr_MST+5_33,ALL,high,ProcessedSample6_NOM
Miesel_60009_86_STEI_A1_POST_MSTplus5_33_H2O_SPE_r2_300SA_IATp03_9129,nmdc:bsm-11-jwsqte26,EMSL 86 STEI_A1_POST_NotGr_MST+5_33,ALL,high,ProcessedSample6_NOM
Miesel_60009_86_STEI_A1_POST_MSTplus5_33_Met_SPE_r1_300SA_IATp03_9281,nmdc:bsm-11-jwsqte26,EMSL 86 STEI_A1_POST_NotGr_MST+5_33,ALL,high,ProcessedSample7_NOM
Miesel_60009_86_STEI_A1_POST_MSTplus5_33_Met_SPE_r2_300SA_IATp03_9606,nmdc:bsm-11-jwsqte26,EMSL 86 STEI_A1_POST_NotGr_MST+5_33,ALL,high,ProcessedSample7_NOM
Miesel_60009_87_TALL_A1_POST_MSTplus5_33_H2O_SPE_r1_300SA_IATp03_9058,nmdc:bsm-11-f3ebmn35,EMSL 87 TALL_A1_POST_NotGr_MST+5_33,ALL,high,ProcessedSample6_NOM
Miesel_60009_87_TALL_A1_POST_MSTplus5_33_H2O_SPE_r2_300SA_IATp03_9146,nmdc:bsm-11-f3ebmn35,EMSL 87 TALL_A1_POST_NotGr_MST+5_33,ALL,high,ProcessedSample6_NOM
Miesel_60009_87_TALL_A1_POST_MSTplus5_33_Met_SPE_r1_300SA_IATp03_9174,nmdc:bsm-11-f3ebmn35,EMSL 87 TALL_A1_POST_NotGr_MST+5_33,ALL,high,ProcessedSample7_NOM
Miesel_60009_87_TALL_A1_POST_MSTplus5_33_Met_SPE_r2_300SA_IATp03_9638,nmdc:bsm-11-f3ebmn35,EMSL 87 TALL_A1_POST_NotGr_MST+5_33,ALL,high,ProcessedSample7_NOM
Miesel_60009_88_TREE_A1_POST_MSTplus5_33_H2O_SPE_r1_300SA_IATp03_9038,nmdc:bsm-11-ha7xvb59,EMSL 88 TREE_A1_POST_NotGr_MST+5_33,ALL,high,ProcessedSample6_NOM
Miesel_60009_88_TREE_A1_POST_MSTplus5_33_H2O_SPE_r2_300SA_IATp03_9157,nmdc:bsm-11-ha7xvb59,EMSL 88 TREE_A1_POST_NotGr_MST+5_33,ALL,high,ProcessedSample6_NOM
Miesel_60009_88_TREE_A1_POST_MSTplus5_33_Met_SPE_r1_300SA_IATp03_9276,nmdc:bsm-11-ha7xvb59,EMSL 88 TREE_A1_POST_NotGr_MST+5_33,ALL,high,ProcessedSample7_NOM
Miesel_60009_88_TREE_A1_POST_MSTplus5_33_Met_SPE_r2_300SA_IATp03_9570,nmdc:bsm-11-ha7xvb59,EMSL 88 TREE_A1_POST_NotGr_MST+5_33,ALL,high,ProcessedSample7_NOM
Miesel_60009_89_UNDE_A_POST_MSTplus5_33_H2O_SPE_r1_300SA_IATp03_9063,nmdc:bsm-11-c71sq339,EMSL 89 UNDE_A_POST_NotGr_MST+5_33,ALL,high,ProcessedSample6_NOM
Miesel_60009_89_UNDE_A_POST_MSTplus5_33_H2O_SPE_r2_28Jan23_Fir_300SA_IATp03_9124,nmdc:bsm-11-c71sq339,EMSL 89 UNDE_A_POST_NotGr_MST+5_33,ALL,high,ProcessedSample6_NOM
Miesel_60009_89_UNDE_A_POST_MSTplus5_33_Met_SPE_r1_300SA_IATp03_9258,nmdc:bsm-11-c71sq339,EMSL 89 UNDE_A_POST_NotGr_MST+5_33,ALL,high,ProcessedSample7_NOM
Miesel_60009_89_UNDE_A_POST_MSTplus5_33_Met_SPE_r2_300SA_IATp03_9604,nmdc:bsm-11-c71sq339,EMSL 89 UNDE_A_POST_NotGr_MST+5_33,ALL,high,ProcessedSample7_NOM
Miesel_60009_90_WREF_A1_POST_MSTplus5_33_H2O_SPE_r1_300SA_IATp03_9040,nmdc:bsm-11-g8qs8k06,EMSL 90 WREF_A1_POST_NotGr_MST+5_33,ALL,high,ProcessedSample6_NOM
Miesel_60009_90_WREF_A1_POST_MSTplus5_33_H2O_SPE_r2_300SA_IATp03_9139,nmdc:bsm-11-g8qs8k06,EMSL 90 WREF_A1_POST_NotGr_MST+5_33,ALL,high,ProcessedSample6_NOM
Miesel_60009_90_WREF_A1_POST_MSTplus5_33_Met_SPE_r1_300SA_IATp03_9199,nmdc:bsm-11-g8qs8k06,EMSL 90 WREF_A1_POST_NotGr_MST+5_33,ALL,high,ProcessedSample7_NOM
Miesel_60009_90_WREF_A1_POST_MSTplus5_33_Met_SPE_r2_300SA_IATp03_9592,nmdc:bsm-11-g8qs8k06,EMSL 90 WREF_A1_POST_NotGr_MST+5_33,ALL,high,ProcessedSample7_NOM
EMSL_1_ABBY_A_PRE_NotGr_NA_NA,nmdc:bsm-11-xjd8t932,EMSL 1 ABBY_A_PRE_NotGr_NA_NA,ALL,high,ProcessedSample4_GCMS
EMSL_10_GRSM_A_PRE_NotGr_NA_NA,nmdc:bsm-11-v9wwsa76,EMSL 10 GRSM_A_PRE_NotGr_NA_NA,ALL,high,ProcessedSample4_GCMS
EMSL_11_HEAL_Oae_PRE_NotGr_NA_NA,nmdc:bsm-11-57n0am19,EMSL 11 HEAL_Oae_PRE_NotGr_NA_NA,ALL,high,ProcessedSample4_GCMS
EMSL_12_JORN_Ak_PRE_NotGr_NA_NA,nmdc:bsm-11-x6051v50,EMSL 12 JORN_Ak_PRE_NotGr_NA_NA,ALL,high,ProcessedSample4_GCMS
EMSL_13_KONZ_A1_PRE_NotGr_NA_NA,nmdc:bsm-11-czpa0a23,EMSL 13 KONZ_A1_PRE_NotGr_NA_NA,ALL,high,ProcessedSample4_GCMS
EMSL_14_MLBS_A_PRE_NotGr_NA_NA,nmdc:bsm-11-kypvs876,EMSL 14 MLBS_A_PRE_NotGr_NA_NA,ALL,high,ProcessedSample4_GCMS
EMSL_15_MOAB_A_PRE_NotGr_NA_NA,nmdc:bsm-11-37ythp65,EMSL 15 MOAB_A_PRE_NotGr_NA_NA,ALL,high,ProcessedSample4_GCMS
EMSL_16_NGPR_A_PRE_NotGr_NA_NA,nmdc:bsm-11-z2299p05,EMSL 16 NGPR_A_PRE_NotGr_NA_NA,ALL,high,ProcessedSample4_GCMS
EMSL_17_NIWO_A_PRE_NotGr_NA_NA,nmdc:bsm-11-188dzv79,EMSL 17 NIWO_A_PRE_NotGr_NA_NA,ALL,high,ProcessedSample4_GCMS
EMSL_18_OSBS_A_PRE_NotGr_NA_NA,nmdc:bsm-11-cxebp875,EMSL 18 OSBS_A_PRE_NotGr_NA_NA,ALL,high,ProcessedSample4_GCMS
EMSL_19_RMNP_A1_PRE_NotGr_NA_NA,nmdc:bsm-11-v9e14793,EMSL 19 RMNP_A1_PRE_NotGr_NA_NA,ALL,high,ProcessedSample4_GCMS
EMSL_2_BARR_Oaf_PRE_NotGr_NA_NA,nmdc:bsm-11-pmcm6s22,EMSL 2 BARR_Oaf_PRE_NotGr_NA_NA,ALL,high,ProcessedSample4_GCMS
EMSL_20_SERC_A_PRE_NotGr_NA_NA,nmdc:bsm-11-s5hdh733,EMSL 20 SERC_A_PRE_NotGr_NA_NA,ALL,high,ProcessedSample4_GCMS
EMSL_21_SJER_A_PRE_NotGr_NA_NA,nmdc:bsm-11-bbsdg778,EMSL 21 SJER_A_PRE_NotGr_NA_NA,ALL,high,ProcessedSample4_GCMS
EMSL_22_SOAP_A_PRE_NotGr_NA_NA,nmdc:bsm-11-zz785q05,EMSL 22 SOAP_A_PRE_NotGr_NA_NA,ALL,high,ProcessedSample4_GCMS
EMSL_23_STEI_A1_PRE_NotGr_NA_NA,nmdc:bsm-11-m7137540,EMSL 23 STEI_A1_PRE_NotGr_NA_NA,ALL,high,ProcessedSample4_GCMS
EMSL_24_TALL_A1_PRE_NotGr_NA_NA,nmdc:bsm-11-t7eq2555,EMSL 24 TALL_A1_PRE_NotGr_NA_NA,ALL,high,ProcessedSample4_GCMS
EMSL_25_TREE_A1_PRE_NotGr_NA_NA,nmdc:bsm-11-5pr0md39,EMSL 25 TREE_A1_PRE_NotGr_NA_NA,ALL,high,ProcessedSample4_GCMS
EMSL_26_UNDE_A_PRE_NotGr_NA_NA,nmdc:bsm-11-3tk5be27,EMSL 26 UNDE_A_PRE_NotGr_NA_NA,ALL,high,ProcessedSample4_GCMS
EMSL_27_WREF_A1_PRE_NotGr_NA_NA,nmdc:bsm-11-81nkhg93,EMSL 27 WREF_A1_PRE_NotGr_NA_NA,ALL,high,ProcessedSample4_GCMS
EMSL_3_BLAN_Ap1_PRE_NotGr_NA_NA,nmdc:bsm-11-dgpxax84,EMSL 3 BLAN_Ap1_PRE_NotGr_NA_NA,ALL,high,ProcessedSample4_GCMS
EMSL_37_ABBY_A_POST_NotGr_MST_33,nmdc:bsm-11-t2j2tb83,EMSL 37 ABBY_A_POST_NotGr_MST_33,ALL,high,ProcessedSample4_GCMS
EMSL_38_BARR_Oaf_POST_NotGr_MST_33,nmdc:bsm-11-g55mqq95,EMSL 38 BARR_Oaf_POST_NotGr_MST_33,ALL,high,ProcessedSample4_GCMS
EMSL_39_BLAN_Ap1_POST_NotGr_MST_33,nmdc:bsm-11-0n65yd98,EMSL 39 BLAN_Ap1_POST_NotGr_MST_33,ALL,high,ProcessedSample4_GCMS
EMSL_4_BONA_Oea_PRE_NotGr_NA_NA,nmdc:bsm-11-447q1c62,EMSL 4 BONA_Oea_PRE_NotGr_NA_NA,ALL,high,ProcessedSample4_GCMS
EMSL_40_BONA_Oea_POST_NotGr_MST_33,nmdc:bsm-11-89sqhh96,EMSL 40 BONA_Oea_POST_NotGr_MST_33,ALL,high,ProcessedSample4_GCMS
EMSL_41_CLBJ_A1_POST_NotGr_MST_33,nmdc:bsm-11-2cj4cf88,EMSL 41 CLBJ_A1_POST_NotGr_MST_33,ALL,high,ProcessedSample4_GCMS
EMSL_42_CPER_A1_POST_NotGr_MST_33,nmdc:bsm-11-9hpkqy23,EMSL 42 CPER_A1_POST_NotGr_MST_33,ALL,high,ProcessedSample4_GCMS
EMSL_43_DCFS_A1_POST_NotGr_MST_33,nmdc:bsm-11-mzz92d33,EMSL 43 DCFS_A1_POST_NotGr_MST_33,ALL,high,ProcessedSample4_GCMS
EMSL_44_DELA_A_POST_NotGr_MST_33,nmdc:bsm-11-zjb1z714,EMSL 44 DELA_A_POST_NotGr_MST_33,ALL,high,ProcessedSample4_GCMS
EMSL_45_DSNY_A_POST_NotGr_MST_33,nmdc:bsm-11-8bg8gj60,EMSL 45 DSNY_A_POST_NotGr_MST_33,ALL,high,ProcessedSample4_GCMS
EMSL_46_GRSM_A_POST_NotGr_MST_33,nmdc:bsm-11-262q3j19,EMSL 46 GRSM_A_POST_NotGr_MST_33,ALL,high,ProcessedSample4_GCMS
EMSL_47_HEAL_Oae_POST_NotGr_MST_33,nmdc:bsm-11-56ck4y26,EMSL 47 HEAL_Oae_POST_NotGr_MST_33,ALL,high,ProcessedSample4_GCMS
EMSL_48_JORN_Ak_POST_NotGr_MST_33,nmdc:bsm-11-ypsg5973,EMSL 48 JORN_Ak_POST_NotGr_MST_33,ALL,high,ProcessedSample4_GCMS
EMSL_49_KONZ_A1_POST_NotGr_MST_33,nmdc:bsm-11-8e8v8k74,EMSL 49 KONZ_A1_POST_NotGr_MST_33,ALL,high,ProcessedSample4_GCMS
EMSL_5_CLBJ_A1_PRE_NotGr_NA_NA,nmdc:bsm-11-hb183j67,EMSL 5 CLBJ_A1_PRE_NotGr_NA_NA,ALL,high,ProcessedSample4_GCMS
EMSL_50_MLBS_A_POST_NotGr_MST_33,nmdc:bsm-11-0vgkpt58,EMSL 50 MLBS_A_POST_NotGr_MST_33,ALL,high,ProcessedSample4_GCMS
EMSL_51_MOAB_A_POST_NotGr_MST_33,nmdc:bsm-11-aw9xpa90,EMSL 51 MOAB_A_POST_NotGr_MST_33,ALL,high,ProcessedSample4_GCMS
EMSL_52_NGPR_A_POST_NotGr_MST_33,nmdc:bsm-11-v2kqzp11,EMSL 52 NGPR_A_POST_NotGr_MST_33,ALL,high,ProcessedSample4_GCMS
EMSL_53_NIWO_A_POST_NotGr_MST_33,nmdc:bsm-11-1mgzn748,EMSL 53 NIWO_A_POST_NotGr_MST_33,ALL,high,ProcessedSample4_GCMS
EMSL_54_OSBS_A_POST_NotGr_MST_33,nmdc:bsm-11-6m5pgr13,EMSL 54 OSBS_A_POST_NotGr_MST_33,ALL,high,ProcessedSample4_GCMS
EMSL_55_RMNP_A1_POST_NotGr_MST_33,nmdc:bsm-11-7dmzve23,EMSL 55 RMNP_A1_POST_NotGr_MST_33,ALL,high,ProcessedSample4_GCMS
EMSL_56_SERC_A_POST_NotGr_MST_33,nmdc:bsm-11-zd1wbz45,EMSL 56 SERC_A_POST_NotGr_MST_33,ALL,high,ProcessedSample4_GCMS
EMSL_57_SJER_A_POST_NotGr_MST_33,nmdc:bsm-11-ddcg6623,EMSL 57 SJER_A_POST_NotGr_MST_33,ALL,high,ProcessedSample4_GCMS
EMSL_58_SOAP_A_POST_NotGr_MST_33,nmdc:bsm-11-ybyjz464,EMSL 58 SOAP_A_POST_NotGr_MST_33,ALL,high,ProcessedSample4_GCMS
EMSL_59_STEI_A1_POST_NotGr_MST_33,nmdc:bsm-11-kvxpkn12,EMSL 59 STEI_A1_POST_NotGr_MST_33,ALL,high,ProcessedSample4_GCMS
EMSL_6_CPER_A1_PRE_NotGr_NA_NA,nmdc:bsm-11-kfxsah36,EMSL 6 CPER_A1_PRE_NotGr_NA_NA,ALL,high,ProcessedSample4_GCMS
EMSL_60_TALL_A1_POST_NotGr_MST_33,nmdc:bsm-11-bm3k2w07,EMSL 60 TALL_A1_POST_NotGr_MST_33,ALL,high,ProcessedSample4_GCMS
EMSL_61_TREE_A1_POST_NotGr_MST_33,nmdc:bsm-11-8qr96b28,EMSL 61 TREE_A1_POST_NotGr_MST_33,ALL,high,ProcessedSample4_GCMS
EMSL_62_UNDE_A_POST_NotGr_MST_33,nmdc:bsm-11-8gy0dx46,EMSL 62 UNDE_A_POST_NotGr_MST_33,ALL,high,ProcessedSample4_GCMS
EMSL_63_WREF_A1_POST_NotGr_MST_33,nmdc:bsm-11-bm60ch89,EMSL 63 WREF_A1_POST_NotGr_MST_33,ALL,high,ProcessedSample4_GCMS
EMSL_64_ABBY_A_POST_NotGr_MSTplus5_33,nmdc:bsm-11-3ekzh153,EMSL 64 ABBY_A_POST_NotGr_MST+5_33,ALL,high,ProcessedSample4_GCMS
EMSL_65_BARR_Oaf_POST_NotGr_MSTplus5_33,nmdc:bsm-11-kag46n94,EMSL 65 BARR_Oaf_POST_NotGr_MST+5_33,ALL,high,ProcessedSample4_GCMS
EMSL_66_BLAN_Ap1_POST_NotGr_MSTplus5_33,nmdc:bsm-11-kh27cs78,EMSL 66 BLAN_Ap1_POST_NotGr_MST+5_33,ALL,high,ProcessedSample4_GCMS
EMSL_67_BONA_Oea_POST_NotGr_MSTplus5_33,nmdc:bsm-11-x462mz30,EMSL 67 BONA_Oea_POST_NotGr_MST+5_33,ALL,high,ProcessedSample4_GCMS
EMSL_68_CLBJ_A1_POST_NotGr_MSTplus5_33,nmdc:bsm-11-ea81mj44,EMSL 68 CLBJ_A1_POST_NotGr_MST+5_33,ALL,high,ProcessedSample4_GCMS
EMSL_69_CPER_A1_POST_NotGr_MSTplus5_33,nmdc:bsm-11-fs0nam69,EMSL 69 CPER_A1_POST_NotGr_MST+5_33,ALL,high,ProcessedSample4_GCMS
EMSL_7_DCFS_A1_PRE_NotGr_NA_NA,nmdc:bsm-11-jv4z8645,EMSL 7 DCFS_A1_PRE_NotGr_NA_NA,ALL,high,ProcessedSample4_GCMS
EMSL_70_DCFS_A1_POST_NotGr_MSTplus5_33,nmdc:bsm-11-mt7hs697,EMSL 70 DCFS_A1_POST_NotGr_MST+5_33,ALL,high,ProcessedSample4_GCMS
EMSL_71_DELA_A_POST_NotGr_MSTplus5_33,nmdc:bsm-11-hmwb5933,EMSL 71 DELA_A_POST_NotGr_MST+5_33,ALL,high,ProcessedSample4_GCMS
EMSL_72_DSNY_A_POST_NotGr_MSTplus5_33,nmdc:bsm-11-pywm3v18,EMSL 72 DSNY_A_POST_NotGr_MST+5_33,ALL,high,ProcessedSample4_GCMS
EMSL_73_GRSM_A_POST_NotGr_MSTplus5_33,nmdc:bsm-11-rgvr4244,EMSL 73 GRSM_A_POST_NotGr_MST+5_33,ALL,high,ProcessedSample4_GCMS
EMSL_74-HEAL_Oae_POST_NotGr_MSTplus5_33,nmdc:bsm-11-0545zh73,EMSL 74 HEAL_Oae_POST_NotGr_MST+5_33,ALL,high,ProcessedSample4_GCMS
EMSL_75_JORN_Ak_POST_NotGr_MSTplus5_33,nmdc:bsm-11-w1s6zj21,EMSL 75 JORN_Ak_POST_NotGr_MST+5_33,ALL,high,ProcessedSample4_GCMS
EMSL_76_KONZ_A1_POST_NotGr_MSTplus5_33,nmdc:bsm-11-rn50jw68,EMSL 76 KONZ_A1_POST_NotGr_MST+5_33,ALL,high,ProcessedSample4_GCMS
EMSL_77_MLBS_A_POST_NotGr_MSTplus5_33,nmdc:bsm-11-pw5qbt83,EMSL 77 MLBS_A_POST_NotGr_MST+5_33,ALL,high,ProcessedSample4_GCMS
EMSL_78_MOAB_A_POST_NotGr_MSTplus5_33,nmdc:bsm-11-f744kg86,EMSL 78 MOAB_A_POST_NotGr_MST+5_33,ALL,high,ProcessedSample4_GCMS
EMSL_79_NGPR_A_POST_NotGr_MSTplus5_33,nmdc:bsm-11-feb57406,EMSL 79 NGPR_A_POST_NotGr_MST+5_33,ALL,high,ProcessedSample4_GCMS
EMSL_8_DELA_A_PRE_NotGr_NA_NA,nmdc:bsm-11-2a214q05,EMSL 8 DELA_A_PRE_NotGr_NA_NA,ALL,high,ProcessedSample4_GCMS
EMSL_80_NIWO_A_POST_NotGr_MSTplus5_33,nmdc:bsm-11-srrzgw96,EMSL 80 NIWO_A_POST_NotGr_MST+5_33,ALL,high,ProcessedSample4_GCMS
EMSL_81_OSBS_A_POST_NotGr_MSTplus5_33,nmdc:bsm-11-k3ms3q32,EMSL 81 OSBS_A_POST_NotGr_MST+5_33,ALL,high,ProcessedSample4_GCMS
EMSL_82_RMNP_A1_POST_NotGr_MSTplus5_33,nmdc:bsm-11-jexdz609,EMSL 82 RMNP_A1_POST_NotGr_MST+5_33,ALL,high,ProcessedSample4_GCMS
EMSL_83_SERC_A_POST_NotGr_MSTplus5_33,nmdc:bsm-11-2aew5811,EMSL 83 SERC_A_POST_NotGr_MST+5_33,ALL,high,ProcessedSample4_GCMS
EMSL_84_SJER_A_POST_NotGr_MSTplus5_33,nmdc:bsm-11-1nkycf30,EMSL 84 SJER_A_POST_NotGr_MST+5_33,ALL,high,ProcessedSample4_GCMS
EMSL_85_SOAP_A_POST_NotGr_MSTplus5_33,nmdc:bsm-11-anhff417,EMSL 85 SOAP_A_POST_NotGr_MST+5_33,ALL,high,ProcessedSample4_GCMS
EMSL_86_STEI_A1_POST_NotGr_MSTplus5_33,nmdc:bsm-11-jwsqte26,EMSL 86 STEI_A1_POST_NotGr_MST+5_33,ALL,high,ProcessedSample4_GCMS
EMSL_87_TALL_A1_POST_NotGr_MSTplus5_33,nmdc:bsm-11-f3ebmn35,EMSL 87 TALL_A1_POST_NotGr_MST+5_33,ALL,high,ProcessedSample4_GCMS
EMSL_88_TREE_A1_POST_NotGr_MSTplus5_33,nmdc:bsm-11-ha7xvb59,EMSL 88 TREE_A1_POST_NotGr_MST+5_33,ALL,high,ProcessedSample4_GCMS
EMSL_89_UNDE_A_POST_NotGr_MSTplus5_33,nmdc:bsm-11-c71sq339,EMSL 89 UNDE_A_POST_NotGr_MST+5_33,ALL,high,ProcessedSample4_GCMS
EMSL_9_DSNY_A_PRE_NotGr_NA_NA,nmdc:bsm-11-1fcma647,EMSL 9 DSNY_A_PRE_NotGr_NA_NA,ALL,high,ProcessedSample4_GCMS
EMSL_90_WREF_A1_POST_NotGr_MSTplus5_33,nmdc:bsm-11-g8qs8k06,EMSL 90 WREF_A1_POST_NotGr_MST+5_33,ALL,high,ProcessedSample4_GCMS
60009_Miesel_ABBY_22_Pro_f01_4July23_Arwen_WBEH-23-03-03,nmdc:bsm-11-xjd8t932,EMSL 1 ABBY_A_PRE_NotGr_NA_NA,ALL,high,ProcessedSample8_Prot
60009_Miesel_ABBY_22_Pro_f02_4July23_Arwen_WBEH-23-03-03,nmdc:bsm-11-xjd8t932,EMSL 1 ABBY_A_PRE_NotGr_NA_NA,ALL,high,ProcessedSample9_Prot
60009_Miesel_ABBY_22_Pro_f03_4July23_Arwen_WBEH-23-03-03,nmdc:bsm-11-xjd8t932,EMSL 1 ABBY_A_PRE_NotGr_NA_NA,ALL,high,ProcessedSample10_Prot
60009_Miesel_ABBY_22_Pro_f04_4July23_Arwen_WBEH-23-03-03,nmdc:bsm-11-xjd8t932,EMSL 1 ABBY_A_PRE_NotGr_NA_NA,ALL,high,ProcessedSample11_Prot
60009_Miesel_ABBY_22_Pro_f05_4July23_Arwen_WBEH-23-03-03,nmdc:bsm-11-xjd8t932,EMSL 1 ABBY_A_PRE_NotGr_NA_NA,ALL,high,ProcessedSample12_Prot
60009_Miesel_ABBY_22_Pro_f06_4July23_Arwen_WBEH-23-03-03,nmdc:bsm-11-xjd8t932,EMSL 1 ABBY_A_PRE_NotGr_NA_NA,ALL,high,ProcessedSample13_Prot
60009_Miesel_ABBY_whole_22_02Oct23_Pippin_WBEH-23-05-17,nmdc:bsm-11-xjd8t932,EMSL 1 ABBY_A_PRE_NotGr_NA_NA,ALL,high,ProcessedSample7_Prot
60009_Miesel_BARR_25_Pro_f01_12July23_Arwen_WBEH-23-03-03,nmdc:bsm-11-pmcm6s22,EMSL 2 BARR_Oaf_PRE_NotGr_NA_NA,ALL,high,ProcessedSample8_Prot
60009_Miesel_BARR_25_Pro_f02_12July23_Arwen_WBEH-23-03-03,nmdc:bsm-11-pmcm6s22,EMSL 2 BARR_Oaf_PRE_NotGr_NA_NA,ALL,high,ProcessedSample9_Prot
60009_Miesel_BARR_25_Pro_f03_12July23_Arwen_WBEH-23-03-03,nmdc:bsm-11-pmcm6s22,EMSL 2 BARR_Oaf_PRE_NotGr_NA_NA,ALL,high,ProcessedSample10_Prot
60009_Miesel_BARR_25_Pro_f04_12July23_Arwen_WBEH-23-03-03,nmdc:bsm-11-pmcm6s22,EMSL 2 BARR_Oaf_PRE_NotGr_NA_NA,ALL,high,ProcessedSample11_Prot
60009_Miesel_BARR_25_Pro_f05_12July23_Arwen_WBEH-23-03-03,nmdc:bsm-11-pmcm6s22,EMSL 2 BARR_Oaf_PRE_NotGr_NA_NA,ALL,high,ProcessedSample12_Prot
60009_Miesel_BARR_25_Pro_f06_12July23_Arwen_WBEH-23-03-03,nmdc:bsm-11-pmcm6s22,EMSL 2 BARR_Oaf_PRE_NotGr_NA_NA,ALL,high,ProcessedSample13_Prot
60009_Miesel_BARR_whole_25_02Oct23_Pippin_WBEH-23-05-17,nmdc:bsm-11-pmcm6s22,EMSL 2 BARR_Oaf_PRE_NotGr_NA_NA,ALL,high,ProcessedSample7_Prot
60009_Miesel_BLAN_07_Pro_f01_16Jun23_Arwen_WBEH-unknown,nmdc:bsm-11-dgpxax84,EMSL 3 BLAN_Ap1_PRE_NotGr_NA_NA,ALL,high,ProcessedSample8_Prot
60009_Miesel_BLAN_07_Pro_f02_16Jun23_Arwen_WBEH-unknown,nmdc:bsm-11-dgpxax84,EMSL 3 BLAN_Ap1_PRE_NotGr_NA_NA,ALL,high,ProcessedSample9_Prot
60009_Miesel_BLAN_07_Pro_f03_16Jun23_Arwen_WBEH-unknown,nmdc:bsm-11-dgpxax84,EMSL 3 BLAN_Ap1_PRE_NotGr_NA_NA,ALL,high,ProcessedSample10_Prot
60009_Miesel_BLAN_07_Pro_f04_16Jun23_Arwen_WBEH-unknown,nmdc:bsm-11-dgpxax84,EMSL 3 BLAN_Ap1_PRE_NotGr_NA_NA,ALL,high,ProcessedSample11_Prot
60009_Miesel_BLAN_07_Pro_f05_16Jun23_Arwen_WBEH-unknown,nmdc:bsm-11-dgpxax84,EMSL 3 BLAN_Ap1_PRE_NotGr_NA_NA,ALL,high,ProcessedSample12_Prot
60009_Miesel_BLAN_07_Pro_f06_16Jun23_Arwen_WBEH-unknown,nmdc:bsm-11-dgpxax84,EMSL 3 BLAN_Ap1_PRE_NotGr_NA_NA,ALL,high,ProcessedSample13_Prot
60009_Miesel_BLAN_whole_07_30Sep23_Pippin_WBEH-23-05-17,nmdc:bsm-11-dgpxax84,EMSL 3 BLAN_Ap1_PRE_NotGr_NA_NA,ALL,high,ProcessedSample7_Prot
60009_Miesel_BONA_26_Pro_f01_12July23_Arwen_WBEH-23-03-03,nmdc:bsm-11-447q1c62,EMSL 4 BONA_Oea_PRE_NotGr_NA_NA,ALL,high,ProcessedSample8_Prot
60009_Miesel_BONA_26_Pro_f02_12July23_Arwen_WBEH-23-03-03,nmdc:bsm-11-447q1c62,EMSL 4 BONA_Oea_PRE_NotGr_NA_NA,ALL,high,ProcessedSample9_Prot
60009_Miesel_BONA_26_Pro_f03_12July23_Arwen_WBEH-23-03-03,nmdc:bsm-11-447q1c62,EMSL 4 BONA_Oea_PRE_NotGr_NA_NA,ALL,high,ProcessedSample10_Prot
60009_Miesel_BONA_26_Pro_f04_12July23_Arwen_WBEH-23-03-03,nmdc:bsm-11-447q1c62,EMSL 4 BONA_Oea_PRE_NotGr_NA_NA,ALL,high,ProcessedSample11_Prot
60009_Miesel_BONA_26_Pro_f05_12July23_Arwen_WBEH-23-03-03,nmdc:bsm-11-447q1c62,EMSL 4 BONA_Oea_PRE_NotGr_NA_NA,ALL,high,ProcessedSample12_Prot
60009_Miesel_BONA_26_Pro_f06_12July23_Arwen_WBEH-23-03-03,nmdc:bsm-11-447q1c62,EMSL 4 BONA_Oea_PRE_NotGr_NA_NA,ALL,high,ProcessedSample13_Prot
60009_Miesel_BONA_whole_26_02Oct23_Pippin_WBEH-23-05-17,nmdc:bsm-11-447q1c62,EMSL 4 BONA_Oea_PRE_NotGr_NA_NA,ALL,high,ProcessedSample7_Prot
60009_Miesel_CLBJ_06_Pro_f01_16Jun23_Arwen_WBEH-unknown,nmdc:bsm-11-hb183j67,EMSL 5 CLBJ_A1_PRE_NotGr_NA_NA,ALL,high,ProcessedSample8_Prot
60009_Miesel_CLBJ_06_Pro_f02_16Jun23_Arwen_WBEH-unknown,nmdc:bsm-11-hb183j67,EMSL 5 CLBJ_A1_PRE_NotGr_NA_NA,ALL,high,ProcessedSample9_Prot
60009_Miesel_CLBJ_06_Pro_f03_16Jun23_Arwen_WBEH-unknown,nmdc:bsm-11-hb183j67,EMSL 5 CLBJ_A1_PRE_NotGr_NA_NA,ALL,high,ProcessedSample10_Prot
60009_Miesel_CLBJ_06_Pro_f04_16Jun23_Arwen_WBEH-unknown,nmdc:bsm-11-hb183j67,EMSL 5 CLBJ_A1_PRE_NotGr_NA_NA,ALL,high,ProcessedSample11_Prot
60009_Miesel_CLBJ_06_Pro_f05_16Jun23_Arwen_WBEH-unknown,nmdc:bsm-11-hb183j67,EMSL 5 CLBJ_A1_PRE_NotGr_NA_NA,ALL,high,ProcessedSample12_Prot
60009_Miesel_CLBJ_06_Pro_f06_16Jun23_Arwen_WBEH-unknown,nmdc:bsm-11-hb183j67,EMSL 5 CLBJ_A1_PRE_NotGr_NA_NA,ALL,high,ProcessedSample13_Prot
60009_Miesel_CLBJ_whole_06_30Sep23_Pippin_WBEH-23-05-17,nmdc:bsm-11-hb183j67,EMSL 5 CLBJ_A1_PRE_NotGr_NA_NA,ALL,high,ProcessedSample7_Prot
60009_Miesel_CPER_04_Pro_f01_12Jun23_Arwen_WBEH-unknown,nmdc:bsm-11-kfxsah36,EMSL 6 CPER_A1_PRE_NotGr_NA_NA,ALL,high,ProcessedSample8_Prot
60009_Miesel_CPER_04_Pro_f02_12Jun23_Arwen_WBEH-unknown,nmdc:bsm-11-kfxsah36,EMSL 6 CPER_A1_PRE_NotGr_NA_NA,ALL,high,ProcessedSample9_Prot
60009_Miesel_CPER_04_Pro_f03_12Jun23_Arwen_WBEH-unknown,nmdc:bsm-11-kfxsah36,EMSL 6 CPER_A1_PRE_NotGr_NA_NA,ALL,high,ProcessedSample10_Prot
60009_Miesel_CPER_04_Pro_f04_12Jun23_Arwen_WBEH-unknown,nmdc:bsm-11-kfxsah36,EMSL 6 CPER_A1_PRE_NotGr_NA_NA,ALL,high,ProcessedSample11_Prot
60009_Miesel_CPER_04_Pro_f05_12Jun23_Arwen_WBEH-unknown,nmdc:bsm-11-kfxsah36,EMSL 6 CPER_A1_PRE_NotGr_NA_NA,ALL,high,ProcessedSample12_Prot
60009_Miesel_CPER_04_Pro_f06_12Jun23_Arwen_WBEH-unknown,nmdc:bsm-11-kfxsah36,EMSL 6 CPER_A1_PRE_NotGr_NA_NA,ALL,high,ProcessedSample13_Prot
60009_Miesel_CPER_extra_04_f01_25Aug23_Pippin_WBEH-23-05-17,nmdc:bsm-11-kfxsah36,EMSL 6 CPER_A1_PRE_NotGr_NA_NA,ALL,high,ProcessedSample17_Prot
60009_Miesel_CPER_extra_04_f02_25Aug23_Pippin_WBEH-23-05-17,nmdc:bsm-11-kfxsah36,EMSL 6 CPER_A1_PRE_NotGr_NA_NA,ALL,high,ProcessedSample18_Prot
60009_Miesel_CPER_extra_04_f03_25Aug23_Pippin_WBEH-23-05-17,nmdc:bsm-11-kfxsah36,EMSL 6 CPER_A1_PRE_NotGr_NA_NA,ALL,high,ProcessedSample19_Prot
60009_Miesel_CPER_extra_04_f04_25Aug23_Pippin_WBEH-23-05-17,nmdc:bsm-11-kfxsah36,EMSL 6 CPER_A1_PRE_NotGr_NA_NA,ALL,high,ProcessedSample20_Prot
60009_Miesel_CPER_extra_04_f05_25Aug23_Pippin_WBEH-23-05-17,nmdc:bsm-11-kfxsah36,EMSL 6 CPER_A1_PRE_NotGr_NA_NA,ALL,high,ProcessedSample21_Prot
60009_Miesel_CPER_extra_04_f06_25Aug23_Pippin_WBEH-23-05-17,nmdc:bsm-11-kfxsah36,EMSL 6 CPER_A1_PRE_NotGr_NA_NA,ALL,high,ProcessedSample22_Prot
60009_Miesel_CPER_extra_04_KCL_f01_06Sep23_Pippin_WBEH-23-05-17,nmdc:bsm-11-kfxsah36,EMSL 6 CPER_A1_PRE_NotGr_NA_NA,ALL,high,ProcessedSample23_Prot
60009_Miesel_CPER_extra_04_KCL_f02_06Sep23_Pippin_WBEH-23-05-17,nmdc:bsm-11-kfxsah36,EMSL 6 CPER_A1_PRE_NotGr_NA_NA,ALL,high,ProcessedSample24_Prot
60009_Miesel_CPER_extra_04_KCL_f03_06Sep23_Pippin_WBEH-23-05-17,nmdc:bsm-11-kfxsah36,EMSL 6 CPER_A1_PRE_NotGr_NA_NA,ALL,high,ProcessedSample25_Prot
60009_Miesel_CPER_extra_04_KCL_f04_06Sep23_Pippin_WBEH-23-05-17,nmdc:bsm-11-kfxsah36,EMSL 6 CPER_A1_PRE_NotGr_NA_NA,ALL,high,ProcessedSample26_Prot
60009_Miesel_CPER_extra_04_KCL_f05_06Sep23_Pippin_WBEH-23-05-17,nmdc:bsm-11-kfxsah36,EMSL 6 CPER_A1_PRE_NotGr_NA_NA,ALL,high,ProcessedSample27_Prot
60009_Miesel_CPER_extra_04_KCL_f06_06Sep23_Pippin_WBEH-23-05-17,nmdc:bsm-11-kfxsah36,EMSL 6 CPER_A1_PRE_NotGr_NA_NA,ALL,high,ProcessedSample28_Prot
60009_Miesel_CPER_whole_04_30Sep23_Pippin_WBEH-23-05-17,nmdc:bsm-11-kfxsah36,EMSL 6 CPER_A1_PRE_NotGr_NA_NA,ALL,high,ProcessedSample7_Prot
60009_Miesel_DCFS_21_Pro_f01_4July23_Arwen_WBEH-23-03-03,nmdc:bsm-11-jv4z8645,EMSL 7 DCFS_A1_PRE_NotGr_NA_NA,ALL,high,ProcessedSample8_Prot
60009_Miesel_DCFS_21_Pro_f02_4July23_Arwen_WBEH-23-03-03,nmdc:bsm-11-jv4z8645,EMSL 7 DCFS_A1_PRE_NotGr_NA_NA,ALL,high,ProcessedSample9_Prot
60009_Miesel_DCFS_21_Pro_f03_4July23_Arwen_WBEH-23-03-03,nmdc:bsm-11-jv4z8645,EMSL 7 DCFS_A1_PRE_NotGr_NA_NA,ALL,high,ProcessedSample10_Prot
60009_Miesel_DCFS_21_Pro_f04_4July23_Arwen_WBEH-23-03-03,nmdc:bsm-11-jv4z8645,EMSL 7 DCFS_A1_PRE_NotGr_NA_NA,ALL,high,ProcessedSample11_Prot
60009_Miesel_DCFS_21_Pro_f05_4July23_Arwen_WBEH-23-03-03,nmdc:bsm-11-jv4z8645,EMSL 7 DCFS_A1_PRE_NotGr_NA_NA,ALL,high,ProcessedSample12_Prot
60009_Miesel_DCFS_21_Pro_f06_4July23_Arwen_WBEH-23-03-03,nmdc:bsm-11-jv4z8645,EMSL 7 DCFS_A1_PRE_NotGr_NA_NA,ALL,high,ProcessedSample13_Prot
60009_Miesel_DCFS_whole_21_02Oct23_Pippin_WBEH-23-05-17,nmdc:bsm-11-jv4z8645,EMSL 7 DCFS_A1_PRE_NotGr_NA_NA,ALL,high,ProcessedSample7_Prot
60009_Miesel_DELA_08_Pro_f01_16Jun23_Arwen_WBEH-unknown,nmdc:bsm-11-2a214q05,EMSL 8 DELA_A_PRE_NotGr_NA_NA,ALL,high,ProcessedSample8_Prot
60009_Miesel_DELA_08_Pro_f02_16Jun23_Arwen_WBEH-unknown,nmdc:bsm-11-2a214q05,EMSL 8 DELA_A_PRE_NotGr_NA_NA,ALL,high,ProcessedSample9_Prot
60009_Miesel_DELA_08_Pro_f03_16Jun23_Arwen_WBEH-unknown,nmdc:bsm-11-2a214q05,EMSL 8 DELA_A_PRE_NotGr_NA_NA,ALL,high,ProcessedSample10_Prot
60009_Miesel_DELA_08_Pro_f04_16Jun23_Arwen_WBEH-unknown,nmdc:bsm-11-2a214q05,EMSL 8 DELA_A_PRE_NotGr_NA_NA,ALL,high,ProcessedSample11_Prot
60009_Miesel_DELA_08_Pro_f05_16Jun23_Arwen_WBEH-unknown,nmdc:bsm-11-2a214q05,EMSL 8 DELA_A_PRE_NotGr_NA_NA,ALL,high,ProcessedSample12_Prot
60009_Miesel_DELA_08_Pro_f06_16Jun23_Arwen_WBEH-unknown,nmdc:bsm-11-2a214q05,EMSL 8 DELA_A_PRE_NotGr_NA_NA,ALL,high,ProcessedSample13_Prot
60009_Miesel_DELA_whole_08_30Sep23_Pippin_WBEH-23-05-17,nmdc:bsm-11-2a214q05,EMSL 8 DELA_A_PRE_NotGr_NA_NA,ALL,high,ProcessedSample7_Prot
60009_Miesel_DSNY_09_Pro_f01_22Jun23_Arwen_WBEH-23-03-03,nmdc:bsm-11-1fcma647,EMSL 9 DSNY_A_PRE_NotGr_NA_NA,ALL,high,ProcessedSample8_Prot
60009_Miesel_DSNY_09_Pro_f02_22Jun23_Arwen_WBEH-23-03-03,nmdc:bsm-11-1fcma647,EMSL 9 DSNY_A_PRE_NotGr_NA_NA,ALL,high,ProcessedSample9_Prot
60009_Miesel_DSNY_09_Pro_f03_22Jun23_Arwen_WBEH-23-03-03,nmdc:bsm-11-1fcma647,EMSL 9 DSNY_A_PRE_NotGr_NA_NA,ALL,high,ProcessedSample10_Prot
60009_Miesel_DSNY_09_Pro_f04_22Jun23_Arwen_WBEH-23-03-03,nmdc:bsm-11-1fcma647,EMSL 9 DSNY_A_PRE_NotGr_NA_NA,ALL,high,ProcessedSample11_Prot
60009_Miesel_DSNY_09_Pro_f05_22Jun23_Arwen_WBEH-23-03-03,nmdc:bsm-11-1fcma647,EMSL 9 DSNY_A_PRE_NotGr_NA_NA,ALL,high,ProcessedSample12_Prot
60009_Miesel_DSNY_09_Pro_f06_22Jun23_Arwen_WBEH-23-03-03,nmdc:bsm-11-1fcma647,EMSL 9 DSNY_A_PRE_NotGr_NA_NA,ALL,high,ProcessedSample13_Prot
60009_Miesel_DSNY_whole_09_30Sep23_Pippin_WBEH-23-05-17,nmdc:bsm-11-1fcma647,EMSL 9 DSNY_A_PRE_NotGr_NA_NA,ALL,high,ProcessedSample7_Prot
60009_Miesel_GRSM_20_Pro_f01_30Jun23_Arwen_WBEH-23-03-03,nmdc:bsm-11-v9wwsa76,EMSL 10 GRSM_A_PRE_NotGr_NA_NA,ALL,high,ProcessedSample8_Prot
60009_Miesel_GRSM_20_Pro_f02_30Jun23_Arwen_WBEH-23-03-03,nmdc:bsm-11-v9wwsa76,EMSL 10 GRSM_A_PRE_NotGr_NA_NA,ALL,high,ProcessedSample9_Prot
60009_Miesel_GRSM_20_Pro_f03_30Jun23_Arwen_WBEH-23-03-03,nmdc:bsm-11-v9wwsa76,EMSL 10 GRSM_A_PRE_NotGr_NA_NA,ALL,high,ProcessedSample10_Prot
60009_Miesel_GRSM_20_Pro_f04_30Jun23_Arwen_WBEH-23-03-03,nmdc:bsm-11-v9wwsa76,EMSL 10 GRSM_A_PRE_NotGr_NA_NA,ALL,high,ProcessedSample11_Prot
60009_Miesel_GRSM_20_Pro_f05_30Jun23_Arwen_WBEH-23-03-03,nmdc:bsm-11-v9wwsa76,EMSL 10 GRSM_A_PRE_NotGr_NA_NA,ALL,high,ProcessedSample12_Prot
60009_Miesel_GRSM_20_Pro_f06_30Jun23_Arwen_WBEH-23-03-03,nmdc:bsm-11-v9wwsa76,EMSL 10 GRSM_A_PRE_NotGr_NA_NA,ALL,high,ProcessedSample13_Prot
60009_Miesel_GRSM_whole_20_02Oct23_Pippin_WBEH-23-05-17,nmdc:bsm-11-v9wwsa76,EMSL 10 GRSM_A_PRE_NotGr_NA_NA,ALL,high,ProcessedSample7_Prot
60009_Miesel_HEAL_27_Pro_f01_12July23_Arwen_WBEH-23-03-03,nmdc:bsm-11-57n0am19,EMSL 11 HEAL_Oae_PRE_NotGr_NA_NA,ALL,high,ProcessedSample8_Prot
60009_Miesel_HEAL_27_Pro_f02_12July23_Arwen_WBEH-23-03-03,nmdc:bsm-11-57n0am19,EMSL 11 HEAL_Oae_PRE_NotGr_NA_NA,ALL,high,ProcessedSample9_Prot
60009_Miesel_HEAL_27_Pro_f03_12July23_Arwen_WBEH-23-03-03,nmdc:bsm-11-57n0am19,EMSL 11 HEAL_Oae_PRE_NotGr_NA_NA,ALL,high,ProcessedSample10_Prot
60009_Miesel_HEAL_27_Pro_f04_12July23_Arwen_WBEH-23-03-03,nmdc:bsm-11-57n0am19,EMSL 11 HEAL_Oae_PRE_NotGr_NA_NA,ALL,high,ProcessedSample11_Prot
60009_Miesel_HEAL_27_Pro_f05_12July23_Arwen_WBEH-23-03-03,nmdc:bsm-11-57n0am19,EMSL 11 HEAL_Oae_PRE_NotGr_NA_NA,ALL,high,ProcessedSample12_Prot
60009_Miesel_HEAL_27_Pro_f06_12July23_Arwen_WBEH-23-03-03,nmdc:bsm-11-57n0am19,EMSL 11 HEAL_Oae_PRE_NotGr_NA_NA,ALL,high,ProcessedSample13_Prot
60009_Miesel_HEAL_whole_27_02Oct23_Pippin_WBEH-23-05-17,nmdc:bsm-11-57n0am19,EMSL 11 HEAL_Oae_PRE_NotGr_NA_NA,ALL,high,ProcessedSample7_Prot
60009_Miesel_JORN_01_Pro_f01_12Jun23_Arwen_WBEH-unknown,nmdc:bsm-11-x6051v50,EMSL 12 JORN_Ak_PRE_NotGr_NA_NA,ALL,high,ProcessedSample8_Prot
60009_Miesel_JORN_01_Pro_f02_12Jun23_Arwen_WBEH-unknown,nmdc:bsm-11-x6051v50,EMSL 12 JORN_Ak_PRE_NotGr_NA_NA,ALL,high,ProcessedSample9_Prot
60009_Miesel_JORN_01_Pro_f03_12Jun23_Arwen_WBEH-unknown,nmdc:bsm-11-x6051v50,EMSL 12 JORN_Ak_PRE_NotGr_NA_NA,ALL,high,ProcessedSample10_Prot
60009_Miesel_JORN_01_Pro_f04_12Jun23_Arwen_WBEH-unknown,nmdc:bsm-11-x6051v50,EMSL 12 JORN_Ak_PRE_NotGr_NA_NA,ALL,high,ProcessedSample11_Prot
60009_Miesel_JORN_01_Pro_f05_12Jun23_Arwen_WBEH-unknown,nmdc:bsm-11-x6051v50,EMSL 12 JORN_Ak_PRE_NotGr_NA_NA,ALL,high,ProcessedSample12_Prot
60009_Miesel_JORN_01_Pro_f06_12Jun23_Arwen_WBEH-unknown,nmdc:bsm-11-x6051v50,EMSL 12 JORN_Ak_PRE_NotGr_NA_NA,ALL,high,ProcessedSample13_Prot
60009_Miesel_JORN_extra_01_f01_25Aug23_Pippin_WBEH-23-05-17,nmdc:bsm-11-x6051v50,EMSL 12 JORN_Ak_PRE_NotGr_NA_NA,ALL,high,ProcessedSample17_Prot
60009_Miesel_JORN_extra_01_f02_25Aug23_Pippin_WBEH-23-05-17,nmdc:bsm-11-x6051v50,EMSL 12 JORN_Ak_PRE_NotGr_NA_NA,ALL,high,ProcessedSample18_Prot
60009_Miesel_JORN_extra_01_f03_25Aug23_Pippin_WBEH-23-05-17,nmdc:bsm-11-x6051v50,EMSL 12 JORN_Ak_PRE_NotGr_NA_NA,ALL,high,ProcessedSample19_Prot
60009_Miesel_JORN_extra_01_f04_25Aug23_Pippin_WBEH-23-05-17,nmdc:bsm-11-x6051v50,EMSL 12 JORN_Ak_PRE_NotGr_NA_NA,ALL,high,ProcessedSample20_Prot
60009_Miesel_JORN_extra_01_f05_25Aug23_Pippin_WBEH-23-05-17,nmdc:bsm-11-x6051v50,EMSL 12 JORN_Ak_PRE_NotGr_NA_NA,ALL,high,ProcessedSample21_Prot
60009_Miesel_JORN_extra_01_f06_25Aug23_Pippin_WBEH-23-05-17,nmdc:bsm-11-x6051v50,EMSL 12 JORN_Ak_PRE_NotGr_NA_NA,ALL,high,ProcessedSample22_Prot
60009_Miesel_JORN_extra_01_KCL_f01_06Sep23_Pippin_WBEH-23-05-17,nmdc:bsm-11-x6051v50,EMSL 12 JORN_Ak_PRE_NotGr_NA_NA,ALL,high,ProcessedSample23_Prot
60009_Miesel_JORN_extra_01_KCL_f02_06Sep23_Pippin_WBEH-23-05-17,nmdc:bsm-11-x6051v50,EMSL 12 JORN_Ak_PRE_NotGr_NA_NA,ALL,high,ProcessedSample24_Prot
60009_Miesel_JORN_extra_01_KCL_f03_06Sep23_Pippin_WBEH-23-05-17,nmdc:bsm-11-x6051v50,EMSL 12 JORN_Ak_PRE_NotGr_NA_NA,ALL,high,ProcessedSample25_Prot
60009_Miesel_JORN_extra_01_KCL_f04_06Sep23_Pippin_WBEH-23-05-17,nmdc:bsm-11-x6051v50,EMSL 12 JORN_Ak_PRE_NotGr_NA_NA,ALL,high,ProcessedSample26_Prot
60009_Miesel_JORN_extra_01_KCL_f05_06Sep23_Pippin_WBEH-23-05-17,nmdc:bsm-11-x6051v50,EMSL 12 JORN_Ak_PRE_NotGr_NA_NA,ALL,high,ProcessedSample27_Prot
60009_Miesel_JORN_extra_01_KCL_f06_06Sep23_Pippin_WBEH-23-05-17,nmdc:bsm-11-x6051v50,EMSL 12 JORN_Ak_PRE_NotGr_NA_NA,ALL,high,ProcessedSample28_Prot
60009_Miesel_JORN_whole_01_30Sep23_Pippin_WBEH-23-05-17,nmdc:bsm-11-x6051v50,EMSL 12 JORN_Ak_PRE_NotGr_NA_NA,ALL,high,ProcessedSample7_Prot
60009_Miesel_KONZ_11_Pro_f01_22Jun23_Arwen_WBEH-23-03-03,nmdc:bsm-11-czpa0a23,EMSL 13 KONZ_A1_PRE_NotGr_NA_NA,ALL,high,ProcessedSample8_Prot
60009_Miesel_KONZ_11_Pro_f02_22Jun23_Arwen_WBEH-23-03-03,nmdc:bsm-11-czpa0a23,EMSL 13 KONZ_A1_PRE_NotGr_NA_NA,ALL,high,ProcessedSample9_Prot
60009_Miesel_KONZ_11_Pro_f03_22Jun23_Arwen_WBEH-23-03-03,nmdc:bsm-11-czpa0a23,EMSL 13 KONZ_A1_PRE_NotGr_NA_NA,ALL,high,ProcessedSample10_Prot
60009_Miesel_KONZ_11_Pro_f04_22Jun23_Arwen_WBEH-23-03-03,nmdc:bsm-11-czpa0a23,EMSL 13 KONZ_A1_PRE_NotGr_NA_NA,ALL,high,ProcessedSample11_Prot
60009_Miesel_KONZ_11_Pro_f05_22Jun23_Arwen_WBEH-23-03-03,nmdc:bsm-11-czpa0a23,EMSL 13 KONZ_A1_PRE_NotGr_NA_NA,ALL,high,ProcessedSample12_Prot
60009_Miesel_KONZ_11_Pro_f06_22Jun23_Arwen_WBEH-23-03-03,nmdc:bsm-11-czpa0a23,EMSL 13 KONZ_A1_PRE_NotGr_NA_NA,ALL,high,ProcessedSample13_Prot
60009_Miesel_KONZ_whole_11_30Sep23_Pippin_WBEH-23-05-17,nmdc:bsm-11-czpa0a23,EMSL 13 KONZ_A1_PRE_NotGr_NA_NA,ALL,high,ProcessedSample7_Prot
60009_Miesel_MLBS_24_Pro_f01_4July23_Arwen_WBEH-23-03-03,nmdc:bsm-11-kypvs876,EMSL 14 MLBS_A_PRE_NotGr_NA_NA,ALL,high,ProcessedSample8_Prot
60009_Miesel_MLBS_24_Pro_f02_4July23_Arwen_WBEH-23-03-03,nmdc:bsm-11-kypvs876,EMSL 14 MLBS_A_PRE_NotGr_NA_NA,ALL,high,ProcessedSample9_Prot
60009_Miesel_MLBS_24_Pro_f03_4July23_Arwen_WBEH-23-03-03,nmdc:bsm-11-kypvs876,EMSL 14 MLBS_A_PRE_NotGr_NA_NA,ALL,high,ProcessedSample10_Prot
60009_Miesel_MLBS_24_Pro_f04_4July23_Arwen_WBEH-23-03-03,nmdc:bsm-11-kypvs876,EMSL 14 MLBS_A_PRE_NotGr_NA_NA,ALL,high,ProcessedSample11_Prot
60009_Miesel_MLBS_24_Pro_f05_4July23_Arwen_WBEH-23-03-03,nmdc:bsm-11-kypvs876,EMSL 14 MLBS_A_PRE_NotGr_NA_NA,ALL,high,ProcessedSample12_Prot
60009_Miesel_MLBS_24_Pro_f06_4July23_Arwen_WBEH-23-03-03,nmdc:bsm-11-kypvs876,EMSL 14 MLBS_A_PRE_NotGr_NA_NA,ALL,high,ProcessedSample13_Prot
60009_Miesel_MLBS_whole_24_02Oct23_Pippin_WBEH-23-05-17,nmdc:bsm-11-kypvs876,EMSL 14 MLBS_A_PRE_NotGr_NA_NA,ALL,high,ProcessedSample7_Prot
60009_Miesel_MOAB_02_Pro_f01_12Jun23_Arwen_WBEH-unknown,nmdc:bsm-11-37ythp65,EMSL 15 MOAB_A_PRE_NotGr_NA_NA,ALL,high,ProcessedSample8_Prot
60009_Miesel_MOAB_02_Pro_f02_12Jun23_Arwen_WBEH-unknown,nmdc:bsm-11-37ythp65,EMSL 15 MOAB_A_PRE_NotGr_NA_NA,ALL,high,ProcessedSample9_Prot
60009_Miesel_MOAB_02_Pro_f03_12Jun23_Arwen_WBEH-unknown,nmdc:bsm-11-37ythp65,EMSL 15 MOAB_A_PRE_NotGr_NA_NA,ALL,high,ProcessedSample10_Prot
60009_Miesel_MOAB_02_Pro_f04_12Jun23_Arwen_WBEH-unknown,nmdc:bsm-11-37ythp65,EMSL 15 MOAB_A_PRE_NotGr_NA_NA,ALL,high,ProcessedSample11_Prot
60009_Miesel_MOAB_02_Pro_f05_12Jun23_Arwen_WBEH-unknown,nmdc:bsm-11-37ythp65,EMSL 15 MOAB_A_PRE_NotGr_NA_NA,ALL,high,ProcessedSample12_Prot
60009_Miesel_MOAB_02_Pro_f06_12Jun23_Arwen_WBEH-unknown,nmdc:bsm-11-37ythp65,EMSL 15 MOAB_A_PRE_NotGr_NA_NA,ALL,high,ProcessedSample13_Prot
60009_Miesel_MOAB_extra_02_f01_25Aug23_Pippin_WBEH-23-05-17,nmdc:bsm-11-37ythp65,EMSL 15 MOAB_A_PRE_NotGr_NA_NA,ALL,high,ProcessedSample17_Prot
60009_Miesel_MOAB_extra_02_f02_25Aug23_Pippin_WBEH-23-05-17,nmdc:bsm-11-37ythp65,EMSL 15 MOAB_A_PRE_NotGr_NA_NA,ALL,high,ProcessedSample18_Prot
60009_Miesel_MOAB_extra_02_f03_25Aug23_Pippin_WBEH-23-05-17,nmdc:bsm-11-37ythp65,EMSL 15 MOAB_A_PRE_NotGr_NA_NA,ALL,high,ProcessedSample19_Prot
60009_Miesel_MOAB_extra_02_f04_25Aug23_Pippin_WBEH-23-05-17,nmdc:bsm-11-37ythp65,EMSL 15 MOAB_A_PRE_NotGr_NA_NA,ALL,high,ProcessedSample20_Prot
60009_Miesel_MOAB_extra_02_f05_25Aug23_Pippin_WBEH-23-05-17,nmdc:bsm-11-37ythp65,EMSL 15 MOAB_A_PRE_NotGr_NA_NA,ALL,high,ProcessedSample21_Prot
60009_Miesel_MOAB_extra_02_f06_25Aug23_Pippin_WBEH-23-05-17,nmdc:bsm-11-37ythp65,EMSL 15 MOAB_A_PRE_NotGr_NA_NA,ALL,high,ProcessedSample22_Prot
60009_Miesel_MOAB_extra_02_KCL_f01_06Sep23_Pippin_WBEH-23-05-17,nmdc:bsm-11-37ythp65,EMSL 15 MOAB_A_PRE_NotGr_NA_NA,ALL,high,ProcessedSample23_Prot
60009_Miesel_MOAB_extra_02_KCL_f02_06Sep23_Pippin_WBEH-23-05-17,nmdc:bsm-11-37ythp65,EMSL 15 MOAB_A_PRE_NotGr_NA_NA,ALL,high,ProcessedSample24_Prot
60009_Miesel_MOAB_extra_02_KCL_f03_06Sep23_Pippin_WBEH-23-05-17,nmdc:bsm-11-37ythp65,EMSL 15 MOAB_A_PRE_NotGr_NA_NA,ALL,high,ProcessedSample25_Prot
60009_Miesel_MOAB_extra_02_KCL_f04_06Sep23_Pippin_WBEH-23-05-17,nmdc:bsm-11-37ythp65,EMSL 15 MOAB_A_PRE_NotGr_NA_NA,ALL,high,ProcessedSample26_Prot
60009_Miesel_MOAB_extra_02_KCL_f05_06Sep23_Pippin_WBEH-23-05-17,nmdc:bsm-11-37ythp65,EMSL 15 MOAB_A_PRE_NotGr_NA_NA,ALL,high,ProcessedSample27_Prot
60009_Miesel_MOAB_extra_02_KCL_f06_06Sep23_Pippin_WBEH-23-05-17,nmdc:bsm-11-37ythp65,EMSL 15 MOAB_A_PRE_NotGr_NA_NA,ALL,high,ProcessedSample28_Prot
60009_Miesel_MOAB_whole_02_30Sep23_Pippin_WBEH-23-05-17,nmdc:bsm-11-37ythp65,EMSL 15 MOAB_A_PRE_NotGr_NA_NA,ALL,high,ProcessedSample7_Prot
60009_Miesel_NGPR_12_Pro_f01_22Jun23_Arwen_WBEH-23-03-03,nmdc:bsm-11-z2299p05,EMSL 16 NGPR_A_PRE_NotGr_NA_NA,ALL,high,ProcessedSample8_Prot
60009_Miesel_NGPR_12_Pro_f02_22Jun23_Arwen_WBEH-23-03-03,nmdc:bsm-11-z2299p05,EMSL 16 NGPR_A_PRE_NotGr_NA_NA,ALL,high,ProcessedSample9_Prot
60009_Miesel_NGPR_12_Pro_f03_22Jun23_Arwen_WBEH-23-03-03,nmdc:bsm-11-z2299p05,EMSL 16 NGPR_A_PRE_NotGr_NA_NA,ALL,high,ProcessedSample10_Prot
60009_Miesel_NGPR_12_Pro_f04_22Jun23_Arwen_WBEH-23-03-03,nmdc:bsm-11-z2299p05,EMSL 16 NGPR_A_PRE_NotGr_NA_NA,ALL,high,ProcessedSample11_Prot
60009_Miesel_NGPR_12_Pro_f05_22Jun23_Arwen_WBEH-23-03-03,nmdc:bsm-11-z2299p05,EMSL 16 NGPR_A_PRE_NotGr_NA_NA,ALL,high,ProcessedSample12_Prot
60009_Miesel_NGPR_12_Pro_f06_22Jun23_Arwen_WBEH-23-03-03,nmdc:bsm-11-z2299p05,EMSL 16 NGPR_A_PRE_NotGr_NA_NA,ALL,high,ProcessedSample13_Prot
60009_Miesel_NGPR_whole_12_30Sep23_Pippin_WBEH-23-05-17,nmdc:bsm-11-z2299p05,EMSL 16 NGPR_A_PRE_NotGr_NA_NA,ALL,high,ProcessedSample7_Prot
60009_Miesel_NIWO_23_Pro_f01_4July23_Arwen_WBEH-23-03-03,nmdc:bsm-11-188dzv79,EMSL 17 NIWO_A_PRE_NotGr_NA_NA,ALL,high,ProcessedSample8_Prot
60009_Miesel_NIWO_23_Pro_f02_4July23_Arwen_WBEH-23-03-03,nmdc:bsm-11-188dzv79,EMSL 17 NIWO_A_PRE_NotGr_NA_NA,ALL,high,ProcessedSample9_Prot
60009_Miesel_NIWO_23_Pro_f03_4July23_Arwen_WBEH-23-03-03,nmdc:bsm-11-188dzv79,EMSL 17 NIWO_A_PRE_NotGr_NA_NA,ALL,high,ProcessedSample10_Prot
60009_Miesel_NIWO_23_Pro_f04_4July23_Arwen_WBEH-23-03-03,nmdc:bsm-11-188dzv79,EMSL 17 NIWO_A_PRE_NotGr_NA_NA,ALL,high,ProcessedSample11_Prot
60009_Miesel_NIWO_23_Pro_f05_4July23_Arwen_WBEH-23-03-03,nmdc:bsm-11-188dzv79,EMSL 17 NIWO_A_PRE_NotGr_NA_NA,ALL,high,ProcessedSample12_Prot
60009_Miesel_NIWO_23_Pro_f06_4July23_Arwen_WBEH-23-03-03,nmdc:bsm-11-188dzv79,EMSL 17 NIWO_A_PRE_NotGr_NA_NA,ALL,high,ProcessedSample13_Prot
60009_Miesel_NIWO_whole_23_02Oct23_Pippin_WBEH-23-05-17,nmdc:bsm-11-188dzv79,EMSL 17 NIWO_A_PRE_NotGr_NA_NA,ALL,high,ProcessedSample7_Prot
60009_Miesel_OSBS_05_Pro_f01_16Jun23_Arwen_WBEH-unknown,nmdc:bsm-11-cxebp875,EMSL 18 OSBS_A_PRE_NotGr_NA_NA,ALL,high,ProcessedSample8_Prot
60009_Miesel_OSBS_05_Pro_f02_16Jun23_Arwen_WBEH-unknown,nmdc:bsm-11-cxebp875,EMSL 18 OSBS_A_PRE_NotGr_NA_NA,ALL,high,ProcessedSample9_Prot
60009_Miesel_OSBS_05_Pro_f03_16Jun23_Arwen_WBEH-unknown,nmdc:bsm-11-cxebp875,EMSL 18 OSBS_A_PRE_NotGr_NA_NA,ALL,high,ProcessedSample10_Prot
60009_Miesel_OSBS_05_Pro_f04_16Jun23_Arwen_WBEH-unknown,nmdc:bsm-11-cxebp875,EMSL 18 OSBS_A_PRE_NotGr_NA_NA,ALL,high,ProcessedSample11_Prot
60009_Miesel_OSBS_05_Pro_f05_16Jun23_Arwen_WBEH-unknown,nmdc:bsm-11-cxebp875,EMSL 18 OSBS_A_PRE_NotGr_NA_NA,ALL,high,ProcessedSample12_Prot
60009_Miesel_OSBS_05_Pro_f06_16Jun23_Arwen_WBEH-unknown,nmdc:bsm-11-cxebp875,EMSL 18 OSBS_A_PRE_NotGr_NA_NA,ALL,high,ProcessedSample13_Prot
60009_Miesel_OSBS_extra_05_KCL_f01_13Sep23_Pippin_WBEH-23-05-17,nmdc:bsm-11-cxebp875,EMSL 18 OSBS_A_PRE_NotGr_NA_NA,ALL,high,ProcessedSample23_Prot
60009_Miesel_OSBS_extra_05_KCL_f02_13Sep23_Pippin_WBEH-23-05-17,nmdc:bsm-11-cxebp875,EMSL 18 OSBS_A_PRE_NotGr_NA_NA,ALL,high,ProcessedSample24_Prot
60009_Miesel_OSBS_extra_05_KCL_f03_13Sep23_Pippin_WBEH-23-05-17,nmdc:bsm-11-cxebp875,EMSL 18 OSBS_A_PRE_NotGr_NA_NA,ALL,high,ProcessedSample25_Prot
60009_Miesel_OSBS_extra_05_KCL_f04_13Sep23_Pippin_WBEH-23-05-17,nmdc:bsm-11-cxebp875,EMSL 18 OSBS_A_PRE_NotGr_NA_NA,ALL,high,ProcessedSample26_Prot
60009_Miesel_OSBS_extra_05_KCL_f05_13Sep23_Pippin_WBEH-23-05-17,nmdc:bsm-11-cxebp875,EMSL 18 OSBS_A_PRE_NotGr_NA_NA,ALL,high,ProcessedSample27_Prot
60009_Miesel_OSBS_extra_05_KCL_f06_13Sep23_Pippin_WBEH-23-05-17,nmdc:bsm-11-cxebp875,EMSL 18 OSBS_A_PRE_NotGr_NA_NA,ALL,high,ProcessedSample28_Prot
60009_Miesel_OSBS_whole_05_30Sep23_Pippin_WBEH-23-05-17,nmdc:bsm-11-cxebp875,EMSL 18 OSBS_A_PRE_NotGr_NA_NA,ALL,high,ProcessedSample7_Prot
60009_Miesel_RMNP_10_Pro_f01_22Jun23_Arwen_WBEH-23-03-03,nmdc:bsm-11-v9e14793,EMSL 19 RMNP_A1_PRE_NotGr_NA_NA,ALL,high,ProcessedSample8_Prot
60009_Miesel_RMNP_10_Pro_f02_22Jun23_Arwen_WBEH-23-03-03,nmdc:bsm-11-v9e14793,EMSL 19 RMNP_A1_PRE_NotGr_NA_NA,ALL,high,ProcessedSample9_Prot
60009_Miesel_RMNP_10_Pro_f03_22Jun23_Arwen_WBEH-23-03-03,nmdc:bsm-11-v9e14793,EMSL 19 RMNP_A1_PRE_NotGr_NA_NA,ALL,high,ProcessedSample10_Prot
60009_Miesel_RMNP_10_Pro_f04_22Jun23_Arwen_WBEH-23-03-03,nmdc:bsm-11-v9e14793,EMSL 19 RMNP_A1_PRE_NotGr_NA_NA,ALL,high,ProcessedSample11_Prot
60009_Miesel_RMNP_10_Pro_f05_22Jun23_Arwen_WBEH-23-03-03,nmdc:bsm-11-v9e14793,EMSL 19 RMNP_A1_PRE_NotGr_NA_NA,ALL,high,ProcessedSample12_Prot
60009_Miesel_RMNP_10_Pro_f06_22Jun23_Arwen_WBEH-23-03-03,nmdc:bsm-11-v9e14793,EMSL 19 RMNP_A1_PRE_NotGr_NA_NA,ALL,high,ProcessedSample13_Prot
60009_Miesel_RMNP_whole_10_30Sep23_Pippin_WBEH-23-05-17,nmdc:bsm-11-v9e14793,EMSL 19 RMNP_A1_PRE_NotGr_NA_NA,ALL,high,ProcessedSample7_Prot
60009_Miesel_SERC_16_Pro_f01_26Jun23_Arwen_WBEH-23-03-03,nmdc:bsm-11-s5hdh733,EMSL 20 SERC_A_PRE_NotGr_NA_NA,ALL,high,ProcessedSample8_Prot
60009_Miesel_SERC_16_Pro_f02_26Jun23_Arwen_WBEH-23-03-03,nmdc:bsm-11-s5hdh733,EMSL 20 SERC_A_PRE_NotGr_NA_NA,ALL,high,ProcessedSample9_Prot
60009_Miesel_SERC_16_Pro_f03_26Jun23_Arwen_WBEH-23-03-03,nmdc:bsm-11-s5hdh733,EMSL 20 SERC_A_PRE_NotGr_NA_NA,ALL,high,ProcessedSample10_Prot
60009_Miesel_SERC_16_Pro_f04_26Jun23_Arwen_WBEH-23-03-03,nmdc:bsm-11-s5hdh733,EMSL 20 SERC_A_PRE_NotGr_NA_NA,ALL,high,ProcessedSample11_Prot
60009_Miesel_SERC_16_Pro_f05_26Jun23_Arwen_WBEH-23-03-03,nmdc:bsm-11-s5hdh733,EMSL 20 SERC_A_PRE_NotGr_NA_NA,ALL,high,ProcessedSample12_Prot
60009_Miesel_SERC_16_Pro_f06_26Jun23_Arwen_WBEH-23-03-03,nmdc:bsm-11-s5hdh733,EMSL 20 SERC_A_PRE_NotGr_NA_NA,ALL,high,ProcessedSample13_Prot
60009_Miesel_SERC_whole_16_02Oct23_Pippin_WBEH-23-05-17,nmdc:bsm-11-s5hdh733,EMSL 20 SERC_A_PRE_NotGr_NA_NA,ALL,high,ProcessedSample7_Prot
60009_Miesel_SJER_03_Pro_f01_12Jun23_Arwen_WBEH-unknown,nmdc:bsm-11-bbsdg778,EMSL 21 SJER_A_PRE_NotGr_NA_NA,ALL,high,ProcessedSample8_Prot
60009_Miesel_SJER_03_Pro_f02_12Jun23_Arwen_WBEH-unknown,nmdc:bsm-11-bbsdg778,EMSL 21 SJER_A_PRE_NotGr_NA_NA,ALL,high,ProcessedSample9_Prot
60009_Miesel_SJER_03_Pro_f03_12Jun23_Arwen_WBEH-unknown,nmdc:bsm-11-bbsdg778,EMSL 21 SJER_A_PRE_NotGr_NA_NA,ALL,high,ProcessedSample10_Prot
60009_Miesel_SJER_03_Pro_f04_12Jun23_Arwen_WBEH-unknown,nmdc:bsm-11-bbsdg778,EMSL 21 SJER_A_PRE_NotGr_NA_NA,ALL,high,ProcessedSample11_Prot
60009_Miesel_SJER_03_Pro_f05_12Jun23_Arwen_WBEH-unknown,nmdc:bsm-11-bbsdg778,EMSL 21 SJER_A_PRE_NotGr_NA_NA,ALL,high,ProcessedSample12_Prot
60009_Miesel_SJER_03_Pro_f06_12Jun23_Arwen_WBEH-unknown,nmdc:bsm-11-bbsdg778,EMSL 21 SJER_A_PRE_NotGr_NA_NA,ALL,high,ProcessedSample13_Prot
60009_Miesel_SJER_extra_03_f01_25Aug23_Pippin_WBEH-23-05-17,nmdc:bsm-11-bbsdg778,EMSL 21 SJER_A_PRE_NotGr_NA_NA,ALL,high,ProcessedSample17_Prot
60009_Miesel_SJER_extra_03_f02_25Aug23_Pippin_WBEH-23-05-17,nmdc:bsm-11-bbsdg778,EMSL 21 SJER_A_PRE_NotGr_NA_NA,ALL,high,ProcessedSample18_Prot
60009_Miesel_SJER_extra_03_f03_25Aug23_Pippin_WBEH-23-05-17,nmdc:bsm-11-bbsdg778,EMSL 21 SJER_A_PRE_NotGr_NA_NA,ALL,high,ProcessedSample19_Prot
60009_Miesel_SJER_extra_03_f04_25Aug23_Pippin_WBEH-23-05-17,nmdc:bsm-11-bbsdg778,EMSL 21 SJER_A_PRE_NotGr_NA_NA,ALL,high,ProcessedSample20_Prot
60009_Miesel_SJER_extra_03_f05_25Aug23_Pippin_WBEH-23-05-17,nmdc:bsm-11-bbsdg778,EMSL 21 SJER_A_PRE_NotGr_NA_NA,ALL,high,ProcessedSample21_Prot
60009_Miesel_SJER_extra_03_f06_25Aug23_Pippin_WBEH-23-05-17,nmdc:bsm-11-bbsdg778,EMSL 21 SJER_A_PRE_NotGr_NA_NA,ALL,high,ProcessedSample22_Prot
60009_Miesel_SJER_extra_03_KCL_f01_06Sep23_Pippin_WBEH-23-05-17,nmdc:bsm-11-bbsdg778,EMSL 21 SJER_A_PRE_NotGr_NA_NA,ALL,high,ProcessedSample23_Prot
60009_Miesel_SJER_extra_03_KCL_f02_06Sep23_Pippin_WBEH-23-05-17,nmdc:bsm-11-bbsdg778,EMSL 21 SJER_A_PRE_NotGr_NA_NA,ALL,high,ProcessedSample24_Prot
60009_Miesel_SJER_extra_03_KCL_f03_06Sep23_Pippin_WBEH-23-05-17,nmdc:bsm-11-bbsdg778,EMSL 21 SJER_A_PRE_NotGr_NA_NA,ALL,high,ProcessedSample25_Prot
60009_Miesel_SJER_extra_03_KCL_f04_06Sep23_Pippin_WBEH-23-05-17,nmdc:bsm-11-bbsdg778,EMSL 21 SJER_A_PRE_NotGr_NA_NA,ALL,high,ProcessedSample26_Prot
60009_Miesel_SJER_extra_03_KCL_f05_06Sep23_Pippin_WBEH-23-05-17,nmdc:bsm-11-bbsdg778,EMSL 21 SJER_A_PRE_NotGr_NA_NA,ALL,high,ProcessedSample27_Prot
60009_Miesel_SJER_extra_03_KCL_f06_06Sep23_Pippin_WBEH-23-05-17,nmdc:bsm-11-bbsdg778,EMSL 21 SJER_A_PRE_NotGr_NA_NA,ALL,high,ProcessedSample28_Prot
60009_Miesel_SJER_whole_03_30Sep23_Pippin_WBEH-23-05-17,nmdc:bsm-11-bbsdg778,EMSL 21 SJER_A_PRE_NotGr_NA_NA,ALL,high,ProcessedSample7_Prot
60009_Miesel_SOAP_14_Pro_f01_26Jun23_Arwen_WBEH-23-03-03,nmdc:bsm-11-zz785q05,EMSL 22 SOAP_A_PRE_NotGr_NA_NA,ALL,high,ProcessedSample8_Prot
60009_Miesel_SOAP_14_Pro_f02_26Jun23_Arwen_WBEH-23-03-03,nmdc:bsm-11-zz785q05,EMSL 22 SOAP_A_PRE_NotGr_NA_NA,ALL,high,ProcessedSample9_Prot
60009_Miesel_SOAP_14_Pro_f03_26Jun23_Arwen_WBEH-23-03-03,nmdc:bsm-11-zz785q05,EMSL 22 SOAP_A_PRE_NotGr_NA_NA,ALL,high,ProcessedSample10_Prot
60009_Miesel_SOAP_14_Pro_f04_26Jun23_Arwen_WBEH-23-03-03,nmdc:bsm-11-zz785q05,EMSL 22 SOAP_A_PRE_NotGr_NA_NA,ALL,high,ProcessedSample11_Prot
60009_Miesel_SOAP_14_Pro_f05_26Jun23_Arwen_WBEH-23-03-03,nmdc:bsm-11-zz785q05,EMSL 22 SOAP_A_PRE_NotGr_NA_NA,ALL,high,ProcessedSample12_Prot
60009_Miesel_SOAP_14_Pro_f06_26Jun23_Arwen_WBEH-23-03-03,nmdc:bsm-11-zz785q05,EMSL 22 SOAP_A_PRE_NotGr_NA_NA,ALL,high,ProcessedSample13_Prot
60009_Miesel_SOAP_whole_14_30Sep23_Pippin_WBEH-23-05-17,nmdc:bsm-11-zz785q05,EMSL 22 SOAP_A_PRE_NotGr_NA_NA,ALL,high,ProcessedSample7_Prot
60009_Miesel_STEI_18_Pro_f01_30Jun23_Arwen_WBEH-23-03-03,nmdc:bsm-11-m7137540,EMSL 23 STEI_A1_PRE_NotGr_NA_NA,ALL,high,ProcessedSample8_Prot
60009_Miesel_STEI_18_Pro_f02_30Jun23_Arwen_WBEH-23-03-03,nmdc:bsm-11-m7137540,EMSL 23 STEI_A1_PRE_NotGr_NA_NA,ALL,high,ProcessedSample9_Prot
60009_Miesel_STEI_18_Pro_f03_30Jun23_Arwen_WBEH-23-03-03,nmdc:bsm-11-m7137540,EMSL 23 STEI_A1_PRE_NotGr_NA_NA,ALL,high,ProcessedSample10_Prot
60009_Miesel_STEI_18_Pro_f04_30Jun23_Arwen_WBEH-23-03-03,nmdc:bsm-11-m7137540,EMSL 23 STEI_A1_PRE_NotGr_NA_NA,ALL,high,ProcessedSample11_Prot
60009_Miesel_STEI_18_Pro_f05_30Jun23_Arwen_WBEH-23-03-03,nmdc:bsm-11-m7137540,EMSL 23 STEI_A1_PRE_NotGr_NA_NA,ALL,high,ProcessedSample12_Prot
60009_Miesel_STEI_18_Pro_f06_30Jun23_Arwen_WBEH-23-03-03,nmdc:bsm-11-m7137540,EMSL 23 STEI_A1_PRE_NotGr_NA_NA,ALL,high,ProcessedSample13_Prot
60009_Miesel_STEI_whole_18_02Oct23_Pippin_WBEH-23-05-17,nmdc:bsm-11-m7137540,EMSL 23 STEI_A1_PRE_NotGr_NA_NA,ALL,high,ProcessedSample7_Prot
60009_Miesel_TALL_15_Pro_f01_26Jun23_Arwen_WBEH-23-03-03,nmdc:bsm-11-t7eq2555,EMSL 24 TALL_A1_PRE_NotGr_NA_NA,ALL,high,ProcessedSample8_Prot
60009_Miesel_TALL_15_Pro_f02_26Jun23_Arwen_WBEH-23-03-03,nmdc:bsm-11-t7eq2555,EMSL 24 TALL_A1_PRE_NotGr_NA_NA,ALL,high,ProcessedSample9_Prot
60009_Miesel_TALL_15_Pro_f03_26Jun23_Arwen_WBEH-23-03-03,nmdc:bsm-11-t7eq2555,EMSL 24 TALL_A1_PRE_NotGr_NA_NA,ALL,high,ProcessedSample10_Prot
60009_Miesel_TALL_15_Pro_f04_26Jun23_Arwen_WBEH-23-03-03,nmdc:bsm-11-t7eq2555,EMSL 24 TALL_A1_PRE_NotGr_NA_NA,ALL,high,ProcessedSample11_Prot
60009_Miesel_TALL_15_Pro_f05_26Jun23_Arwen_WBEH-23-03-03,nmdc:bsm-11-t7eq2555,EMSL 24 TALL_A1_PRE_NotGr_NA_NA,ALL,high,ProcessedSample12_Prot
60009_Miesel_TALL_15_Pro_f06_26Jun23_Arwen_WBEH-23-03-03,nmdc:bsm-11-t7eq2555,EMSL 24 TALL_A1_PRE_NotGr_NA_NA,ALL,high,ProcessedSample13_Prot
60009_Miesel_TALL_whole_15_02Oct23_Pippin_WBEH-23-05-17,nmdc:bsm-11-t7eq2555,EMSL 24 TALL_A1_PRE_NotGr_NA_NA,ALL,high,ProcessedSample7_Prot
60009_Miesel_TREE_17_Pro_f01_30Jun23_Arwen_WBEH-23-03-03,nmdc:bsm-11-5pr0md39,EMSL 25 TREE_A1_PRE_NotGr_NA_NA,ALL,high,ProcessedSample8_Prot
60009_Miesel_TREE_17_Pro_f02_30Jun23_Arwen_WBEH-23-03-03,nmdc:bsm-11-5pr0md39,EMSL 25 TREE_A1_PRE_NotGr_NA_NA,ALL,high,ProcessedSample9_Prot
60009_Miesel_TREE_17_Pro_f03_30Jun23_Arwen_WBEH-23-03-03,nmdc:bsm-11-5pr0md39,EMSL 25 TREE_A1_PRE_NotGr_NA_NA,ALL,high,ProcessedSample10_Prot
60009_Miesel_TREE_17_Pro_f04_30Jun23_Arwen_WBEH-23-03-03,nmdc:bsm-11-5pr0md39,EMSL 25 TREE_A1_PRE_NotGr_NA_NA,ALL,high,ProcessedSample11_Prot
60009_Miesel_TREE_17_Pro_f05_30Jun23_Arwen_WBEH-23-03-03,nmdc:bsm-11-5pr0md39,EMSL 25 TREE_A1_PRE_NotGr_NA_NA,ALL,high,ProcessedSample12_Prot
60009_Miesel_TREE_17_Pro_f06_30Jun23_Arwen_WBEH-23-03-03,nmdc:bsm-11-5pr0md39,EMSL 25 TREE_A1_PRE_NotGr_NA_NA,ALL,high,ProcessedSample13_Prot
60009_Miesel_TREE_whole_17_02Oct23_Pippin_WBEH-23-05-17,nmdc:bsm-11-5pr0md39,EMSL 25 TREE_A1_PRE_NotGr_NA_NA,ALL,high,ProcessedSample7_Prot
60009_Miesel_UNDE_13_Pro_f01_26Jun23_Arwen_WBEH-23-03-03,nmdc:bsm-11-3tk5be27,EMSL 26 UNDE_A_PRE_NotGr_NA_NA,ALL,high,ProcessedSample8_Prot
60009_Miesel_UNDE_13_Pro_f02_26Jun23_Arwen_WBEH-23-03-03,nmdc:bsm-11-3tk5be27,EMSL 26 UNDE_A_PRE_NotGr_NA_NA,ALL,high,ProcessedSample9_Prot
60009_Miesel_UNDE_13_Pro_f03_26Jun23_Arwen_WBEH-23-03-03,nmdc:bsm-11-3tk5be27,EMSL 26 UNDE_A_PRE_NotGr_NA_NA,ALL,high,ProcessedSample10_Prot
60009_Miesel_UNDE_13_Pro_f04_26Jun23_Arwen_WBEH-23-03-03,nmdc:bsm-11-3tk5be27,EMSL 26 UNDE_A_PRE_NotGr_NA_NA,ALL,high,ProcessedSample11_Prot
60009_Miesel_UNDE_13_Pro_f05_26Jun23_Arwen_WBEH-23-03-03,nmdc:bsm-11-3tk5be27,EMSL 26 UNDE_A_PRE_NotGr_NA_NA,ALL,high,ProcessedSample12_Prot
60009_Miesel_UNDE_13_Pro_f06_26Jun23_Arwen_WBEH-23-03-03,nmdc:bsm-11-3tk5be27,EMSL 26 UNDE_A_PRE_NotGr_NA_NA,ALL,high,ProcessedSample13_Prot
60009_Miesel_UNDE_whole_13_30Sep23_Pippin_WBEH-23-05-17,nmdc:bsm-11-3tk5be27,EMSL 26 UNDE_A_PRE_NotGr_NA_NA,ALL,high,ProcessedSample7_Prot
60009_Miesel_WREF_19_Pro_f01_30Jun23_Arwen_WBEH-23-03-03,nmdc:bsm-11-81nkhg93,EMSL 27 WREF_A1_PRE_NotGr_NA_NA,ALL,high,ProcessedSample8_Prot
60009_Miesel_WREF_19_Pro_f02_30Jun23_Arwen_WBEH-23-03-03,nmdc:bsm-11-81nkhg93,EMSL 27 WREF_A1_PRE_NotGr_NA_NA,ALL,high,ProcessedSample9_Prot
60009_Miesel_WREF_19_Pro_f03_30Jun23_Arwen_WBEH-23-03-03,nmdc:bsm-11-81nkhg93,EMSL 27 WREF_A1_PRE_NotGr_NA_NA,ALL,high,ProcessedSample10_Prot
60009_Miesel_WREF_19_Pro_f04_30Jun23_Arwen_WBEH-23-03-03,nmdc:bsm-11-81nkhg93,EMSL 27 WREF_A1_PRE_NotGr_NA_NA,ALL,high,ProcessedSample11_Prot
60009_Miesel_WREF_19_Pro_f05_30Jun23_Arwen_WBEH-23-03-03,nmdc:bsm-11-81nkhg93,EMSL 27 WREF_A1_PRE_NotGr_NA_NA,ALL,high,ProcessedSample12_Prot
60009_Miesel_WREF_19_Pro_f06_30Jun23_Arwen_WBEH-23-03-03,nmdc:bsm-11-81nkhg93,EMSL 27 WREF_A1_PRE_NotGr_NA_NA,ALL,high,ProcessedSample13_Prot
60009_Miesel_WREF_whole_19_02Oct23_Pippin_WBEH-23-05-17,nmdc:bsm-11-81nkhg93,EMSL 27 WREF_A1_PRE_NotGr_NA_NA,ALL,high,ProcessedSample7_Prot
,,Miesel_60009_QC_SRFAII_20ppm_10Feb23_Fir_300SA_IATp01_9585.d,,,calibrant
,,Miesel_60009_QC_SRFAII_20ppm_10Feb23_Fir_300SA_IATp01_9617.d,,,calibrant
,,Miesel_60009_QC_SRFAII_20ppm_10Feb23_Fir_300SA_IATp01_9645.d,,,calibrant
,,Miesel_60009_QC_SRFAII_20ppm_30Jan23_Fir_300SA_IATp01_9234.d,,,calibrant
,,Miesel_60009_QC_SRFAII_20ppm_30Jan23_Fir_300SA_IATp01_9235.d,,,calibrant
,,Miesel_60009_QC_SRFAII_20ppm_30Jan23_Fir_300SA_IATp01_9266.d,,,calibrant
,,Miesel_60009_QC_SRFAII_20ppm_30Jan23_Fir_300SA_IATp01_9296.d,,,calibrant
,,Miesel_60009_QC_SRFAII_20ppm_30Jan23_Fir_300SA_IATp01_9328.d,,,calibrant
,,Miesel_60009_QC_SRFAII_20ppm_30Jan23_Fir_300SA_IATp01_9360.d,,,calibrant
,,Miesel_60009_QC_SRFAII_20ppm_30Jan23_Fir_300SA_IATp01_9389.d,,,calibrant
,,Miesel_60009_QC_SRFAII_20ppm_r1_26Jan23_Alder_300SA_IATp01_8982.d,,,calibrant
,,Miesel_60009_QC_SRFAII_20ppm_r1_26Jan23_Alder_300SA_IATp01_8983.d,,,calibrant
,,Miesel_60009_QC_SRFAII_20ppm_r1_26Jan23_Alder_300SA_IATp01_9014.d,,,calibrant
,,Miesel_60009_QC_SRFAII_20ppm_r1_26Jan23_Alder_300SA_IATp01_9044.d,,,calibrant
,,Miesel_60009_QC_SRFAII_20ppm_r1_26Jan23_Alder_300SA_IATp01_9075.d,,,calibrant
,,Miesel_60009_QC_SRFAII_20ppm_r1_26Jan23_Alder_300SA_IATp01_9076.d,,,calibrant
,,Miesel_60009_QC_SRFAII_20ppm_r2_28Jan23_Fir_300SA_IATp01_9108.d,,,calibrant
,,Miesel_60009_QC_SRFAII_20ppm_r2_28Jan23_Fir_300SA_IATp01_9140.d,,,calibrant
,,Miesel_60009_QC_SRFAII_20ppm_r2_28Jan23_Fir_300SA_IATp01_9168.d,,,calibrant
